INSERT INTO RCV_DM_TKHAI (MA, TEN, KIEU_KY, PHIEN_BAN, START_DATE, END_DATE) VALUES ('95_BCTC', 'BCTC theo Q?5/NHNN', 'Y', '320', TIMESTAMP '1900-01-01 00:00:00', null);
INSERT INTO RCV_DM_TKHAI (MA, TEN, KIEU_KY, PHIEN_BAN, START_DATE, END_DATE) VALUES ('95_01_CDKT', 'B? C? K? Q? HO? ?G S? XU? KINH DOANH', 'Y', '320', TIMESTAMP '1900-01-01 00:00:00', null);
INSERT INTO RCV_DM_TKHAI (MA, TEN, KIEU_KY, PHIEN_BAN, START_DATE, END_DATE) VALUES ('95_02_SXKD', 'B? C? K? Q? HO? ?G S? XU? KINH DOANH', 'Y', '320', TIMESTAMP '1900-01-01 00:00:00', null);
INSERT INTO RCV_DM_TKHAI (MA, TEN, KIEU_KY, PHIEN_BAN, START_DATE, END_DATE) VALUES ('95_03_LCTTTT', 'L? CHUY? TI? T?(THEO PH?NG PH? TR? TI?)', 'Y', '320', TIMESTAMP '1900-01-01 00:00:00', null);
INSERT INTO RCV_DM_TKHAI (MA, TEN, KIEU_KY, PHIEN_BAN, START_DATE, END_DATE) VALUES ('95_04_LCTTGT', 'L? CHUY? TI? T?(THEO PH?NG PH? GI? TI?)', 'Y', '320', TIMESTAMP '1900-01-01 00:00:00', null);

--giao dien: 95_01_CDKT
--------------------------------------
INSERT INTO RCV_GDIEN_TKHAI (ID, TEN_CTIEU, COT_01, COT_02, COT_03, COT_04, COT_05, COT_06, COT_07, COT_08, COT_09, COT_10, COT_11, SO_TT, LOAI_DLIEU, MA_CTIEU, COT_12, COT_13, COT_14, COT_15, COT_16, COT_17, COT_18, COT_19, COT_20, COT_21, COT_22, COT_23, COT_24, COT_25, COT_26, COT_27, COT_28, COT_29, COT_30, COT_31, COT_32, COT_33) VALUES (7568, 'II. T?i s?n c? ?nh (220 = 221 + 224 + 227 + 230)', '85', '86', '87', null, null, null, null, null, null, null, null, 30, '95_01_CDKT', '220', null, null, null, null, null, null, null, null, null, null, null, null, null, null, null, null, null, null, null, null, null, null);
INSERT INTO RCV_GDIEN_TKHAI (ID, TEN_CTIEU, COT_01, COT_02, COT_03, COT_04, COT_05, COT_06, COT_07, COT_08, COT_09, COT_10, COT_11, SO_TT, LOAI_DLIEU, MA_CTIEU, COT_12, COT_13, COT_14, COT_15, COT_16, COT_17, COT_18, COT_19, COT_20, COT_21, COT_22, COT_23, COT_24, COT_25, COT_26, COT_27, COT_28, COT_29, COT_30, COT_31, COT_32, COT_33) VALUES (7569, '  1. T?i s?n c? ?nh h?u h?nh (221 = 222 + 223)', '88', '89', '90', null, null, null, null, null, null, null, null, 31, '95_01_CDKT', '221', null, null, null, null, null, null, null, null, null, null, null, null, null, null, null, null, null, null, null, null, null, null);
INSERT INTO RCV_GDIEN_TKHAI (ID, TEN_CTIEU, COT_01, COT_02, COT_03, COT_04, COT_05, COT_06, COT_07, COT_08, COT_09, COT_10, COT_11, SO_TT, LOAI_DLIEU, MA_CTIEU, COT_12, COT_13, COT_14, COT_15, COT_16, COT_17, COT_18, COT_19, COT_20, COT_21, COT_22, COT_23, COT_24, COT_25, COT_26, COT_27, COT_28, COT_29, COT_30, COT_31, COT_32, COT_33) VALUES (7570, '      - Nguy?n gi?', '91', '92', '93', null, null, null, null, null, null, null, null, 32, '95_01_CDKT', '222', null, null, null, null, null, null, null, null, null, null, null, null, null, null, null, null, null, null, null, null, null, null);
INSERT INTO RCV_GDIEN_TKHAI (ID, TEN_CTIEU, COT_01, COT_02, COT_03, COT_04, COT_05, COT_06, COT_07, COT_08, COT_09, COT_10, COT_11, SO_TT, LOAI_DLIEU, MA_CTIEU, COT_12, COT_13, COT_14, COT_15, COT_16, COT_17, COT_18, COT_19, COT_20, COT_21, COT_22, COT_23, COT_24, COT_25, COT_26, COT_27, COT_28, COT_29, COT_30, COT_31, COT_32, COT_33) VALUES (7571, '      - Gi? tr? hao m?n lu? k? (*)', '94', '95', '96', null, null, null, null, null, null, null, null, 33, '95_01_CDKT', '223', null, null, null, null, null, null, null, null, null, null, null, null, null, null, null, null, null, null, null, null, null, null);
INSERT INTO RCV_GDIEN_TKHAI (ID, TEN_CTIEU, COT_01, COT_02, COT_03, COT_04, COT_05, COT_06, COT_07, COT_08, COT_09, COT_10, COT_11, SO_TT, LOAI_DLIEU, MA_CTIEU, COT_12, COT_13, COT_14, COT_15, COT_16, COT_17, COT_18, COT_19, COT_20, COT_21, COT_22, COT_23, COT_24, COT_25, COT_26, COT_27, COT_28, COT_29, COT_30, COT_31, COT_32, COT_33) VALUES (7572, '  2. T?i s?n c? ?nh thu? t?i ch?nh (224 = 225 + 226)', '97', '98', '99', null, null, null, null, null, null, null, null, 34, '95_01_CDKT', '224', null, null, null, null, null, null, null, null, null, null, null, null, null, null, null, null, null, null, null, null, null, null);
INSERT INTO RCV_GDIEN_TKHAI (ID, TEN_CTIEU, COT_01, COT_02, COT_03, COT_04, COT_05, COT_06, COT_07, COT_08, COT_09, COT_10, COT_11, SO_TT, LOAI_DLIEU, MA_CTIEU, COT_12, COT_13, COT_14, COT_15, COT_16, COT_17, COT_18, COT_19, COT_20, COT_21, COT_22, COT_23, COT_24, COT_25, COT_26, COT_27, COT_28, COT_29, COT_30, COT_31, COT_32, COT_33) VALUES (7573, '      - Nguy?n gi?', '100', '101', '102', null, null, null, null, null, null, null, null, 35, '95_01_CDKT', '225', null, null, null, null, null, null, null, null, null, null, null, null, null, null, null, null, null, null, null, null, null, null);
INSERT INTO RCV_GDIEN_TKHAI (ID, TEN_CTIEU, COT_01, COT_02, COT_03, COT_04, COT_05, COT_06, COT_07, COT_08, COT_09, COT_10, COT_11, SO_TT, LOAI_DLIEU, MA_CTIEU, COT_12, COT_13, COT_14, COT_15, COT_16, COT_17, COT_18, COT_19, COT_20, COT_21, COT_22, COT_23, COT_24, COT_25, COT_26, COT_27, COT_28, COT_29, COT_30, COT_31, COT_32, COT_33) VALUES (7574, '      - Gi? tr? hao m?n lu? k? (*)', '103', '104', '105', null, null, null, null, null, null, null, null, 36, '95_01_CDKT', '226', null, null, null, null, null, null, null, null, null, null, null, null, null, null, null, null, null, null, null, null, null, null);
INSERT INTO RCV_GDIEN_TKHAI (ID, TEN_CTIEU, COT_01, COT_02, COT_03, COT_04, COT_05, COT_06, COT_07, COT_08, COT_09, COT_10, COT_11, SO_TT, LOAI_DLIEU, MA_CTIEU, COT_12, COT_13, COT_14, COT_15, COT_16, COT_17, COT_18, COT_19, COT_20, COT_21, COT_22, COT_23, COT_24, COT_25, COT_26, COT_27, COT_28, COT_29, COT_30, COT_31, COT_32, COT_33) VALUES (7575, '  3. T?i s?n c? ?nh v? h?nh (227 = 228 + 229)', '106', '107', '108', null, null, null, null, null, null, null, null, 37, '95_01_CDKT', '227', null, null, null, null, null, null, null, null, null, null, null, null, null, null, null, null, null, null, null, null, null, null);
INSERT INTO RCV_GDIEN_TKHAI (ID, TEN_CTIEU, COT_01, COT_02, COT_03, COT_04, COT_05, COT_06, COT_07, COT_08, COT_09, COT_10, COT_11, SO_TT, LOAI_DLIEU, MA_CTIEU, COT_12, COT_13, COT_14, COT_15, COT_16, COT_17, COT_18, COT_19, COT_20, COT_21, COT_22, COT_23, COT_24, COT_25, COT_26, COT_27, COT_28, COT_29, COT_30, COT_31, COT_32, COT_33) VALUES (7576, '      - Nguy?n gi?', '109', '110', '111', null, null, null, null, null, null, null, null, 38, '95_01_CDKT', '228', null, null, null, null, null, null, null, null, null, null, null, null, null, null, null, null, null, null, null, null, null, null);
INSERT INTO RCV_GDIEN_TKHAI (ID, TEN_CTIEU, COT_01, COT_02, COT_03, COT_04, COT_05, COT_06, COT_07, COT_08, COT_09, COT_10, COT_11, SO_TT, LOAI_DLIEU, MA_CTIEU, COT_12, COT_13, COT_14, COT_15, COT_16, COT_17, COT_18, COT_19, COT_20, COT_21, COT_22, COT_23, COT_24, COT_25, COT_26, COT_27, COT_28, COT_29, COT_30, COT_31, COT_32, COT_33) VALUES (7577, '      - Gi? tr? hao m?n lu? k? (*)', '112', '113', '114', null, null, null, null, null, null, null, null, 39, '95_01_CDKT', '229', null, null, null, null, null, null, null, null, null, null, null, null, null, null, null, null, null, null, null, null, null, null);
INSERT INTO RCV_GDIEN_TKHAI (ID, TEN_CTIEU, COT_01, COT_02, COT_03, COT_04, COT_05, COT_06, COT_07, COT_08, COT_09, COT_10, COT_11, SO_TT, LOAI_DLIEU, MA_CTIEU, COT_12, COT_13, COT_14, COT_15, COT_16, COT_17, COT_18, COT_19, COT_20, COT_21, COT_22, COT_23, COT_24, COT_25, COT_26, COT_27, COT_28, COT_29, COT_30, COT_31, COT_32, COT_33) VALUES (7578, '  4. Chi ph? x?y d?ng c? b?n d? dang', '115', '116', '117', null, null, null, null, null, null, null, null, 40, '95_01_CDKT', '230', null, null, null, null, null, null, null, null, null, null, null, null, null, null, null, null, null, null, null, null, null, null);
INSERT INTO RCV_GDIEN_TKHAI (ID, TEN_CTIEU, COT_01, COT_02, COT_03, COT_04, COT_05, COT_06, COT_07, COT_08, COT_09, COT_10, COT_11, SO_TT, LOAI_DLIEU, MA_CTIEU, COT_12, COT_13, COT_14, COT_15, COT_16, COT_17, COT_18, COT_19, COT_20, COT_21, COT_22, COT_23, COT_24, COT_25, COT_26, COT_27, COT_28, COT_29, COT_30, COT_31, COT_32, COT_33) VALUES (7579, 'III. B?t ?ng s?n ?u t? (240 = 241 + 242)', '118', '119', '120', null, null, null, null, null, null, null, null, 41, '95_01_CDKT', '240', null, null, null, null, null, null, null, null, null, null, null, null, null, null, null, null, null, null, null, null, null, null);
INSERT INTO RCV_GDIEN_TKHAI (ID, TEN_CTIEU, COT_01, COT_02, COT_03, COT_04, COT_05, COT_06, COT_07, COT_08, COT_09, COT_10, COT_11, SO_TT, LOAI_DLIEU, MA_CTIEU, COT_12, COT_13, COT_14, COT_15, COT_16, COT_17, COT_18, COT_19, COT_20, COT_21, COT_22, COT_23, COT_24, COT_25, COT_26, COT_27, COT_28, COT_29, COT_30, COT_31, COT_32, COT_33) VALUES (7580, '      - Nguy?n gi?', '121', '122', '123', null, null, null, null, null, null, null, null, 42, '95_01_CDKT', '241', null, null, null, null, null, null, null, null, null, null, null, null, null, null, null, null, null, null, null, null, null, null);
INSERT INTO RCV_GDIEN_TKHAI (ID, TEN_CTIEU, COT_01, COT_02, COT_03, COT_04, COT_05, COT_06, COT_07, COT_08, COT_09, COT_10, COT_11, SO_TT, LOAI_DLIEU, MA_CTIEU, COT_12, COT_13, COT_14, COT_15, COT_16, COT_17, COT_18, COT_19, COT_20, COT_21, COT_22, COT_23, COT_24, COT_25, COT_26, COT_27, COT_28, COT_29, COT_30, COT_31, COT_32, COT_33) VALUES (7581, '      - Gi? tr? hao m?n lu? k? (*)', '124', '125', '126', null, null, null, null, null, null, null, null, 43, '95_01_CDKT', '242', null, null, null, null, null, null, null, null, null, null, null, null, null, null, null, null, null, null, null, null, null, null);
INSERT INTO RCV_GDIEN_TKHAI (ID, TEN_CTIEU, COT_01, COT_02, COT_03, COT_04, COT_05, COT_06, COT_07, COT_08, COT_09, COT_10, COT_11, SO_TT, LOAI_DLIEU, MA_CTIEU, COT_12, COT_13, COT_14, COT_15, COT_16, COT_17, COT_18, COT_19, COT_20, COT_21, COT_22, COT_23, COT_24, COT_25, COT_26, COT_27, COT_28, COT_29, COT_30, COT_31, COT_32, COT_33) VALUES (7582, 'IV. C?c kho?n ?u t? t?i ch?nh d?i h?n (250 = 251 + 252 + 258 + 259)', '127', '128', '129', null, null, null, null, null, null, null, null, 44, '95_01_CDKT', '250', null, null, null, null, null, null, null, null, null, null, null, null, null, null, null, null, null, null, null, null, null, null);
INSERT INTO RCV_GDIEN_TKHAI (ID, TEN_CTIEU, COT_01, COT_02, COT_03, COT_04, COT_05, COT_06, COT_07, COT_08, COT_09, COT_10, COT_11, SO_TT, LOAI_DLIEU, MA_CTIEU, COT_12, COT_13, COT_14, COT_15, COT_16, COT_17, COT_18, COT_19, COT_20, COT_21, COT_22, COT_23, COT_24, COT_25, COT_26, COT_27, COT_28, COT_29, COT_30, COT_31, COT_32, COT_33) VALUES (7583, '  1. ?u t? v?o c?ng ty con ', '130', '131', '132', null, null, null, null, null, null, null, null, 45, '95_01_CDKT', '251', null, null, null, null, null, null, null, null, null, null, null, null, null, null, null, null, null, null, null, null, null, null);
INSERT INTO RCV_GDIEN_TKHAI (ID, TEN_CTIEU, COT_01, COT_02, COT_03, COT_04, COT_05, COT_06, COT_07, COT_08, COT_09, COT_10, COT_11, SO_TT, LOAI_DLIEU, MA_CTIEU, COT_12, COT_13, COT_14, COT_15, COT_16, COT_17, COT_18, COT_19, COT_20, COT_21, COT_22, COT_23, COT_24, COT_25, COT_26, COT_27, COT_28, COT_29, COT_30, COT_31, COT_32, COT_33) VALUES (7584, '  2. ?u t? v?o c?ng ty li?n k?t, li?n doanh', '133', '134', '135', null, null, null, null, null, null, null, null, 46, '95_01_CDKT', '252', null, null, null, null, null, null, null, null, null, null, null, null, null, null, null, null, null, null, null, null, null, null);
INSERT INTO RCV_GDIEN_TKHAI (ID, TEN_CTIEU, COT_01, COT_02, COT_03, COT_04, COT_05, COT_06, COT_07, COT_08, COT_09, COT_10, COT_11, SO_TT, LOAI_DLIEU, MA_CTIEU, COT_12, COT_13, COT_14, COT_15, COT_16, COT_17, COT_18, COT_19, COT_20, COT_21, COT_22, COT_23, COT_24, COT_25, COT_26, COT_27, COT_28, COT_29, COT_30, COT_31, COT_32, COT_33) VALUES (7585, '  3. ?u t? ch?ng kho?n d?i h?n', '136', '137', '138', null, null, null, null, null, null, null, null, 47, '95_01_CDKT', '253', null, null, null, null, null, null, null, null, null, null, null, null, null, null, null, null, null, null, null, null, null, null);
INSERT INTO RCV_GDIEN_TKHAI (ID, TEN_CTIEU, COT_01, COT_02, COT_03, COT_04, COT_05, COT_06, COT_07, COT_08, COT_09, COT_10, COT_11, SO_TT, LOAI_DLIEU, MA_CTIEU, COT_12, COT_13, COT_14, COT_15, COT_16, COT_17, COT_18, COT_19, COT_20, COT_21, COT_22, COT_23, COT_24, COT_25, COT_26, COT_27, COT_28, COT_29, COT_30, COT_31, COT_32, COT_33) VALUES (7586, '      - Ch?ng kho?n s?n s?ng ? b?n', '139', '140', '141', null, null, null, null, null, null, null, null, 48, '95_01_CDKT', '254', null, null, null, null, null, null, null, null, null, null, null, null, null, null, null, null, null, null, null, null, null, null);
INSERT INTO RCV_GDIEN_TKHAI (ID, TEN_CTIEU, COT_01, COT_02, COT_03, COT_04, COT_05, COT_06, COT_07, COT_08, COT_09, COT_10, COT_11, SO_TT, LOAI_DLIEU, MA_CTIEU, COT_12, COT_13, COT_14, COT_15, COT_16, COT_17, COT_18, COT_19, COT_20, COT_21, COT_22, COT_23, COT_24, COT_25, COT_26, COT_27, COT_28, COT_29, COT_30, COT_31, COT_32, COT_33) VALUES (7587, '''      - Ch?ng kho?n n?m gi? ?n ng?y ?o h?n', '142', '143', '144', null, null, null, null, null, null, null, null, 49, '95_01_CDKT', '255', null, null, null, null, null, null, null, null, null, null, null, null, null, null, null, null, null, null, null, null, null, null);
INSERT INTO RCV_GDIEN_TKHAI (ID, TEN_CTIEU, COT_01, COT_02, COT_03, COT_04, COT_05, COT_06, COT_07, COT_08, COT_09, COT_10, COT_11, SO_TT, LOAI_DLIEU, MA_CTIEU, COT_12, COT_13, COT_14, COT_15, COT_16, COT_17, COT_18, COT_19, COT_20, COT_21, COT_22, COT_23, COT_24, COT_25, COT_26, COT_27, COT_28, COT_29, COT_30, COT_31, COT_32, COT_33) VALUES (7588, '  4. ?u t? d?i h?n kh?c', '145', '146', '147', null, null, null, null, null, null, null, null, 50, '95_01_CDKT', '258', null, null, null, null, null, null, null, null, null, null, null, null, null, null, null, null, null, null, null, null, null, null);
INSERT INTO RCV_GDIEN_TKHAI (ID, TEN_CTIEU, COT_01, COT_02, COT_03, COT_04, COT_05, COT_06, COT_07, COT_08, COT_09, COT_10, COT_11, SO_TT, LOAI_DLIEU, MA_CTIEU, COT_12, COT_13, COT_14, COT_15, COT_16, COT_17, COT_18, COT_19, COT_20, COT_21, COT_22, COT_23, COT_24, COT_25, COT_26, COT_27, COT_28, COT_29, COT_30, COT_31, COT_32, COT_33) VALUES (7589, '  5. D? ph?ng gi?m gi? ?u t? t?i ch?nh d?i h?n (*)', '148', '149', '150', null, null, null, null, null, null, null, null, 51, '95_01_CDKT', '259', null, null, null, null, null, null, null, null, null, null, null, null, null, null, null, null, null, null, null, null, null, null);
INSERT INTO RCV_GDIEN_TKHAI (ID, TEN_CTIEU, COT_01, COT_02, COT_03, COT_04, COT_05, COT_06, COT_07, COT_08, COT_09, COT_10, COT_11, SO_TT, LOAI_DLIEU, MA_CTIEU, COT_12, COT_13, COT_14, COT_15, COT_16, COT_17, COT_18, COT_19, COT_20, COT_21, COT_22, COT_23, COT_24, COT_25, COT_26, COT_27, COT_28, COT_29, COT_30, COT_31, COT_32, COT_33) VALUES (7590, '  5. D? ph?ng gi?m gi? ?u t? t?i ch?nh d?i h?n (*)', '151', '152', '153', null, null, null, null, null, null, null, null, 52, '95_01_CDKT', '260', null, null, null, null, null, null, null, null, null, null, null, null, null, null, null, null, null, null, null, null, null, null);
INSERT INTO RCV_GDIEN_TKHAI (ID, TEN_CTIEU, COT_01, COT_02, COT_03, COT_04, COT_05, COT_06, COT_07, COT_08, COT_09, COT_10, COT_11, SO_TT, LOAI_DLIEU, MA_CTIEU, COT_12, COT_13, COT_14, COT_15, COT_16, COT_17, COT_18, COT_19, COT_20, COT_21, COT_22, COT_23, COT_24, COT_25, COT_26, COT_27, COT_28, COT_29, COT_30, COT_31, COT_32, COT_33) VALUES (7591, '   1. Chi ph? tr? tr??c d?i h?n', '154', '155', '156', null, null, null, null, null, null, null, null, 53, '95_01_CDKT', '261', null, null, null, null, null, null, null, null, null, null, null, null, null, null, null, null, null, null, null, null, null, null);
INSERT INTO RCV_GDIEN_TKHAI (ID, TEN_CTIEU, COT_01, COT_02, COT_03, COT_04, COT_05, COT_06, COT_07, COT_08, COT_09, COT_10, COT_11, SO_TT, LOAI_DLIEU, MA_CTIEU, COT_12, COT_13, COT_14, COT_15, COT_16, COT_17, COT_18, COT_19, COT_20, COT_21, COT_22, COT_23, COT_24, COT_25, COT_26, COT_27, COT_28, COT_29, COT_30, COT_31, COT_32, COT_33) VALUES (7592, '   2. T?i s?n thu? thu nh?p ho?n l?i', '157', '158', '159', null, null, null, null, null, null, null, null, 54, '95_01_CDKT', '262', null, null, null, null, null, null, null, null, null, null, null, null, null, null, null, null, null, null, null, null, null, null);
INSERT INTO RCV_GDIEN_TKHAI (ID, TEN_CTIEU, COT_01, COT_02, COT_03, COT_04, COT_05, COT_06, COT_07, COT_08, COT_09, COT_10, COT_11, SO_TT, LOAI_DLIEU, MA_CTIEU, COT_12, COT_13, COT_14, COT_15, COT_16, COT_17, COT_18, COT_19, COT_20, COT_21, COT_22, COT_23, COT_24, COT_25, COT_26, COT_27, COT_28, COT_29, COT_30, COT_31, COT_32, COT_33) VALUES (7593, '   3. Ti?n n?p Qu? h? tr? thanh to?n', '160', '161', '162', null, null, null, null, null, null, null, null, 55, '95_01_CDKT', '263', null, null, null, null, null, null, null, null, null, null, null, null, null, null, null, null, null, null, null, null, null, null);
INSERT INTO RCV_GDIEN_TKHAI (ID, TEN_CTIEU, COT_01, COT_02, COT_03, COT_04, COT_05, COT_06, COT_07, COT_08, COT_09, COT_10, COT_11, SO_TT, LOAI_DLIEU, MA_CTIEU, COT_12, COT_13, COT_14, COT_15, COT_16, COT_17, COT_18, COT_19, COT_20, COT_21, COT_22, COT_23, COT_24, COT_25, COT_26, COT_27, COT_28, COT_29, COT_30, COT_31, COT_32, COT_33) VALUES (7594, '   4. T?i s?n d?i h?n kh?c', '163', '164', '165', null, null, null, null, null, null, null, null, 56, '95_01_CDKT', '268', null, null, null, null, null, null, null, null, null, null, null, null, null, null, null, null, null, null, null, null, null, null);
INSERT INTO RCV_GDIEN_TKHAI (ID, TEN_CTIEU, COT_01, COT_02, COT_03, COT_04, COT_05, COT_06, COT_07, COT_08, COT_09, COT_10, COT_11, SO_TT, LOAI_DLIEU, MA_CTIEU, COT_12, COT_13, COT_14, COT_15, COT_16, COT_17, COT_18, COT_19, COT_20, COT_21, COT_22, COT_23, COT_24, COT_25, COT_26, COT_27, COT_28, COT_29, COT_30, COT_31, COT_32, COT_33) VALUES (7595, 'T?NG C?NG T?I S?N (270 = 100 + 200)', '166', '167', '168', null, null, null, null, null, null, null, null, 57, '95_01_CDKT', '270', null, null, null, null, null, null, null, null, null, null, null, null, null, null, null, null, null, null, null, null, null, null);
INSERT INTO RCV_GDIEN_TKHAI (ID, TEN_CTIEU, COT_01, COT_02, COT_03, COT_04, COT_05, COT_06, COT_07, COT_08, COT_09, COT_10, COT_11, SO_TT, LOAI_DLIEU, MA_CTIEU, COT_12, COT_13, COT_14, COT_15, COT_16, COT_17, COT_18, COT_19, COT_20, COT_21, COT_22, COT_23, COT_24, COT_25, COT_26, COT_27, COT_28, COT_29, COT_30, COT_31, COT_32, COT_33) VALUES (7596, 'NGU?N V?N', null, null, null, null, null, null, null, null, null, null, null, 58, '95_01_CDKT', 'NV', null, null, null, null, null, null, null, null, null, null, null, null, null, null, null, null, null, null, null, null, null, null);
INSERT INTO RCV_GDIEN_TKHAI (ID, TEN_CTIEU, COT_01, COT_02, COT_03, COT_04, COT_05, COT_06, COT_07, COT_08, COT_09, COT_10, COT_11, SO_TT, LOAI_DLIEU, MA_CTIEU, COT_12, COT_13, COT_14, COT_15, COT_16, COT_17, COT_18, COT_19, COT_20, COT_21, COT_22, COT_23, COT_24, COT_25, COT_26, COT_27, COT_28, COT_29, COT_30, COT_31, COT_32, COT_33) VALUES (7597, 'A - N? PH?I TR? (300 = 310 + 330)', '169', '170', '171', null, null, null, null, null, null, null, null, 59, '95_01_CDKT', '300', null, null, null, null, null, null, null, null, null, null, null, null, null, null, null, null, null, null, null, null, null, null);
INSERT INTO RCV_GDIEN_TKHAI (ID, TEN_CTIEU, COT_01, COT_02, COT_03, COT_04, COT_05, COT_06, COT_07, COT_08, COT_09, COT_10, COT_11, SO_TT, LOAI_DLIEU, MA_CTIEU, COT_12, COT_13, COT_14, COT_15, COT_16, COT_17, COT_18, COT_19, COT_20, COT_21, COT_22, COT_23, COT_24, COT_25, COT_26, COT_27, COT_28, COT_29, COT_30, COT_31, COT_32, COT_33) VALUES (7598, 'I. N? ng?n h?n  (310 = 311 + 312 +  ... + 319 + 320 + 323)', '172', '173', '174', null, null, null, null, null, null, null, null, 60, '95_01_CDKT', '310', null, null, null, null, null, null, null, null, null, null, null, null, null, null, null, null, null, null, null, null, null, null);
INSERT INTO RCV_GDIEN_TKHAI (ID, TEN_CTIEU, COT_01, COT_02, COT_03, COT_04, COT_05, COT_06, COT_07, COT_08, COT_09, COT_10, COT_11, SO_TT, LOAI_DLIEU, MA_CTIEU, COT_12, COT_13, COT_14, COT_15, COT_16, COT_17, COT_18, COT_19, COT_20, COT_21, COT_22, COT_23, COT_24, COT_25, COT_26, COT_27, COT_28, COT_29, COT_30, COT_31, COT_32, COT_33) VALUES (7599, '  1. Vay v? n? ng?n h?n', '175', '176', '177', null, null, null, null, null, null, null, null, 61, '95_01_CDKT', '311', null, null, null, null, null, null, null, null, null, null, null, null, null, null, null, null, null, null, null, null, null, null);
INSERT INTO RCV_GDIEN_TKHAI (ID, TEN_CTIEU, COT_01, COT_02, COT_03, COT_04, COT_05, COT_06, COT_07, COT_08, COT_09, COT_10, COT_11, SO_TT, LOAI_DLIEU, MA_CTIEU, COT_12, COT_13, COT_14, COT_15, COT_16, COT_17, COT_18, COT_19, COT_20, COT_21, COT_22, COT_23, COT_24, COT_25, COT_26, COT_27, COT_28, COT_29, COT_30, COT_31, COT_32, COT_33) VALUES (7600, '  2. Ph?i tr? ng??i b?n ', '178', '179', '180', null, null, null, null, null, null, null, null, 62, '95_01_CDKT', '312', null, null, null, null, null, null, null, null, null, null, null, null, null, null, null, null, null, null, null, null, null, null);
INSERT INTO RCV_GDIEN_TKHAI (ID, TEN_CTIEU, COT_01, COT_02, COT_03, COT_04, COT_05, COT_06, COT_07, COT_08, COT_09, COT_10, COT_11, SO_TT, LOAI_DLIEU, MA_CTIEU, COT_12, COT_13, COT_14, COT_15, COT_16, COT_17, COT_18, COT_19, COT_20, COT_21, COT_22, COT_23, COT_24, COT_25, COT_26, COT_27, COT_28, COT_29, COT_30, COT_31, COT_32, COT_33) VALUES (7601, '  3. Ng??i mua tr? ti?n tr??c', '181', '182', '183', null, null, null, null, null, null, null, null, 63, '95_01_CDKT', '313', null, null, null, null, null, null, null, null, null, null, null, null, null, null, null, null, null, null, null, null, null, null);
INSERT INTO RCV_GDIEN_TKHAI (ID, TEN_CTIEU, COT_01, COT_02, COT_03, COT_04, COT_05, COT_06, COT_07, COT_08, COT_09, COT_10, COT_11, SO_TT, LOAI_DLIEU, MA_CTIEU, COT_12, COT_13, COT_14, COT_15, COT_16, COT_17, COT_18, COT_19, COT_20, COT_21, COT_22, COT_23, COT_24, COT_25, COT_26, COT_27, COT_28, COT_29, COT_30, COT_31, COT_32, COT_33) VALUES (7539, 'T?i s?n', null, null, null, null, null, null, null, null, null, null, null, 1, '95_01_CDKT', null, null, null, null, null, null, null, null, null, null, null, null, null, null, null, null, null, null, null, null, null, null, null);
INSERT INTO RCV_GDIEN_TKHAI (ID, TEN_CTIEU, COT_01, COT_02, COT_03, COT_04, COT_05, COT_06, COT_07, COT_08, COT_09, COT_10, COT_11, SO_TT, LOAI_DLIEU, MA_CTIEU, COT_12, COT_13, COT_14, COT_15, COT_16, COT_17, COT_18, COT_19, COT_20, COT_21, COT_22, COT_23, COT_24, COT_25, COT_26, COT_27, COT_28, COT_29, COT_30, COT_31, COT_32, COT_33) VALUES (7540, 'A - T?I S?N NG?N H?N  (100=110+120+130+140+150)', '1', '2', '3', null, null, null, null, null, null, null, null, 2, '95_01_CDKT', '100', null, null, null, null, null, null, null, null, null, null, null, null, null, null, null, null, null, null, null, null, null, null);
INSERT INTO RCV_GDIEN_TKHAI (ID, TEN_CTIEU, COT_01, COT_02, COT_03, COT_04, COT_05, COT_06, COT_07, COT_08, COT_09, COT_10, COT_11, SO_TT, LOAI_DLIEU, MA_CTIEU, COT_12, COT_13, COT_14, COT_15, COT_16, COT_17, COT_18, COT_19, COT_20, COT_21, COT_22, COT_23, COT_24, COT_25, COT_26, COT_27, COT_28, COT_29, COT_30, COT_31, COT_32, COT_33) VALUES (7541, 'I. Ti?n v? c?c kho?n t??ng ??ng ti?n (110=111+112)', '4', '5', '6', null, null, null, null, null, null, null, null, 3, '95_01_CDKT', '110', null, null, null, null, null, null, null, null, null, null, null, null, null, null, null, null, null, null, null, null, null, null);
INSERT INTO RCV_GDIEN_TKHAI (ID, TEN_CTIEU, COT_01, COT_02, COT_03, COT_04, COT_05, COT_06, COT_07, COT_08, COT_09, COT_10, COT_11, SO_TT, LOAI_DLIEU, MA_CTIEU, COT_12, COT_13, COT_14, COT_15, COT_16, COT_17, COT_18, COT_19, COT_20, COT_21, COT_22, COT_23, COT_24, COT_25, COT_26, COT_27, COT_28, COT_29, COT_30, COT_31, COT_32, COT_33) VALUES (7542, '  1. Ti?n ', '7', '8', '9', null, null, null, null, null, null, null, null, 4, '95_01_CDKT', '111', null, null, null, null, null, null, null, null, null, null, null, null, null, null, null, null, null, null, null, null, null, null);
INSERT INTO RCV_GDIEN_TKHAI (ID, TEN_CTIEU, COT_01, COT_02, COT_03, COT_04, COT_05, COT_06, COT_07, COT_08, COT_09, COT_10, COT_11, SO_TT, LOAI_DLIEU, MA_CTIEU, COT_12, COT_13, COT_14, COT_15, COT_16, COT_17, COT_18, COT_19, COT_20, COT_21, COT_22, COT_23, COT_24, COT_25, COT_26, COT_27, COT_28, COT_29, COT_30, COT_31, COT_32, COT_33) VALUES (7543, '  2.  C?c kho?n t??ng ??ng ti?n', '10', '11', '12', null, null, null, null, null, null, null, null, 5, '95_01_CDKT', '112', null, null, null, null, null, null, null, null, null, null, null, null, null, null, null, null, null, null, null, null, null, null);
INSERT INTO RCV_GDIEN_TKHAI (ID, TEN_CTIEU, COT_01, COT_02, COT_03, COT_04, COT_05, COT_06, COT_07, COT_08, COT_09, COT_10, COT_11, SO_TT, LOAI_DLIEU, MA_CTIEU, COT_12, COT_13, COT_14, COT_15, COT_16, COT_17, COT_18, COT_19, COT_20, COT_21, COT_22, COT_23, COT_24, COT_25, COT_26, COT_27, COT_28, COT_29, COT_30, COT_31, COT_32, COT_33) VALUES (7544, 'II. C?c kho?n ?u t? t?i ch?nh ng?n h?n (120=121+129)', '13', '14', '15', null, null, null, null, null, null, null, null, 6, '95_01_CDKT', '120', null, null, null, null, null, null, null, null, null, null, null, null, null, null, null, null, null, null, null, null, null, null);
INSERT INTO RCV_GDIEN_TKHAI (ID, TEN_CTIEU, COT_01, COT_02, COT_03, COT_04, COT_05, COT_06, COT_07, COT_08, COT_09, COT_10, COT_11, SO_TT, LOAI_DLIEU, MA_CTIEU, COT_12, COT_13, COT_14, COT_15, COT_16, COT_17, COT_18, COT_19, COT_20, COT_21, COT_22, COT_23, COT_24, COT_25, COT_26, COT_27, COT_28, COT_29, COT_30, COT_31, COT_32, COT_33) VALUES (7545, '  1. ?u t? ng?n h?n', '16', '17', '18', null, null, null, null, null, null, null, null, 7, '95_01_CDKT', '121', null, null, null, null, null, null, null, null, null, null, null, null, null, null, null, null, null, null, null, null, null, null);
INSERT INTO RCV_GDIEN_TKHAI (ID, TEN_CTIEU, COT_01, COT_02, COT_03, COT_04, COT_05, COT_06, COT_07, COT_08, COT_09, COT_10, COT_11, SO_TT, LOAI_DLIEU, MA_CTIEU, COT_12, COT_13, COT_14, COT_15, COT_16, COT_17, COT_18, COT_19, COT_20, COT_21, COT_22, COT_23, COT_24, COT_25, COT_26, COT_27, COT_28, COT_29, COT_30, COT_31, COT_32, COT_33) VALUES (7546, '  2. D? ph?ng gi?m gi? ?u t? ng?n h?n (*) (2)', '19', '20', '21', null, null, null, null, null, null, null, null, 8, '95_01_CDKT', '129', null, null, null, null, null, null, null, null, null, null, null, null, null, null, null, null, null, null, null, null, null, null);
INSERT INTO RCV_GDIEN_TKHAI (ID, TEN_CTIEU, COT_01, COT_02, COT_03, COT_04, COT_05, COT_06, COT_07, COT_08, COT_09, COT_10, COT_11, SO_TT, LOAI_DLIEU, MA_CTIEU, COT_12, COT_13, COT_14, COT_15, COT_16, COT_17, COT_18, COT_19, COT_20, COT_21, COT_22, COT_23, COT_24, COT_25, COT_26, COT_27, COT_28, COT_29, COT_30, COT_31, COT_32, COT_33) VALUES (7547, 'III. C?c kho?n ph?i thu ng?n h?n (130 = 131 + 132 + 133 + 134 + 135 + 139)', '22', '23', '24', null, null, null, null, null, null, null, null, 9, '95_01_CDKT', '130', null, null, null, null, null, null, null, null, null, null, null, null, null, null, null, null, null, null, null, null, null, null);
INSERT INTO RCV_GDIEN_TKHAI (ID, TEN_CTIEU, COT_01, COT_02, COT_03, COT_04, COT_05, COT_06, COT_07, COT_08, COT_09, COT_10, COT_11, SO_TT, LOAI_DLIEU, MA_CTIEU, COT_12, COT_13, COT_14, COT_15, COT_16, COT_17, COT_18, COT_19, COT_20, COT_21, COT_22, COT_23, COT_24, COT_25, COT_26, COT_27, COT_28, COT_29, COT_30, COT_31, COT_32, COT_33) VALUES (7548, '  1. Ph?i thu c?a kh?ch h?ng ', '25', '26', '27', null, null, null, null, null, null, null, null, 10, '95_01_CDKT', '131', null, null, null, null, null, null, null, null, null, null, null, null, null, null, null, null, null, null, null, null, null, null);
INSERT INTO RCV_GDIEN_TKHAI (ID, TEN_CTIEU, COT_01, COT_02, COT_03, COT_04, COT_05, COT_06, COT_07, COT_08, COT_09, COT_10, COT_11, SO_TT, LOAI_DLIEU, MA_CTIEU, COT_12, COT_13, COT_14, COT_15, COT_16, COT_17, COT_18, COT_19, COT_20, COT_21, COT_22, COT_23, COT_24, COT_25, COT_26, COT_27, COT_28, COT_29, COT_30, COT_31, COT_32, COT_33) VALUES (7549, '  2. Tr? tr??c cho ng??i b?n', '28', '29', '30', null, null, null, null, null, null, null, null, 11, '95_01_CDKT', '132', null, null, null, null, null, null, null, null, null, null, null, null, null, null, null, null, null, null, null, null, null, null);
INSERT INTO RCV_GDIEN_TKHAI (ID, TEN_CTIEU, COT_01, COT_02, COT_03, COT_04, COT_05, COT_06, COT_07, COT_08, COT_09, COT_10, COT_11, SO_TT, LOAI_DLIEU, MA_CTIEU, COT_12, COT_13, COT_14, COT_15, COT_16, COT_17, COT_18, COT_19, COT_20, COT_21, COT_22, COT_23, COT_24, COT_25, COT_26, COT_27, COT_28, COT_29, COT_30, COT_31, COT_32, COT_33) VALUES (7550, '  3. Ph?i thu n?i b? ng?n h?n', '31', '32', '33', null, null, null, null, null, null, null, null, 12, '95_01_CDKT', '133', null, null, null, null, null, null, null, null, null, null, null, null, null, null, null, null, null, null, null, null, null, null);
INSERT INTO RCV_GDIEN_TKHAI (ID, TEN_CTIEU, COT_01, COT_02, COT_03, COT_04, COT_05, COT_06, COT_07, COT_08, COT_09, COT_10, COT_11, SO_TT, LOAI_DLIEU, MA_CTIEU, COT_12, COT_13, COT_14, COT_15, COT_16, COT_17, COT_18, COT_19, COT_20, COT_21, COT_22, COT_23, COT_24, COT_25, COT_26, COT_27, COT_28, COT_29, COT_30, COT_31, COT_32, COT_33) VALUES (7551, '  4. Ph?i thu ho?t ?ng giao d?ch ch?ng kho?n', '34', '35', '36', null, null, null, null, null, null, null, null, 13, '95_01_CDKT', '135', null, null, null, null, null, null, null, null, null, null, null, null, null, null, null, null, null, null, null, null, null, null);
INSERT INTO RCV_GDIEN_TKHAI (ID, TEN_CTIEU, COT_01, COT_02, COT_03, COT_04, COT_05, COT_06, COT_07, COT_08, COT_09, COT_10, COT_11, SO_TT, LOAI_DLIEU, MA_CTIEU, COT_12, COT_13, COT_14, COT_15, COT_16, COT_17, COT_18, COT_19, COT_20, COT_21, COT_22, COT_23, COT_24, COT_25, COT_26, COT_27, COT_28, COT_29, COT_30, COT_31, COT_32, COT_33) VALUES (7552, '  5. C?c kho?n ph?i thu kh?c', '37', '38', '39', null, null, null, null, null, null, null, null, 14, '95_01_CDKT', '138', null, null, null, null, null, null, null, null, null, null, null, null, null, null, null, null, null, null, null, null, null, null);
INSERT INTO RCV_GDIEN_TKHAI (ID, TEN_CTIEU, COT_01, COT_02, COT_03, COT_04, COT_05, COT_06, COT_07, COT_08, COT_09, COT_10, COT_11, SO_TT, LOAI_DLIEU, MA_CTIEU, COT_12, COT_13, COT_14, COT_15, COT_16, COT_17, COT_18, COT_19, COT_20, COT_21, COT_22, COT_23, COT_24, COT_25, COT_26, COT_27, COT_28, COT_29, COT_30, COT_31, COT_32, COT_33) VALUES (7553, '  6. D? ph?ng ph?i thu ng?n h?n kh? ?i (*)', '40', '41', '42', null, null, null, null, null, null, null, null, 15, '95_01_CDKT', '139', null, null, null, null, null, null, null, null, null, null, null, null, null, null, null, null, null, null, null, null, null, null);
INSERT INTO RCV_GDIEN_TKHAI (ID, TEN_CTIEU, COT_01, COT_02, COT_03, COT_04, COT_05, COT_06, COT_07, COT_08, COT_09, COT_10, COT_11, SO_TT, LOAI_DLIEU, MA_CTIEU, COT_12, COT_13, COT_14, COT_15, COT_16, COT_17, COT_18, COT_19, COT_20, COT_21, COT_22, COT_23, COT_24, COT_25, COT_26, COT_27, COT_28, COT_29, COT_30, COT_31, COT_32, COT_33) VALUES (7554, 'IV. H?ng t?n kho (140 = 141 + 149)', '43', '44', '45', null, null, null, null, null, null, null, null, 16, '95_01_CDKT', '140', null, null, null, null, null, null, null, null, null, null, null, null, null, null, null, null, null, null, null, null, null, null);
INSERT INTO RCV_GDIEN_TKHAI (ID, TEN_CTIEU, COT_01, COT_02, COT_03, COT_04, COT_05, COT_06, COT_07, COT_08, COT_09, COT_10, COT_11, SO_TT, LOAI_DLIEU, MA_CTIEU, COT_12, COT_13, COT_14, COT_15, COT_16, COT_17, COT_18, COT_19, COT_20, COT_21, COT_22, COT_23, COT_24, COT_25, COT_26, COT_27, COT_28, COT_29, COT_30, COT_31, COT_32, COT_33) VALUES (7555, 'V. T?i s?n ng?n h?n kh?c (150 = 151 + 152 + 154 + 158)', '46', '47', '48', null, null, null, null, null, null, null, null, 17, '95_01_CDKT', '150', null, null, null, null, null, null, null, null, null, null, null, null, null, null, null, null, null, null, null, null, null, null);
INSERT INTO RCV_GDIEN_TKHAI (ID, TEN_CTIEU, COT_01, COT_02, COT_03, COT_04, COT_05, COT_06, COT_07, COT_08, COT_09, COT_10, COT_11, SO_TT, LOAI_DLIEU, MA_CTIEU, COT_12, COT_13, COT_14, COT_15, COT_16, COT_17, COT_18, COT_19, COT_20, COT_21, COT_22, COT_23, COT_24, COT_25, COT_26, COT_27, COT_28, COT_29, COT_30, COT_31, COT_32, COT_33) VALUES (7556, '  1. Chi ph? tr? tr??c ng?n h?n ', '49', '50', '51', null, null, null, null, null, null, null, null, 18, '95_01_CDKT', '151', null, null, null, null, null, null, null, null, null, null, null, null, null, null, null, null, null, null, null, null, null, null);
INSERT INTO RCV_GDIEN_TKHAI (ID, TEN_CTIEU, COT_01, COT_02, COT_03, COT_04, COT_05, COT_06, COT_07, COT_08, COT_09, COT_10, COT_11, SO_TT, LOAI_DLIEU, MA_CTIEU, COT_12, COT_13, COT_14, COT_15, COT_16, COT_17, COT_18, COT_19, COT_20, COT_21, COT_22, COT_23, COT_24, COT_25, COT_26, COT_27, COT_28, COT_29, COT_30, COT_31, COT_32, COT_33) VALUES (7557, '  2. Thu? GTGT ??c kh?u tr?', '52', '53', '54', null, null, null, null, null, null, null, null, 19, '95_01_CDKT', '152', null, null, null, null, null, null, null, null, null, null, null, null, null, null, null, null, null, null, null, null, null, null);
INSERT INTO RCV_GDIEN_TKHAI (ID, TEN_CTIEU, COT_01, COT_02, COT_03, COT_04, COT_05, COT_06, COT_07, COT_08, COT_09, COT_10, COT_11, SO_TT, LOAI_DLIEU, MA_CTIEU, COT_12, COT_13, COT_14, COT_15, COT_16, COT_17, COT_18, COT_19, COT_20, COT_21, COT_22, COT_23, COT_24, COT_25, COT_26, COT_27, COT_28, COT_29, COT_30, COT_31, COT_32, COT_33) VALUES (7558, '  3. Thu? v? c?c kho?n kh?c ph?i thu Nh? n??c', '55', '56', '57', null, null, null, null, null, null, null, null, 20, '95_01_CDKT', '154', null, null, null, null, null, null, null, null, null, null, null, null, null, null, null, null, null, null, null, null, null, null);
INSERT INTO RCV_GDIEN_TKHAI (ID, TEN_CTIEU, COT_01, COT_02, COT_03, COT_04, COT_05, COT_06, COT_07, COT_08, COT_09, COT_10, COT_11, SO_TT, LOAI_DLIEU, MA_CTIEU, COT_12, COT_13, COT_14, COT_15, COT_16, COT_17, COT_18, COT_19, COT_20, COT_21, COT_22, COT_23, COT_24, COT_25, COT_26, COT_27, COT_28, COT_29, COT_30, COT_31, COT_32, COT_33) VALUES (7559, '  4. Giao d?ch mua b?n tr?i phi?u ch?nh ph?', '58', '59', '60', null, null, null, null, null, null, null, null, 21, '95_01_CDKT', '157', null, null, null, null, null, null, null, null, null, null, null, null, null, null, null, null, null, null, null, null, null, null);
INSERT INTO RCV_GDIEN_TKHAI (ID, TEN_CTIEU, COT_01, COT_02, COT_03, COT_04, COT_05, COT_06, COT_07, COT_08, COT_09, COT_10, COT_11, SO_TT, LOAI_DLIEU, MA_CTIEU, COT_12, COT_13, COT_14, COT_15, COT_16, COT_17, COT_18, COT_19, COT_20, COT_21, COT_22, COT_23, COT_24, COT_25, COT_26, COT_27, COT_28, COT_29, COT_30, COT_31, COT_32, COT_33) VALUES (7560, '  5. T?i s?n ng?n h?n kh?c', '61', '62', '63', null, null, null, null, null, null, null, null, 22, '95_01_CDKT', '158', null, null, null, null, null, null, null, null, null, null, null, null, null, null, null, null, null, null, null, null, null, null);
INSERT INTO RCV_GDIEN_TKHAI (ID, TEN_CTIEU, COT_01, COT_02, COT_03, COT_04, COT_05, COT_06, COT_07, COT_08, COT_09, COT_10, COT_11, SO_TT, LOAI_DLIEU, MA_CTIEU, COT_12, COT_13, COT_14, COT_15, COT_16, COT_17, COT_18, COT_19, COT_20, COT_21, COT_22, COT_23, COT_24, COT_25, COT_26, COT_27, COT_28, COT_29, COT_30, COT_31, COT_32, COT_33) VALUES (7561, 'B - T?I S?N D?I H?N  (200=210+220+240+250+260)', '64', '65', '66', null, null, null, null, null, null, null, null, 23, '95_01_CDKT', '200', null, null, null, null, null, null, null, null, null, null, null, null, null, null, null, null, null, null, null, null, null, null);
INSERT INTO RCV_GDIEN_TKHAI (ID, TEN_CTIEU, COT_01, COT_02, COT_03, COT_04, COT_05, COT_06, COT_07, COT_08, COT_09, COT_10, COT_11, SO_TT, LOAI_DLIEU, MA_CTIEU, COT_12, COT_13, COT_14, COT_15, COT_16, COT_17, COT_18, COT_19, COT_20, COT_21, COT_22, COT_23, COT_24, COT_25, COT_26, COT_27, COT_28, COT_29, COT_30, COT_31, COT_32, COT_33) VALUES (7562, 'I- C?c kho?n ph?i thu d?i h?n (210 = 211 + 212 + 213 + 218 + 219)', '67', '68', '69', null, null, null, null, null, null, null, null, 24, '95_01_CDKT', '210', null, null, null, null, null, null, null, null, null, null, null, null, null, null, null, null, null, null, null, null, null, null);
INSERT INTO RCV_GDIEN_TKHAI (ID, TEN_CTIEU, COT_01, COT_02, COT_03, COT_04, COT_05, COT_06, COT_07, COT_08, COT_09, COT_10, COT_11, SO_TT, LOAI_DLIEU, MA_CTIEU, COT_12, COT_13, COT_14, COT_15, COT_16, COT_17, COT_18, COT_19, COT_20, COT_21, COT_22, COT_23, COT_24, COT_25, COT_26, COT_27, COT_28, COT_29, COT_30, COT_31, COT_32, COT_33) VALUES (7563, '  1. Ph?i thu d?i h?n c?a kh?ch h?ng', '70', '71', '72', null, null, null, null, null, null, null, null, 25, '95_01_CDKT', '211', null, null, null, null, null, null, null, null, null, null, null, null, null, null, null, null, null, null, null, null, null, null);
INSERT INTO RCV_GDIEN_TKHAI (ID, TEN_CTIEU, COT_01, COT_02, COT_03, COT_04, COT_05, COT_06, COT_07, COT_08, COT_09, COT_10, COT_11, SO_TT, LOAI_DLIEU, MA_CTIEU, COT_12, COT_13, COT_14, COT_15, COT_16, COT_17, COT_18, COT_19, COT_20, COT_21, COT_22, COT_23, COT_24, COT_25, COT_26, COT_27, COT_28, COT_29, COT_30, COT_31, COT_32, COT_33) VALUES (7564, '  2. V?n kinh doanh ? ?n v? tr?c thu?c', '73', '74', '75', null, null, null, null, null, null, null, null, 26, '95_01_CDKT', '212', null, null, null, null, null, null, null, null, null, null, null, null, null, null, null, null, null, null, null, null, null, null);
INSERT INTO RCV_GDIEN_TKHAI (ID, TEN_CTIEU, COT_01, COT_02, COT_03, COT_04, COT_05, COT_06, COT_07, COT_08, COT_09, COT_10, COT_11, SO_TT, LOAI_DLIEU, MA_CTIEU, COT_12, COT_13, COT_14, COT_15, COT_16, COT_17, COT_18, COT_19, COT_20, COT_21, COT_22, COT_23, COT_24, COT_25, COT_26, COT_27, COT_28, COT_29, COT_30, COT_31, COT_32, COT_33) VALUES (7565, '  3. Ph?i thu d?i h?n n?i b? ', '76', '77', '78', null, null, null, null, null, null, null, null, 27, '95_01_CDKT', '213', null, null, null, null, null, null, null, null, null, null, null, null, null, null, null, null, null, null, null, null, null, null);
INSERT INTO RCV_GDIEN_TKHAI (ID, TEN_CTIEU, COT_01, COT_02, COT_03, COT_04, COT_05, COT_06, COT_07, COT_08, COT_09, COT_10, COT_11, SO_TT, LOAI_DLIEU, MA_CTIEU, COT_12, COT_13, COT_14, COT_15, COT_16, COT_17, COT_18, COT_19, COT_20, COT_21, COT_22, COT_23, COT_24, COT_25, COT_26, COT_27, COT_28, COT_29, COT_30, COT_31, COT_32, COT_33) VALUES (7566, '  4. Ph?i thu d?i h?n kh?c', '79', '80', '81', null, null, null, null, null, null, null, null, 28, '95_01_CDKT', '218', null, null, null, null, null, null, null, null, null, null, null, null, null, null, null, null, null, null, null, null, null, null);
INSERT INTO RCV_GDIEN_TKHAI (ID, TEN_CTIEU, COT_01, COT_02, COT_03, COT_04, COT_05, COT_06, COT_07, COT_08, COT_09, COT_10, COT_11, SO_TT, LOAI_DLIEU, MA_CTIEU, COT_12, COT_13, COT_14, COT_15, COT_16, COT_17, COT_18, COT_19, COT_20, COT_21, COT_22, COT_23, COT_24, COT_25, COT_26, COT_27, COT_28, COT_29, COT_30, COT_31, COT_32, COT_33) VALUES (7567, '  5. D? ph?ng ph?i thu d?i h?n kh? ?i (*)', '82', '83', '84', null, null, null, null, null, null, null, null, 29, '95_01_CDKT', '219', null, null, null, null, null, null, null, null, null, null, null, null, null, null, null, null, null, null, null, null, null, null);
INSERT INTO RCV_GDIEN_TKHAI (ID, TEN_CTIEU, COT_01, COT_02, COT_03, COT_04, COT_05, COT_06, COT_07, COT_08, COT_09, COT_10, COT_11, SO_TT, LOAI_DLIEU, MA_CTIEU, COT_12, COT_13, COT_14, COT_15, COT_16, COT_17, COT_18, COT_19, COT_20, COT_21, COT_22, COT_23, COT_24, COT_25, COT_26, COT_27, COT_28, COT_29, COT_30, COT_31, COT_32, COT_33) VALUES (7602, '  4. Thu? v? c?c kho?n ph?i n?p Nh? n??c', '184', '185', '186', null, null, null, null, null, null, null, null, 64, '95_01_CDKT', '314', null, null, null, null, null, null, null, null, null, null, null, null, null, null, null, null, null, null, null, null, null, null);
INSERT INTO RCV_GDIEN_TKHAI (ID, TEN_CTIEU, COT_01, COT_02, COT_03, COT_04, COT_05, COT_06, COT_07, COT_08, COT_09, COT_10, COT_11, SO_TT, LOAI_DLIEU, MA_CTIEU, COT_12, COT_13, COT_14, COT_15, COT_16, COT_17, COT_18, COT_19, COT_20, COT_21, COT_22, COT_23, COT_24, COT_25, COT_26, COT_27, COT_28, COT_29, COT_30, COT_31, COT_32, COT_33) VALUES (7603, '  5. Ph?i tr? ng??i lao ?ng', '187', '188', '189', null, null, null, null, null, null, null, null, 65, '95_01_CDKT', '315', null, null, null, null, null, null, null, null, null, null, null, null, null, null, null, null, null, null, null, null, null, null);
INSERT INTO RCV_GDIEN_TKHAI (ID, TEN_CTIEU, COT_01, COT_02, COT_03, COT_04, COT_05, COT_06, COT_07, COT_08, COT_09, COT_10, COT_11, SO_TT, LOAI_DLIEU, MA_CTIEU, COT_12, COT_13, COT_14, COT_15, COT_16, COT_17, COT_18, COT_19, COT_20, COT_21, COT_22, COT_23, COT_24, COT_25, COT_26, COT_27, COT_28, COT_29, COT_30, COT_31, COT_32, COT_33) VALUES (7604, '  6. Chi ph? ph?i tr?', '190', '191', '192', null, null, null, null, null, null, null, null, 66, '95_01_CDKT', '316', null, null, null, null, null, null, null, null, null, null, null, null, null, null, null, null, null, null, null, null, null, null);
INSERT INTO RCV_GDIEN_TKHAI (ID, TEN_CTIEU, COT_01, COT_02, COT_03, COT_04, COT_05, COT_06, COT_07, COT_08, COT_09, COT_10, COT_11, SO_TT, LOAI_DLIEU, MA_CTIEU, COT_12, COT_13, COT_14, COT_15, COT_16, COT_17, COT_18, COT_19, COT_20, COT_21, COT_22, COT_23, COT_24, COT_25, COT_26, COT_27, COT_28, COT_29, COT_30, COT_31, COT_32, COT_33) VALUES (7605, '  7. Ph?i tr? n?i b?', '193', '194', '195', null, null, null, null, null, null, null, null, 67, '95_01_CDKT', '317', null, null, null, null, null, null, null, null, null, null, null, null, null, null, null, null, null, null, null, null, null, null);
INSERT INTO RCV_GDIEN_TKHAI (ID, TEN_CTIEU, COT_01, COT_02, COT_03, COT_04, COT_05, COT_06, COT_07, COT_08, COT_09, COT_10, COT_11, SO_TT, LOAI_DLIEU, MA_CTIEU, COT_12, COT_13, COT_14, COT_15, COT_16, COT_17, COT_18, COT_19, COT_20, COT_21, COT_22, COT_23, COT_24, COT_25, COT_26, COT_27, COT_28, COT_29, COT_30, COT_31, COT_32, COT_33) VALUES (7606, '  8. C?c kho?n ph?i tr?, ph?i n?p ng?n h?n kh?c', '196', '197', '198', null, null, null, null, null, null, null, null, 68, '95_01_CDKT', '319', null, null, null, null, null, null, null, null, null, null, null, null, null, null, null, null, null, null, null, null, null, null);
INSERT INTO RCV_GDIEN_TKHAI (ID, TEN_CTIEU, COT_01, COT_02, COT_03, COT_04, COT_05, COT_06, COT_07, COT_08, COT_09, COT_10, COT_11, SO_TT, LOAI_DLIEU, MA_CTIEU, COT_12, COT_13, COT_14, COT_15, COT_16, COT_17, COT_18, COT_19, COT_20, COT_21, COT_22, COT_23, COT_24, COT_25, COT_26, COT_27, COT_28, COT_29, COT_30, COT_31, COT_32, COT_33) VALUES (7607, '  9. Ph?i tr? ho?t ?ng giao d?ch ch?ng kho?n', '199', '200', '201', null, null, null, null, null, null, null, null, 69, '95_01_CDKT', '320', null, null, null, null, null, null, null, null, null, null, null, null, null, null, null, null, null, null, null, null, null, null);
INSERT INTO RCV_GDIEN_TKHAI (ID, TEN_CTIEU, COT_01, COT_02, COT_03, COT_04, COT_05, COT_06, COT_07, COT_08, COT_09, COT_10, COT_11, SO_TT, LOAI_DLIEU, MA_CTIEU, COT_12, COT_13, COT_14, COT_15, COT_16, COT_17, COT_18, COT_19, COT_20, COT_21, COT_22, COT_23, COT_24, COT_25, COT_26, COT_27, COT_28, COT_29, COT_30, COT_31, COT_32, COT_33) VALUES (7608, '  10. Ph?i tr? h? c? t?c, g?c v? l?i tr?i phi?u', '202', '203', '204', null, null, null, null, null, null, null, null, 70, '95_01_CDKT', '321', null, null, null, null, null, null, null, null, null, null, null, null, null, null, null, null, null, null, null, null, null, null);
INSERT INTO RCV_GDIEN_TKHAI (ID, TEN_CTIEU, COT_01, COT_02, COT_03, COT_04, COT_05, COT_06, COT_07, COT_08, COT_09, COT_10, COT_11, SO_TT, LOAI_DLIEU, MA_CTIEU, COT_12, COT_13, COT_14, COT_15, COT_16, COT_17, COT_18, COT_19, COT_20, COT_21, COT_22, COT_23, COT_24, COT_25, COT_26, COT_27, COT_28, COT_29, COT_30, COT_31, COT_32, COT_33) VALUES (7609, '  11. Ph?i tr? t? ch?c ph?t h?nh ch?ng kho?n', '205', '206', '207', null, null, null, null, null, null, null, null, 71, '95_01_CDKT', '322', null, null, null, null, null, null, null, null, null, null, null, null, null, null, null, null, null, null, null, null, null, null);
INSERT INTO RCV_GDIEN_TKHAI (ID, TEN_CTIEU, COT_01, COT_02, COT_03, COT_04, COT_05, COT_06, COT_07, COT_08, COT_09, COT_10, COT_11, SO_TT, LOAI_DLIEU, MA_CTIEU, COT_12, COT_13, COT_14, COT_15, COT_16, COT_17, COT_18, COT_19, COT_20, COT_21, COT_22, COT_23, COT_24, COT_25, COT_26, COT_27, COT_28, COT_29, COT_30, COT_31, COT_32, COT_33) VALUES (7610, '  12. Qu? khen th??ng, ph?c l?i', '208', '209', '210', null, null, null, null, null, null, null, null, 72, '95_01_CDKT', '323', null, null, null, null, null, null, null, null, null, null, null, null, null, null, null, null, null, null, null, null, null, null);
INSERT INTO RCV_GDIEN_TKHAI (ID, TEN_CTIEU, COT_01, COT_02, COT_03, COT_04, COT_05, COT_06, COT_07, COT_08, COT_09, COT_10, COT_11, SO_TT, LOAI_DLIEU, MA_CTIEU, COT_12, COT_13, COT_14, COT_15, COT_16, COT_17, COT_18, COT_19, COT_20, COT_21, COT_22, COT_23, COT_24, COT_25, COT_26, COT_27, COT_28, COT_29, COT_30, COT_31, COT_32, COT_33) VALUES (7611, '  13. Giao d?ch mua b?n l?i tr?i phi?u Ch?nh ph?', '211', '212', '213', null, null, null, null, null, null, null, null, 73, '95_01_CDKT', '327', null, null, null, null, null, null, null, null, null, null, null, null, null, null, null, null, null, null, null, null, null, null);
INSERT INTO RCV_GDIEN_TKHAI (ID, TEN_CTIEU, COT_01, COT_02, COT_03, COT_04, COT_05, COT_06, COT_07, COT_08, COT_09, COT_10, COT_11, SO_TT, LOAI_DLIEU, MA_CTIEU, COT_12, COT_13, COT_14, COT_15, COT_16, COT_17, COT_18, COT_19, COT_20, COT_21, COT_22, COT_23, COT_24, COT_25, COT_26, COT_27, COT_28, COT_29, COT_30, COT_31, COT_32, COT_33) VALUES (7612, '  14. Doanh thu ch?a th?c hi?n ng?n h?n', '214', '215', '216', null, null, null, null, null, null, null, null, 74, '95_01_CDKT', '328', null, null, null, null, null, null, null, null, null, null, null, null, null, null, null, null, null, null, null, null, null, null);
INSERT INTO RCV_GDIEN_TKHAI (ID, TEN_CTIEU, COT_01, COT_02, COT_03, COT_04, COT_05, COT_06, COT_07, COT_08, COT_09, COT_10, COT_11, SO_TT, LOAI_DLIEU, MA_CTIEU, COT_12, COT_13, COT_14, COT_15, COT_16, COT_17, COT_18, COT_19, COT_20, COT_21, COT_22, COT_23, COT_24, COT_25, COT_26, COT_27, COT_28, COT_29, COT_30, COT_31, COT_32, COT_33) VALUES (7613, '  15. D? ph?ng ph?i tr? ng?n h?n', '217', '218', '219', null, null, null, null, null, null, null, null, 75, '95_01_CDKT', '329', null, null, null, null, null, null, null, null, null, null, null, null, null, null, null, null, null, null, null, null, null, null);
INSERT INTO RCV_GDIEN_TKHAI (ID, TEN_CTIEU, COT_01, COT_02, COT_03, COT_04, COT_05, COT_06, COT_07, COT_08, COT_09, COT_10, COT_11, SO_TT, LOAI_DLIEU, MA_CTIEU, COT_12, COT_13, COT_14, COT_15, COT_16, COT_17, COT_18, COT_19, COT_20, COT_21, COT_22, COT_23, COT_24, COT_25, COT_26, COT_27, COT_28, COT_29, COT_30, COT_31, COT_32, COT_33) VALUES (7614, 'II. N? d?i h?n (330 = 331 + 332 + ... + 338 + 339)', '220', '221', '222', null, null, null, null, null, null, null, null, 76, '95_01_CDKT', '330', null, null, null, null, null, null, null, null, null, null, null, null, null, null, null, null, null, null, null, null, null, null);
INSERT INTO RCV_GDIEN_TKHAI (ID, TEN_CTIEU, COT_01, COT_02, COT_03, COT_04, COT_05, COT_06, COT_07, COT_08, COT_09, COT_10, COT_11, SO_TT, LOAI_DLIEU, MA_CTIEU, COT_12, COT_13, COT_14, COT_15, COT_16, COT_17, COT_18, COT_19, COT_20, COT_21, COT_22, COT_23, COT_24, COT_25, COT_26, COT_27, COT_28, COT_29, COT_30, COT_31, COT_32, COT_33) VALUES (7615, '  1. Ph?i tr? d?i h?n ng??i b?n ', '223', '224', '225', null, null, null, null, null, null, null, null, 77, '95_01_CDKT', '331', null, null, null, null, null, null, null, null, null, null, null, null, null, null, null, null, null, null, null, null, null, null);
INSERT INTO RCV_GDIEN_TKHAI (ID, TEN_CTIEU, COT_01, COT_02, COT_03, COT_04, COT_05, COT_06, COT_07, COT_08, COT_09, COT_10, COT_11, SO_TT, LOAI_DLIEU, MA_CTIEU, COT_12, COT_13, COT_14, COT_15, COT_16, COT_17, COT_18, COT_19, COT_20, COT_21, COT_22, COT_23, COT_24, COT_25, COT_26, COT_27, COT_28, COT_29, COT_30, COT_31, COT_32, COT_33) VALUES (7616, '  2. Ph?i tr? d?i h?n n?i b? ', '226', '227', '228', null, null, null, null, null, null, null, null, 78, '95_01_CDKT', '332', null, null, null, null, null, null, null, null, null, null, null, null, null, null, null, null, null, null, null, null, null, null);
INSERT INTO RCV_GDIEN_TKHAI (ID, TEN_CTIEU, COT_01, COT_02, COT_03, COT_04, COT_05, COT_06, COT_07, COT_08, COT_09, COT_10, COT_11, SO_TT, LOAI_DLIEU, MA_CTIEU, COT_12, COT_13, COT_14, COT_15, COT_16, COT_17, COT_18, COT_19, COT_20, COT_21, COT_22, COT_23, COT_24, COT_25, COT_26, COT_27, COT_28, COT_29, COT_30, COT_31, COT_32, COT_33) VALUES (7617, '  3. Ph?i tr? d?i h?n kh?c', '229', '230', '231', null, null, null, null, null, null, null, null, 79, '95_01_CDKT', '333', null, null, null, null, null, null, null, null, null, null, null, null, null, null, null, null, null, null, null, null, null, null);
INSERT INTO RCV_GDIEN_TKHAI (ID, TEN_CTIEU, COT_01, COT_02, COT_03, COT_04, COT_05, COT_06, COT_07, COT_08, COT_09, COT_10, COT_11, SO_TT, LOAI_DLIEU, MA_CTIEU, COT_12, COT_13, COT_14, COT_15, COT_16, COT_17, COT_18, COT_19, COT_20, COT_21, COT_22, COT_23, COT_24, COT_25, COT_26, COT_27, COT_28, COT_29, COT_30, COT_31, COT_32, COT_33) VALUES (7618, '  4. Vay v? n? d?i h?n ', '232', '233', '234', null, null, null, null, null, null, null, null, 80, '95_01_CDKT', '334', null, null, null, null, null, null, null, null, null, null, null, null, null, null, null, null, null, null, null, null, null, null);
INSERT INTO RCV_GDIEN_TKHAI (ID, TEN_CTIEU, COT_01, COT_02, COT_03, COT_04, COT_05, COT_06, COT_07, COT_08, COT_09, COT_10, COT_11, SO_TT, LOAI_DLIEU, MA_CTIEU, COT_12, COT_13, COT_14, COT_15, COT_16, COT_17, COT_18, COT_19, COT_20, COT_21, COT_22, COT_23, COT_24, COT_25, COT_26, COT_27, COT_28, COT_29, COT_30, COT_31, COT_32, COT_33) VALUES (7619, '  5. Thu? thu nh?p ho?n l?i ph?i tr? ', '235', '236', '237', null, null, null, null, null, null, null, null, 81, '95_01_CDKT', '335', null, null, null, null, null, null, null, null, null, null, null, null, null, null, null, null, null, null, null, null, null, null);
INSERT INTO RCV_GDIEN_TKHAI (ID, TEN_CTIEU, COT_01, COT_02, COT_03, COT_04, COT_05, COT_06, COT_07, COT_08, COT_09, COT_10, COT_11, SO_TT, LOAI_DLIEU, MA_CTIEU, COT_12, COT_13, COT_14, COT_15, COT_16, COT_17, COT_18, COT_19, COT_20, COT_21, COT_22, COT_23, COT_24, COT_25, COT_26, COT_27, COT_28, COT_29, COT_30, COT_31, COT_32, COT_33) VALUES (7620, '  6. D? ph?ng tr? c?p m?t vi?c l?m', '238', '239', '240', null, null, null, null, null, null, null, null, 82, '95_01_CDKT', '336', null, null, null, null, null, null, null, null, null, null, null, null, null, null, null, null, null, null, null, null, null, null);
INSERT INTO RCV_GDIEN_TKHAI (ID, TEN_CTIEU, COT_01, COT_02, COT_03, COT_04, COT_05, COT_06, COT_07, COT_08, COT_09, COT_10, COT_11, SO_TT, LOAI_DLIEU, MA_CTIEU, COT_12, COT_13, COT_14, COT_15, COT_16, COT_17, COT_18, COT_19, COT_20, COT_21, COT_22, COT_23, COT_24, COT_25, COT_26, COT_27, COT_28, COT_29, COT_30, COT_31, COT_32, COT_33) VALUES (7621, '  7. D? ph?ng ph?i tr? d?i h?n ', '241', '242', '243', null, null, null, null, null, null, null, null, 83, '95_01_CDKT', '337', null, null, null, null, null, null, null, null, null, null, null, null, null, null, null, null, null, null, null, null, null, null);
INSERT INTO RCV_GDIEN_TKHAI (ID, TEN_CTIEU, COT_01, COT_02, COT_03, COT_04, COT_05, COT_06, COT_07, COT_08, COT_09, COT_10, COT_11, SO_TT, LOAI_DLIEU, MA_CTIEU, COT_12, COT_13, COT_14, COT_15, COT_16, COT_17, COT_18, COT_19, COT_20, COT_21, COT_22, COT_23, COT_24, COT_25, COT_26, COT_27, COT_28, COT_29, COT_30, COT_31, COT_32, COT_33) VALUES (7622, '  8. Doanh thu ch?a th?c hi?n d?i h?n', '244', '245', '246', null, null, null, null, null, null, null, null, 84, '95_01_CDKT', '338', null, null, null, null, null, null, null, null, null, null, null, null, null, null, null, null, null, null, null, null, null, null);
INSERT INTO RCV_GDIEN_TKHAI (ID, TEN_CTIEU, COT_01, COT_02, COT_03, COT_04, COT_05, COT_06, COT_07, COT_08, COT_09, COT_10, COT_11, SO_TT, LOAI_DLIEU, MA_CTIEU, COT_12, COT_13, COT_14, COT_15, COT_16, COT_17, COT_18, COT_19, COT_20, COT_21, COT_22, COT_23, COT_24, COT_25, COT_26, COT_27, COT_28, COT_29, COT_30, COT_31, COT_32, COT_33) VALUES (7623, '  9. Qu? ph?t tri?n khoa h?c v? c?ng ngh?', '247', '248', '249', null, null, null, null, null, null, null, null, 85, '95_01_CDKT', '339', null, null, null, null, null, null, null, null, null, null, null, null, null, null, null, null, null, null, null, null, null, null);
INSERT INTO RCV_GDIEN_TKHAI (ID, TEN_CTIEU, COT_01, COT_02, COT_03, COT_04, COT_05, COT_06, COT_07, COT_08, COT_09, COT_10, COT_11, SO_TT, LOAI_DLIEU, MA_CTIEU, COT_12, COT_13, COT_14, COT_15, COT_16, COT_17, COT_18, COT_19, COT_20, COT_21, COT_22, COT_23, COT_24, COT_25, COT_26, COT_27, COT_28, COT_29, COT_30, COT_31, COT_32, COT_33) VALUES (7624, '  10. D? ph?ng b?i th??ng thi?t h?i cho nh? ?u t?', '250', '251', '252', null, null, null, null, null, null, null, null, 86, '95_01_CDKT', '359', null, null, null, null, null, null, null, null, null, null, null, null, null, null, null, null, null, null, null, null, null, null);
INSERT INTO RCV_GDIEN_TKHAI (ID, TEN_CTIEU, COT_01, COT_02, COT_03, COT_04, COT_05, COT_06, COT_07, COT_08, COT_09, COT_10, COT_11, SO_TT, LOAI_DLIEU, MA_CTIEU, COT_12, COT_13, COT_14, COT_15, COT_16, COT_17, COT_18, COT_19, COT_20, COT_21, COT_22, COT_23, COT_24, COT_25, COT_26, COT_27, COT_28, COT_29, COT_30, COT_31, COT_32, COT_33) VALUES (7625, 'B - V?N CH? S? H?U (400 = 410 + 430)', '253', '254', '255', null, null, null, null, null, null, null, null, 87, '95_01_CDKT', '400', null, null, null, null, null, null, null, null, null, null, null, null, null, null, null, null, null, null, null, null, null, null);
INSERT INTO RCV_GDIEN_TKHAI (ID, TEN_CTIEU, COT_01, COT_02, COT_03, COT_04, COT_05, COT_06, COT_07, COT_08, COT_09, COT_10, COT_11, SO_TT, LOAI_DLIEU, MA_CTIEU, COT_12, COT_13, COT_14, COT_15, COT_16, COT_17, COT_18, COT_19, COT_20, COT_21, COT_22, COT_23, COT_24, COT_25, COT_26, COT_27, COT_28, COT_29, COT_30, COT_31, COT_32, COT_33) VALUES (7626, 'I. V?n ch? s? h?u (410 = 411 + 412 +&. + 420))', '256', '257', '258', null, null, null, null, null, null, null, null, 88, '95_01_CDKT', '410', null, null, null, null, null, null, null, null, null, null, null, null, null, null, null, null, null, null, null, null, null, null);
INSERT INTO RCV_GDIEN_TKHAI (ID, TEN_CTIEU, COT_01, COT_02, COT_03, COT_04, COT_05, COT_06, COT_07, COT_08, COT_09, COT_10, COT_11, SO_TT, LOAI_DLIEU, MA_CTIEU, COT_12, COT_13, COT_14, COT_15, COT_16, COT_17, COT_18, COT_19, COT_20, COT_21, COT_22, COT_23, COT_24, COT_25, COT_26, COT_27, COT_28, COT_29, COT_30, COT_31, COT_32, COT_33) VALUES (7627, '  1. V?n ?u t? c?a ch? s? h?u', '259', '260', '261', null, null, null, null, null, null, null, null, 89, '95_01_CDKT', '411', null, null, null, null, null, null, null, null, null, null, null, null, null, null, null, null, null, null, null, null, null, null);
INSERT INTO RCV_GDIEN_TKHAI (ID, TEN_CTIEU, COT_01, COT_02, COT_03, COT_04, COT_05, COT_06, COT_07, COT_08, COT_09, COT_10, COT_11, SO_TT, LOAI_DLIEU, MA_CTIEU, COT_12, COT_13, COT_14, COT_15, COT_16, COT_17, COT_18, COT_19, COT_20, COT_21, COT_22, COT_23, COT_24, COT_25, COT_26, COT_27, COT_28, COT_29, COT_30, COT_31, COT_32, COT_33) VALUES (7628, '  2. Th?ng d? v?n c? ph?n', '262', '263', '264', null, null, null, null, null, null, null, null, 90, '95_01_CDKT', '412', null, null, null, null, null, null, null, null, null, null, null, null, null, null, null, null, null, null, null, null, null, null);
INSERT INTO RCV_GDIEN_TKHAI (ID, TEN_CTIEU, COT_01, COT_02, COT_03, COT_04, COT_05, COT_06, COT_07, COT_08, COT_09, COT_10, COT_11, SO_TT, LOAI_DLIEU, MA_CTIEU, COT_12, COT_13, COT_14, COT_15, COT_16, COT_17, COT_18, COT_19, COT_20, COT_21, COT_22, COT_23, COT_24, COT_25, COT_26, COT_27, COT_28, COT_29, COT_30, COT_31, COT_32, COT_33) VALUES (7629, '  3. V?n kh?c c?a ch? s? h?u ', '265', '266', '267', null, null, null, null, null, null, null, null, 91, '95_01_CDKT', '413', null, null, null, null, null, null, null, null, null, null, null, null, null, null, null, null, null, null, null, null, null, null);
INSERT INTO RCV_GDIEN_TKHAI (ID, TEN_CTIEU, COT_01, COT_02, COT_03, COT_04, COT_05, COT_06, COT_07, COT_08, COT_09, COT_10, COT_11, SO_TT, LOAI_DLIEU, MA_CTIEU, COT_12, COT_13, COT_14, COT_15, COT_16, COT_17, COT_18, COT_19, COT_20, COT_21, COT_22, COT_23, COT_24, COT_25, COT_26, COT_27, COT_28, COT_29, COT_30, COT_31, COT_32, COT_33) VALUES (7630, '  4. C? phi?u qu? (*)', '268', '269', '270', null, null, null, null, null, null, null, null, 92, '95_01_CDKT', '414', null, null, null, null, null, null, null, null, null, null, null, null, null, null, null, null, null, null, null, null, null, null);
INSERT INTO RCV_GDIEN_TKHAI (ID, TEN_CTIEU, COT_01, COT_02, COT_03, COT_04, COT_05, COT_06, COT_07, COT_08, COT_09, COT_10, COT_11, SO_TT, LOAI_DLIEU, MA_CTIEU, COT_12, COT_13, COT_14, COT_15, COT_16, COT_17, COT_18, COT_19, COT_20, COT_21, COT_22, COT_23, COT_24, COT_25, COT_26, COT_27, COT_28, COT_29, COT_30, COT_31, COT_32, COT_33) VALUES (7631, '  5. Ch?nh l?ch ?nh gi? l?i t?i s?n', '271', '272', '273', null, null, null, null, null, null, null, null, 93, '95_01_CDKT', '415', null, null, null, null, null, null, null, null, null, null, null, null, null, null, null, null, null, null, null, null, null, null);
INSERT INTO RCV_GDIEN_TKHAI (ID, TEN_CTIEU, COT_01, COT_02, COT_03, COT_04, COT_05, COT_06, COT_07, COT_08, COT_09, COT_10, COT_11, SO_TT, LOAI_DLIEU, MA_CTIEU, COT_12, COT_13, COT_14, COT_15, COT_16, COT_17, COT_18, COT_19, COT_20, COT_21, COT_22, COT_23, COT_24, COT_25, COT_26, COT_27, COT_28, COT_29, COT_30, COT_31, COT_32, COT_33) VALUES (7632, '  6. Ch?nh l?ch t? gi? h?i o?i', '274', '275', '276', null, null, null, null, null, null, null, null, 94, '95_01_CDKT', '416', null, null, null, null, null, null, null, null, null, null, null, null, null, null, null, null, null, null, null, null, null, null);
INSERT INTO RCV_GDIEN_TKHAI (ID, TEN_CTIEU, COT_01, COT_02, COT_03, COT_04, COT_05, COT_06, COT_07, COT_08, COT_09, COT_10, COT_11, SO_TT, LOAI_DLIEU, MA_CTIEU, COT_12, COT_13, COT_14, COT_15, COT_16, COT_17, COT_18, COT_19, COT_20, COT_21, COT_22, COT_23, COT_24, COT_25, COT_26, COT_27, COT_28, COT_29, COT_30, COT_31, COT_32, COT_33) VALUES (7633, '  7. Qu? ?u t? ph?t tri?n', '277', '278', '279', null, null, null, null, null, null, null, null, 95, '95_01_CDKT', '417', null, null, null, null, null, null, null, null, null, null, null, null, null, null, null, null, null, null, null, null, null, null);
INSERT INTO RCV_GDIEN_TKHAI (ID, TEN_CTIEU, COT_01, COT_02, COT_03, COT_04, COT_05, COT_06, COT_07, COT_08, COT_09, COT_10, COT_11, SO_TT, LOAI_DLIEU, MA_CTIEU, COT_12, COT_13, COT_14, COT_15, COT_16, COT_17, COT_18, COT_19, COT_20, COT_21, COT_22, COT_23, COT_24, COT_25, COT_26, COT_27, COT_28, COT_29, COT_30, COT_31, COT_32, COT_33) VALUES (7634, '  8. Qu? d? ph?ng t?i ch?nh', '280', '281', '282', null, null, null, null, null, null, null, null, 96, '95_01_CDKT', '418', null, null, null, null, null, null, null, null, null, null, null, null, null, null, null, null, null, null, null, null, null, null);
INSERT INTO RCV_GDIEN_TKHAI (ID, TEN_CTIEU, COT_01, COT_02, COT_03, COT_04, COT_05, COT_06, COT_07, COT_08, COT_09, COT_10, COT_11, SO_TT, LOAI_DLIEU, MA_CTIEU, COT_12, COT_13, COT_14, COT_15, COT_16, COT_17, COT_18, COT_19, COT_20, COT_21, COT_22, COT_23, COT_24, COT_25, COT_26, COT_27, COT_28, COT_29, COT_30, COT_31, COT_32, COT_33) VALUES (7635, '  9. Qu? kh?c thu?c v?n ch? s? h?u', '283', '284', '285', null, null, null, null, null, null, null, null, 97, '95_01_CDKT', '419', null, null, null, null, null, null, null, null, null, null, null, null, null, null, null, null, null, null, null, null, null, null);
INSERT INTO RCV_GDIEN_TKHAI (ID, TEN_CTIEU, COT_01, COT_02, COT_03, COT_04, COT_05, COT_06, COT_07, COT_08, COT_09, COT_10, COT_11, SO_TT, LOAI_DLIEU, MA_CTIEU, COT_12, COT_13, COT_14, COT_15, COT_16, COT_17, COT_18, COT_19, COT_20, COT_21, COT_22, COT_23, COT_24, COT_25, COT_26, COT_27, COT_28, COT_29, COT_30, COT_31, COT_32, COT_33) VALUES (7636, ' 10. L?i nhu?n sau thu? ch?a ph?n ph?i', '286', '287', '288', null, null, null, null, null, null, null, null, 98, '95_01_CDKT', '420', null, null, null, null, null, null, null, null, null, null, null, null, null, null, null, null, null, null, null, null, null, null);
INSERT INTO RCV_GDIEN_TKHAI (ID, TEN_CTIEU, COT_01, COT_02, COT_03, COT_04, COT_05, COT_06, COT_07, COT_08, COT_09, COT_10, COT_11, SO_TT, LOAI_DLIEU, MA_CTIEU, COT_12, COT_13, COT_14, COT_15, COT_16, COT_17, COT_18, COT_19, COT_20, COT_21, COT_22, COT_23, COT_24, COT_25, COT_26, COT_27, COT_28, COT_29, COT_30, COT_31, COT_32, COT_33) VALUES (7637, 'T?NG C?NG NGU?N V?N (440 = 300 + 400)', '289', '290', '291', null, null, null, null, null, null, null, null, 99, '95_01_CDKT', '440', null, null, null, null, null, null, null, null, null, null, null, null, null, null, null, null, null, null, null, null, null, null);
INSERT INTO RCV_GDIEN_TKHAI (ID, TEN_CTIEU, COT_01, COT_02, COT_03, COT_04, COT_05, COT_06, COT_07, COT_08, COT_09, COT_10, COT_11, SO_TT, LOAI_DLIEU, MA_CTIEU, COT_12, COT_13, COT_14, COT_15, COT_16, COT_17, COT_18, COT_19, COT_20, COT_21, COT_22, COT_23, COT_24, COT_25, COT_26, COT_27, COT_28, COT_29, COT_30, COT_31, COT_32, COT_33) VALUES (7638, 'CH? TI?U NGO?I B?NG C?N ?I K? TO?N', null, null, null, null, null, null, null, null, null, null, null, 100, '95_01_CDKT', 'NB', null, null, null, null, null, null, null, null, null, null, null, null, null, null, null, null, null, null, null, null, null, null);

--map chi tieu
INSERT INTO RCV_MAP_CTIEU (LOAI_DLIEU, KY_HIEU, KIEU_DLIEU, GDN_ID, KY_HIEU_CTIEU) VALUES ('95_01_CDKT', '1', 'C', 7540, null);
INSERT INTO RCV_MAP_CTIEU (LOAI_DLIEU, KY_HIEU, KIEU_DLIEU, GDN_ID, KY_HIEU_CTIEU) VALUES ('95_01_CDKT', '10', 'C', 7543, null);
INSERT INTO RCV_MAP_CTIEU (LOAI_DLIEU, KY_HIEU, KIEU_DLIEU, GDN_ID, KY_HIEU_CTIEU) VALUES ('95_01_CDKT', '100', 'C', 7573, null);
INSERT INTO RCV_MAP_CTIEU (LOAI_DLIEU, KY_HIEU, KIEU_DLIEU, GDN_ID, KY_HIEU_CTIEU) VALUES ('95_01_CDKT', '101', 'N', 7573, null);
INSERT INTO RCV_MAP_CTIEU (LOAI_DLIEU, KY_HIEU, KIEU_DLIEU, GDN_ID, KY_HIEU_CTIEU) VALUES ('95_01_CDKT', '102', 'N', 7573, null);
INSERT INTO RCV_MAP_CTIEU (LOAI_DLIEU, KY_HIEU, KIEU_DLIEU, GDN_ID, KY_HIEU_CTIEU) VALUES ('95_01_CDKT', '103', 'C', 7574, null);
INSERT INTO RCV_MAP_CTIEU (LOAI_DLIEU, KY_HIEU, KIEU_DLIEU, GDN_ID, KY_HIEU_CTIEU) VALUES ('95_01_CDKT', '104', 'N', 7574, null);
INSERT INTO RCV_MAP_CTIEU (LOAI_DLIEU, KY_HIEU, KIEU_DLIEU, GDN_ID, KY_HIEU_CTIEU) VALUES ('95_01_CDKT', '105', 'N', 7574, null);
INSERT INTO RCV_MAP_CTIEU (LOAI_DLIEU, KY_HIEU, KIEU_DLIEU, GDN_ID, KY_HIEU_CTIEU) VALUES ('95_01_CDKT', '106', 'C', 7575, null);
INSERT INTO RCV_MAP_CTIEU (LOAI_DLIEU, KY_HIEU, KIEU_DLIEU, GDN_ID, KY_HIEU_CTIEU) VALUES ('95_01_CDKT', '107', 'N', 7575, null);
INSERT INTO RCV_MAP_CTIEU (LOAI_DLIEU, KY_HIEU, KIEU_DLIEU, GDN_ID, KY_HIEU_CTIEU) VALUES ('95_01_CDKT', '108', 'N', 7575, null);
INSERT INTO RCV_MAP_CTIEU (LOAI_DLIEU, KY_HIEU, KIEU_DLIEU, GDN_ID, KY_HIEU_CTIEU) VALUES ('95_01_CDKT', '109', 'C', 7576, null);
INSERT INTO RCV_MAP_CTIEU (LOAI_DLIEU, KY_HIEU, KIEU_DLIEU, GDN_ID, KY_HIEU_CTIEU) VALUES ('95_01_CDKT', '11', 'N', 7543, null);
INSERT INTO RCV_MAP_CTIEU (LOAI_DLIEU, KY_HIEU, KIEU_DLIEU, GDN_ID, KY_HIEU_CTIEU) VALUES ('95_01_CDKT', '110', 'N', 7576, null);
INSERT INTO RCV_MAP_CTIEU (LOAI_DLIEU, KY_HIEU, KIEU_DLIEU, GDN_ID, KY_HIEU_CTIEU) VALUES ('95_01_CDKT', '111', 'N', 7576, null);
INSERT INTO RCV_MAP_CTIEU (LOAI_DLIEU, KY_HIEU, KIEU_DLIEU, GDN_ID, KY_HIEU_CTIEU) VALUES ('95_01_CDKT', '112', 'C', 7577, null);
INSERT INTO RCV_MAP_CTIEU (LOAI_DLIEU, KY_HIEU, KIEU_DLIEU, GDN_ID, KY_HIEU_CTIEU) VALUES ('95_01_CDKT', '113', 'N', 7577, null);
INSERT INTO RCV_MAP_CTIEU (LOAI_DLIEU, KY_HIEU, KIEU_DLIEU, GDN_ID, KY_HIEU_CTIEU) VALUES ('95_01_CDKT', '114', 'N', 7577, null);
INSERT INTO RCV_MAP_CTIEU (LOAI_DLIEU, KY_HIEU, KIEU_DLIEU, GDN_ID, KY_HIEU_CTIEU) VALUES ('95_01_CDKT', '115', 'C', 7578, null);
INSERT INTO RCV_MAP_CTIEU (LOAI_DLIEU, KY_HIEU, KIEU_DLIEU, GDN_ID, KY_HIEU_CTIEU) VALUES ('95_01_CDKT', '116', 'N', 7578, null);
INSERT INTO RCV_MAP_CTIEU (LOAI_DLIEU, KY_HIEU, KIEU_DLIEU, GDN_ID, KY_HIEU_CTIEU) VALUES ('95_01_CDKT', '117', 'N', 7578, null);
INSERT INTO RCV_MAP_CTIEU (LOAI_DLIEU, KY_HIEU, KIEU_DLIEU, GDN_ID, KY_HIEU_CTIEU) VALUES ('95_01_CDKT', '118', 'C', 7579, null);
INSERT INTO RCV_MAP_CTIEU (LOAI_DLIEU, KY_HIEU, KIEU_DLIEU, GDN_ID, KY_HIEU_CTIEU) VALUES ('95_01_CDKT', '119', 'N', 7579, null);
INSERT INTO RCV_MAP_CTIEU (LOAI_DLIEU, KY_HIEU, KIEU_DLIEU, GDN_ID, KY_HIEU_CTIEU) VALUES ('95_01_CDKT', '12', 'N', 7543, null);
INSERT INTO RCV_MAP_CTIEU (LOAI_DLIEU, KY_HIEU, KIEU_DLIEU, GDN_ID, KY_HIEU_CTIEU) VALUES ('95_01_CDKT', '120', 'N', 7579, null);
INSERT INTO RCV_MAP_CTIEU (LOAI_DLIEU, KY_HIEU, KIEU_DLIEU, GDN_ID, KY_HIEU_CTIEU) VALUES ('95_01_CDKT', '121', 'C', 7580, null);
INSERT INTO RCV_MAP_CTIEU (LOAI_DLIEU, KY_HIEU, KIEU_DLIEU, GDN_ID, KY_HIEU_CTIEU) VALUES ('95_01_CDKT', '122', 'N', 7580, null);
INSERT INTO RCV_MAP_CTIEU (LOAI_DLIEU, KY_HIEU, KIEU_DLIEU, GDN_ID, KY_HIEU_CTIEU) VALUES ('95_01_CDKT', '123', 'N', 7580, null);
INSERT INTO RCV_MAP_CTIEU (LOAI_DLIEU, KY_HIEU, KIEU_DLIEU, GDN_ID, KY_HIEU_CTIEU) VALUES ('95_01_CDKT', '124', 'C', 7581, null);
INSERT INTO RCV_MAP_CTIEU (LOAI_DLIEU, KY_HIEU, KIEU_DLIEU, GDN_ID, KY_HIEU_CTIEU) VALUES ('95_01_CDKT', '125', 'N', 7581, null);
INSERT INTO RCV_MAP_CTIEU (LOAI_DLIEU, KY_HIEU, KIEU_DLIEU, GDN_ID, KY_HIEU_CTIEU) VALUES ('95_01_CDKT', '126', 'N', 7581, null);
INSERT INTO RCV_MAP_CTIEU (LOAI_DLIEU, KY_HIEU, KIEU_DLIEU, GDN_ID, KY_HIEU_CTIEU) VALUES ('95_01_CDKT', '127', 'C', 7582, null);
INSERT INTO RCV_MAP_CTIEU (LOAI_DLIEU, KY_HIEU, KIEU_DLIEU, GDN_ID, KY_HIEU_CTIEU) VALUES ('95_01_CDKT', '128', 'N', 7582, null);
INSERT INTO RCV_MAP_CTIEU (LOAI_DLIEU, KY_HIEU, KIEU_DLIEU, GDN_ID, KY_HIEU_CTIEU) VALUES ('95_01_CDKT', '129', 'N', 7582, null);
INSERT INTO RCV_MAP_CTIEU (LOAI_DLIEU, KY_HIEU, KIEU_DLIEU, GDN_ID, KY_HIEU_CTIEU) VALUES ('95_01_CDKT', '13', 'C', 7544, null);
INSERT INTO RCV_MAP_CTIEU (LOAI_DLIEU, KY_HIEU, KIEU_DLIEU, GDN_ID, KY_HIEU_CTIEU) VALUES ('95_01_CDKT', '130', 'C', 7583, null);
INSERT INTO RCV_MAP_CTIEU (LOAI_DLIEU, KY_HIEU, KIEU_DLIEU, GDN_ID, KY_HIEU_CTIEU) VALUES ('95_01_CDKT', '131', 'N', 7583, null);
INSERT INTO RCV_MAP_CTIEU (LOAI_DLIEU, KY_HIEU, KIEU_DLIEU, GDN_ID, KY_HIEU_CTIEU) VALUES ('95_01_CDKT', '132', 'N', 7583, null);
INSERT INTO RCV_MAP_CTIEU (LOAI_DLIEU, KY_HIEU, KIEU_DLIEU, GDN_ID, KY_HIEU_CTIEU) VALUES ('95_01_CDKT', '133', 'C', 7584, null);
INSERT INTO RCV_MAP_CTIEU (LOAI_DLIEU, KY_HIEU, KIEU_DLIEU, GDN_ID, KY_HIEU_CTIEU) VALUES ('95_01_CDKT', '134', 'N', 7584, null);
INSERT INTO RCV_MAP_CTIEU (LOAI_DLIEU, KY_HIEU, KIEU_DLIEU, GDN_ID, KY_HIEU_CTIEU) VALUES ('95_01_CDKT', '135', 'N', 7584, null);
INSERT INTO RCV_MAP_CTIEU (LOAI_DLIEU, KY_HIEU, KIEU_DLIEU, GDN_ID, KY_HIEU_CTIEU) VALUES ('95_01_CDKT', '136', 'C', 7585, null);
INSERT INTO RCV_MAP_CTIEU (LOAI_DLIEU, KY_HIEU, KIEU_DLIEU, GDN_ID, KY_HIEU_CTIEU) VALUES ('95_01_CDKT', '137', 'N', 7585, null);
INSERT INTO RCV_MAP_CTIEU (LOAI_DLIEU, KY_HIEU, KIEU_DLIEU, GDN_ID, KY_HIEU_CTIEU) VALUES ('95_01_CDKT', '138', 'N', 7585, null);
INSERT INTO RCV_MAP_CTIEU (LOAI_DLIEU, KY_HIEU, KIEU_DLIEU, GDN_ID, KY_HIEU_CTIEU) VALUES ('95_01_CDKT', '139', 'C', 7586, null);
INSERT INTO RCV_MAP_CTIEU (LOAI_DLIEU, KY_HIEU, KIEU_DLIEU, GDN_ID, KY_HIEU_CTIEU) VALUES ('95_01_CDKT', '14', 'N', 7544, null);
INSERT INTO RCV_MAP_CTIEU (LOAI_DLIEU, KY_HIEU, KIEU_DLIEU, GDN_ID, KY_HIEU_CTIEU) VALUES ('95_01_CDKT', '140', 'N', 7586, null);
INSERT INTO RCV_MAP_CTIEU (LOAI_DLIEU, KY_HIEU, KIEU_DLIEU, GDN_ID, KY_HIEU_CTIEU) VALUES ('95_01_CDKT', '141', 'N', 7586, null);
INSERT INTO RCV_MAP_CTIEU (LOAI_DLIEU, KY_HIEU, KIEU_DLIEU, GDN_ID, KY_HIEU_CTIEU) VALUES ('95_01_CDKT', '142', 'C', 7587, null);
INSERT INTO RCV_MAP_CTIEU (LOAI_DLIEU, KY_HIEU, KIEU_DLIEU, GDN_ID, KY_HIEU_CTIEU) VALUES ('95_01_CDKT', '143', 'N', 7587, null);
INSERT INTO RCV_MAP_CTIEU (LOAI_DLIEU, KY_HIEU, KIEU_DLIEU, GDN_ID, KY_HIEU_CTIEU) VALUES ('95_01_CDKT', '144', 'N', 7587, null);
INSERT INTO RCV_MAP_CTIEU (LOAI_DLIEU, KY_HIEU, KIEU_DLIEU, GDN_ID, KY_HIEU_CTIEU) VALUES ('95_01_CDKT', '145', 'C', 7588, null);
INSERT INTO RCV_MAP_CTIEU (LOAI_DLIEU, KY_HIEU, KIEU_DLIEU, GDN_ID, KY_HIEU_CTIEU) VALUES ('95_01_CDKT', '146', 'N', 7588, null);
INSERT INTO RCV_MAP_CTIEU (LOAI_DLIEU, KY_HIEU, KIEU_DLIEU, GDN_ID, KY_HIEU_CTIEU) VALUES ('95_01_CDKT', '147', 'N', 7588, null);
INSERT INTO RCV_MAP_CTIEU (LOAI_DLIEU, KY_HIEU, KIEU_DLIEU, GDN_ID, KY_HIEU_CTIEU) VALUES ('95_01_CDKT', '148', 'C', 7589, null);
INSERT INTO RCV_MAP_CTIEU (LOAI_DLIEU, KY_HIEU, KIEU_DLIEU, GDN_ID, KY_HIEU_CTIEU) VALUES ('95_01_CDKT', '149', 'N', 7589, null);
INSERT INTO RCV_MAP_CTIEU (LOAI_DLIEU, KY_HIEU, KIEU_DLIEU, GDN_ID, KY_HIEU_CTIEU) VALUES ('95_01_CDKT', '15', 'N', 7544, null);
INSERT INTO RCV_MAP_CTIEU (LOAI_DLIEU, KY_HIEU, KIEU_DLIEU, GDN_ID, KY_HIEU_CTIEU) VALUES ('95_01_CDKT', '150', 'N', 7589, null);
INSERT INTO RCV_MAP_CTIEU (LOAI_DLIEU, KY_HIEU, KIEU_DLIEU, GDN_ID, KY_HIEU_CTIEU) VALUES ('95_01_CDKT', '151', 'C', 7590, null);
INSERT INTO RCV_MAP_CTIEU (LOAI_DLIEU, KY_HIEU, KIEU_DLIEU, GDN_ID, KY_HIEU_CTIEU) VALUES ('95_01_CDKT', '152', 'N', 7590, null);
INSERT INTO RCV_MAP_CTIEU (LOAI_DLIEU, KY_HIEU, KIEU_DLIEU, GDN_ID, KY_HIEU_CTIEU) VALUES ('95_01_CDKT', '153', 'N', 7590, null);
INSERT INTO RCV_MAP_CTIEU (LOAI_DLIEU, KY_HIEU, KIEU_DLIEU, GDN_ID, KY_HIEU_CTIEU) VALUES ('95_01_CDKT', '154', 'C', 7591, null);
INSERT INTO RCV_MAP_CTIEU (LOAI_DLIEU, KY_HIEU, KIEU_DLIEU, GDN_ID, KY_HIEU_CTIEU) VALUES ('95_01_CDKT', '155', 'N', 7591, null);
INSERT INTO RCV_MAP_CTIEU (LOAI_DLIEU, KY_HIEU, KIEU_DLIEU, GDN_ID, KY_HIEU_CTIEU) VALUES ('95_01_CDKT', '156', 'N', 7591, null);
INSERT INTO RCV_MAP_CTIEU (LOAI_DLIEU, KY_HIEU, KIEU_DLIEU, GDN_ID, KY_HIEU_CTIEU) VALUES ('95_01_CDKT', '157', 'C', 7592, null);
INSERT INTO RCV_MAP_CTIEU (LOAI_DLIEU, KY_HIEU, KIEU_DLIEU, GDN_ID, KY_HIEU_CTIEU) VALUES ('95_01_CDKT', '158', 'N', 7592, null);
INSERT INTO RCV_MAP_CTIEU (LOAI_DLIEU, KY_HIEU, KIEU_DLIEU, GDN_ID, KY_HIEU_CTIEU) VALUES ('95_01_CDKT', '159', 'N', 7592, null);
INSERT INTO RCV_MAP_CTIEU (LOAI_DLIEU, KY_HIEU, KIEU_DLIEU, GDN_ID, KY_HIEU_CTIEU) VALUES ('95_01_CDKT', '16', 'C', 7545, null);
INSERT INTO RCV_MAP_CTIEU (LOAI_DLIEU, KY_HIEU, KIEU_DLIEU, GDN_ID, KY_HIEU_CTIEU) VALUES ('95_01_CDKT', '160', 'C', 7593, null);
INSERT INTO RCV_MAP_CTIEU (LOAI_DLIEU, KY_HIEU, KIEU_DLIEU, GDN_ID, KY_HIEU_CTIEU) VALUES ('95_01_CDKT', '161', 'N', 7593, null);
INSERT INTO RCV_MAP_CTIEU (LOAI_DLIEU, KY_HIEU, KIEU_DLIEU, GDN_ID, KY_HIEU_CTIEU) VALUES ('95_01_CDKT', '162', 'N', 7593, null);
INSERT INTO RCV_MAP_CTIEU (LOAI_DLIEU, KY_HIEU, KIEU_DLIEU, GDN_ID, KY_HIEU_CTIEU) VALUES ('95_01_CDKT', '163', 'C', 7594, null);
INSERT INTO RCV_MAP_CTIEU (LOAI_DLIEU, KY_HIEU, KIEU_DLIEU, GDN_ID, KY_HIEU_CTIEU) VALUES ('95_01_CDKT', '164', 'N', 7594, null);
INSERT INTO RCV_MAP_CTIEU (LOAI_DLIEU, KY_HIEU, KIEU_DLIEU, GDN_ID, KY_HIEU_CTIEU) VALUES ('95_01_CDKT', '165', 'N', 7594, null);
INSERT INTO RCV_MAP_CTIEU (LOAI_DLIEU, KY_HIEU, KIEU_DLIEU, GDN_ID, KY_HIEU_CTIEU) VALUES ('95_01_CDKT', '166', 'C', 7595, null);
INSERT INTO RCV_MAP_CTIEU (LOAI_DLIEU, KY_HIEU, KIEU_DLIEU, GDN_ID, KY_HIEU_CTIEU) VALUES ('95_01_CDKT', '167', 'N', 7595, null);
INSERT INTO RCV_MAP_CTIEU (LOAI_DLIEU, KY_HIEU, KIEU_DLIEU, GDN_ID, KY_HIEU_CTIEU) VALUES ('95_01_CDKT', '168', 'N', 7595, null);
INSERT INTO RCV_MAP_CTIEU (LOAI_DLIEU, KY_HIEU, KIEU_DLIEU, GDN_ID, KY_HIEU_CTIEU) VALUES ('95_01_CDKT', '169', 'C', 7597, null);
INSERT INTO RCV_MAP_CTIEU (LOAI_DLIEU, KY_HIEU, KIEU_DLIEU, GDN_ID, KY_HIEU_CTIEU) VALUES ('95_01_CDKT', '17', 'N', 7545, null);
INSERT INTO RCV_MAP_CTIEU (LOAI_DLIEU, KY_HIEU, KIEU_DLIEU, GDN_ID, KY_HIEU_CTIEU) VALUES ('95_01_CDKT', '170', 'N', 7597, null);
INSERT INTO RCV_MAP_CTIEU (LOAI_DLIEU, KY_HIEU, KIEU_DLIEU, GDN_ID, KY_HIEU_CTIEU) VALUES ('95_01_CDKT', '171', 'N', 7597, null);
INSERT INTO RCV_MAP_CTIEU (LOAI_DLIEU, KY_HIEU, KIEU_DLIEU, GDN_ID, KY_HIEU_CTIEU) VALUES ('95_01_CDKT', '172', 'C', 7598, null);
INSERT INTO RCV_MAP_CTIEU (LOAI_DLIEU, KY_HIEU, KIEU_DLIEU, GDN_ID, KY_HIEU_CTIEU) VALUES ('95_01_CDKT', '173', 'N', 7598, null);
INSERT INTO RCV_MAP_CTIEU (LOAI_DLIEU, KY_HIEU, KIEU_DLIEU, GDN_ID, KY_HIEU_CTIEU) VALUES ('95_01_CDKT', '174', 'N', 7598, null);
INSERT INTO RCV_MAP_CTIEU (LOAI_DLIEU, KY_HIEU, KIEU_DLIEU, GDN_ID, KY_HIEU_CTIEU) VALUES ('95_01_CDKT', '175', 'C', 7599, null);
INSERT INTO RCV_MAP_CTIEU (LOAI_DLIEU, KY_HIEU, KIEU_DLIEU, GDN_ID, KY_HIEU_CTIEU) VALUES ('95_01_CDKT', '176', 'N', 7599, null);
INSERT INTO RCV_MAP_CTIEU (LOAI_DLIEU, KY_HIEU, KIEU_DLIEU, GDN_ID, KY_HIEU_CTIEU) VALUES ('95_01_CDKT', '177', 'N', 7599, null);
INSERT INTO RCV_MAP_CTIEU (LOAI_DLIEU, KY_HIEU, KIEU_DLIEU, GDN_ID, KY_HIEU_CTIEU) VALUES ('95_01_CDKT', '178', 'C', 7600, null);
INSERT INTO RCV_MAP_CTIEU (LOAI_DLIEU, KY_HIEU, KIEU_DLIEU, GDN_ID, KY_HIEU_CTIEU) VALUES ('95_01_CDKT', '179', 'N', 7600, null);
INSERT INTO RCV_MAP_CTIEU (LOAI_DLIEU, KY_HIEU, KIEU_DLIEU, GDN_ID, KY_HIEU_CTIEU) VALUES ('95_01_CDKT', '18', 'N', 7545, null);
INSERT INTO RCV_MAP_CTIEU (LOAI_DLIEU, KY_HIEU, KIEU_DLIEU, GDN_ID, KY_HIEU_CTIEU) VALUES ('95_01_CDKT', '180', 'N', 7600, null);
INSERT INTO RCV_MAP_CTIEU (LOAI_DLIEU, KY_HIEU, KIEU_DLIEU, GDN_ID, KY_HIEU_CTIEU) VALUES ('95_01_CDKT', '181', 'C', 7601, null);
INSERT INTO RCV_MAP_CTIEU (LOAI_DLIEU, KY_HIEU, KIEU_DLIEU, GDN_ID, KY_HIEU_CTIEU) VALUES ('95_01_CDKT', '182', 'N', 7601, null);
INSERT INTO RCV_MAP_CTIEU (LOAI_DLIEU, KY_HIEU, KIEU_DLIEU, GDN_ID, KY_HIEU_CTIEU) VALUES ('95_01_CDKT', '183', 'N', 7601, null);
INSERT INTO RCV_MAP_CTIEU (LOAI_DLIEU, KY_HIEU, KIEU_DLIEU, GDN_ID, KY_HIEU_CTIEU) VALUES ('95_01_CDKT', '184', 'C', 7602, null);
INSERT INTO RCV_MAP_CTIEU (LOAI_DLIEU, KY_HIEU, KIEU_DLIEU, GDN_ID, KY_HIEU_CTIEU) VALUES ('95_01_CDKT', '185', 'N', 7602, null);
INSERT INTO RCV_MAP_CTIEU (LOAI_DLIEU, KY_HIEU, KIEU_DLIEU, GDN_ID, KY_HIEU_CTIEU) VALUES ('95_01_CDKT', '186', 'N', 7602, null);
INSERT INTO RCV_MAP_CTIEU (LOAI_DLIEU, KY_HIEU, KIEU_DLIEU, GDN_ID, KY_HIEU_CTIEU) VALUES ('95_01_CDKT', '187', 'C', 7603, null);
INSERT INTO RCV_MAP_CTIEU (LOAI_DLIEU, KY_HIEU, KIEU_DLIEU, GDN_ID, KY_HIEU_CTIEU) VALUES ('95_01_CDKT', '188', 'N', 7603, null);
INSERT INTO RCV_MAP_CTIEU (LOAI_DLIEU, KY_HIEU, KIEU_DLIEU, GDN_ID, KY_HIEU_CTIEU) VALUES ('95_01_CDKT', '189', 'N', 7603, null);

--giao dien: 95_02_SXKD
---------------------------------------
INSERT INTO RCV_GDIEN_TKHAI (ID, TEN_CTIEU, COT_01, COT_02, COT_03, COT_04, COT_05, COT_06, COT_07, COT_08, COT_09, COT_10, COT_11, SO_TT, LOAI_DLIEU, MA_CTIEU, COT_12, COT_13, COT_14, COT_15, COT_16, COT_17, COT_18, COT_19, COT_20, COT_21, COT_22, COT_23, COT_24, COT_25, COT_26, COT_27, COT_28, COT_29, COT_30, COT_31, COT_32, COT_33) VALUES (7671, '1. Doanh thu', '1', '2', '3', null, null, null, null, null, null, null, null, 1, '95_02_SXKD', '01', null, null, null, null, null, null, null, null, null, null, null, null, null, null, null, null, null, null, null, null, null, null);
INSERT INTO RCV_GDIEN_TKHAI (ID, TEN_CTIEU, COT_01, COT_02, COT_03, COT_04, COT_05, COT_06, COT_07, COT_08, COT_09, COT_10, COT_11, SO_TT, LOAI_DLIEU, MA_CTIEU, COT_12, COT_13, COT_14, COT_15, COT_16, COT_17, COT_18, COT_19, COT_20, COT_21, COT_22, COT_23, COT_24, COT_25, COT_26, COT_27, COT_28, COT_29, COT_30, COT_31, COT_32, COT_33) VALUES (7672, 'Doanh thu ho?t ?ng m?i gi?i ch?ng kho?n ', '4', '5', '6', null, null, null, null, null, null, null, null, 2, '95_02_SXKD', '01.1', null, null, null, null, null, null, null, null, null, null, null, null, null, null, null, null, null, null, null, null, null, null);
INSERT INTO RCV_GDIEN_TKHAI (ID, TEN_CTIEU, COT_01, COT_02, COT_03, COT_04, COT_05, COT_06, COT_07, COT_08, COT_09, COT_10, COT_11, SO_TT, LOAI_DLIEU, MA_CTIEU, COT_12, COT_13, COT_14, COT_15, COT_16, COT_17, COT_18, COT_19, COT_20, COT_21, COT_22, COT_23, COT_24, COT_25, COT_26, COT_27, COT_28, COT_29, COT_30, COT_31, COT_32, COT_33) VALUES (7673, 'Doanh thu ho?t ?ng ?u t? ch?ng kho?n, g?p v?n ', '7', '8', '9', null, null, null, null, null, null, null, null, 3, '95_02_SXKD', '01.2', null, null, null, null, null, null, null, null, null, null, null, null, null, null, null, null, null, null, null, null, null, null);
INSERT INTO RCV_GDIEN_TKHAI (ID, TEN_CTIEU, COT_01, COT_02, COT_03, COT_04, COT_05, COT_06, COT_07, COT_08, COT_09, COT_10, COT_11, SO_TT, LOAI_DLIEU, MA_CTIEU, COT_12, COT_13, COT_14, COT_15, COT_16, COT_17, COT_18, COT_19, COT_20, COT_21, COT_22, COT_23, COT_24, COT_25, COT_26, COT_27, COT_28, COT_29, COT_30, COT_31, COT_32, COT_33) VALUES (7674, 'Doanh thu b?o l?nh ph?t h?nh ch?ng kho?n', '10', '11', '12', null, null, null, null, null, null, null, null, 4, '95_02_SXKD', '01.3', null, null, null, null, null, null, null, null, null, null, null, null, null, null, null, null, null, null, null, null, null, null);
INSERT INTO RCV_GDIEN_TKHAI (ID, TEN_CTIEU, COT_01, COT_02, COT_03, COT_04, COT_05, COT_06, COT_07, COT_08, COT_09, COT_10, COT_11, SO_TT, LOAI_DLIEU, MA_CTIEU, COT_12, COT_13, COT_14, COT_15, COT_16, COT_17, COT_18, COT_19, COT_20, COT_21, COT_22, COT_23, COT_24, COT_25, COT_26, COT_27, COT_28, COT_29, COT_30, COT_31, COT_32, COT_33) VALUES (7675, 'Doanh thu ?i l? ph?t h?nh ch?ng kho?n', '13', '14', '15', null, null, null, null, null, null, null, null, 5, '95_02_SXKD', '01.4', null, null, null, null, null, null, null, null, null, null, null, null, null, null, null, null, null, null, null, null, null, null);
INSERT INTO RCV_GDIEN_TKHAI (ID, TEN_CTIEU, COT_01, COT_02, COT_03, COT_04, COT_05, COT_06, COT_07, COT_08, COT_09, COT_10, COT_11, SO_TT, LOAI_DLIEU, MA_CTIEU, COT_12, COT_13, COT_14, COT_15, COT_16, COT_17, COT_18, COT_19, COT_20, COT_21, COT_22, COT_23, COT_24, COT_25, COT_26, COT_27, COT_28, COT_29, COT_30, COT_31, COT_32, COT_33) VALUES (7676, 'Doanh thu ho?t ?ng t? v?n ', '16', '17', '18', null, null, null, null, null, null, null, null, 6, '95_02_SXKD', '01.5', null, null, null, null, null, null, null, null, null, null, null, null, null, null, null, null, null, null, null, null, null, null);
INSERT INTO RCV_GDIEN_TKHAI (ID, TEN_CTIEU, COT_01, COT_02, COT_03, COT_04, COT_05, COT_06, COT_07, COT_08, COT_09, COT_10, COT_11, SO_TT, LOAI_DLIEU, MA_CTIEU, COT_12, COT_13, COT_14, COT_15, COT_16, COT_17, COT_18, COT_19, COT_20, COT_21, COT_22, COT_23, COT_24, COT_25, COT_26, COT_27, COT_28, COT_29, COT_30, COT_31, COT_32, COT_33) VALUES (7677, 'Doanh thu l?u k? ch?ng kho?n   ', '19', '20', '21', null, null, null, null, null, null, null, null, 7, '95_02_SXKD', '01.6', null, null, null, null, null, null, null, null, null, null, null, null, null, null, null, null, null, null, null, null, null, null);
INSERT INTO RCV_GDIEN_TKHAI (ID, TEN_CTIEU, COT_01, COT_02, COT_03, COT_04, COT_05, COT_06, COT_07, COT_08, COT_09, COT_10, COT_11, SO_TT, LOAI_DLIEU, MA_CTIEU, COT_12, COT_13, COT_14, COT_15, COT_16, COT_17, COT_18, COT_19, COT_20, COT_21, COT_22, COT_23, COT_24, COT_25, COT_26, COT_27, COT_28, COT_29, COT_30, COT_31, COT_32, COT_33) VALUES (7678, 'Doanh thu ho?t ?ng u? th?c ?u gi? ', '22', '23', '24', null, null, null, null, null, null, null, null, 8, '95_02_SXKD', '01.7', null, null, null, null, null, null, null, null, null, null, null, null, null, null, null, null, null, null, null, null, null, null);
INSERT INTO RCV_GDIEN_TKHAI (ID, TEN_CTIEU, COT_01, COT_02, COT_03, COT_04, COT_05, COT_06, COT_07, COT_08, COT_09, COT_10, COT_11, SO_TT, LOAI_DLIEU, MA_CTIEU, COT_12, COT_13, COT_14, COT_15, COT_16, COT_17, COT_18, COT_19, COT_20, COT_21, COT_22, COT_23, COT_24, COT_25, COT_26, COT_27, COT_28, COT_29, COT_30, COT_31, COT_32, COT_33) VALUES (7679, 'Doanh thu cho thu? s? d?ng t?i s?n', '25', '26', '27', null, null, null, null, null, null, null, null, 9, '95_02_SXKD', '01.8', null, null, null, null, null, null, null, null, null, null, null, null, null, null, null, null, null, null, null, null, null, null);
INSERT INTO RCV_GDIEN_TKHAI (ID, TEN_CTIEU, COT_01, COT_02, COT_03, COT_04, COT_05, COT_06, COT_07, COT_08, COT_09, COT_10, COT_11, SO_TT, LOAI_DLIEU, MA_CTIEU, COT_12, COT_13, COT_14, COT_15, COT_16, COT_17, COT_18, COT_19, COT_20, COT_21, COT_22, COT_23, COT_24, COT_25, COT_26, COT_27, COT_28, COT_29, COT_30, COT_31, COT_32, COT_33) VALUES (7680, 'Doanh thu kh?c', '28', '29', '30', null, null, null, null, null, null, null, null, 10, '95_02_SXKD', '01.9', null, null, null, null, null, null, null, null, null, null, null, null, null, null, null, null, null, null, null, null, null, null);
INSERT INTO RCV_GDIEN_TKHAI (ID, TEN_CTIEU, COT_01, COT_02, COT_03, COT_04, COT_05, COT_06, COT_07, COT_08, COT_09, COT_10, COT_11, SO_TT, LOAI_DLIEU, MA_CTIEU, COT_12, COT_13, COT_14, COT_15, COT_16, COT_17, COT_18, COT_19, COT_20, COT_21, COT_22, COT_23, COT_24, COT_25, COT_26, COT_27, COT_28, COT_29, COT_30, COT_31, COT_32, COT_33) VALUES (7681, '2. C?c kho?n gi?m tr? doanh thu', '31', '32', '33', null, null, null, null, null, null, null, null, 11, '95_02_SXKD', '02', null, null, null, null, null, null, null, null, null, null, null, null, null, null, null, null, null, null, null, null, null, null);
INSERT INTO RCV_GDIEN_TKHAI (ID, TEN_CTIEU, COT_01, COT_02, COT_03, COT_04, COT_05, COT_06, COT_07, COT_08, COT_09, COT_10, COT_11, SO_TT, LOAI_DLIEU, MA_CTIEU, COT_12, COT_13, COT_14, COT_15, COT_16, COT_17, COT_18, COT_19, COT_20, COT_21, COT_22, COT_23, COT_24, COT_25, COT_26, COT_27, COT_28, COT_29, COT_30, COT_31, COT_32, COT_33) VALUES (7682, '3. Doanh thu thu?n v? ho?t ?ng kinh doanh (10 = 01- 02)', '34', '35', '36', null, null, null, null, null, null, null, null, 12, '95_02_SXKD', '10', null, null, null, null, null, null, null, null, null, null, null, null, null, null, null, null, null, null, null, null, null, null);
INSERT INTO RCV_GDIEN_TKHAI (ID, TEN_CTIEU, COT_01, COT_02, COT_03, COT_04, COT_05, COT_06, COT_07, COT_08, COT_09, COT_10, COT_11, SO_TT, LOAI_DLIEU, MA_CTIEU, COT_12, COT_13, COT_14, COT_15, COT_16, COT_17, COT_18, COT_19, COT_20, COT_21, COT_22, COT_23, COT_24, COT_25, COT_26, COT_27, COT_28, COT_29, COT_30, COT_31, COT_32, COT_33) VALUES (7683, '4. Chi ph? ho?t ?ng kinh doanh', '37', '38', '39', null, null, null, null, null, null, null, null, 13, '95_02_SXKD', '11', null, null, null, null, null, null, null, null, null, null, null, null, null, null, null, null, null, null, null, null, null, null);
INSERT INTO RCV_GDIEN_TKHAI (ID, TEN_CTIEU, COT_01, COT_02, COT_03, COT_04, COT_05, COT_06, COT_07, COT_08, COT_09, COT_10, COT_11, SO_TT, LOAI_DLIEU, MA_CTIEU, COT_12, COT_13, COT_14, COT_15, COT_16, COT_17, COT_18, COT_19, COT_20, COT_21, COT_22, COT_23, COT_24, COT_25, COT_26, COT_27, COT_28, COT_29, COT_30, COT_31, COT_32, COT_33) VALUES (7684, '5. L?i nhu?n g?p c?a ho?t ?ng kinh doanh (20 = 10 -11)', '40', '41', '42', null, null, null, null, null, null, null, null, 14, '95_02_SXKD', '20', null, null, null, null, null, null, null, null, null, null, null, null, null, null, null, null, null, null, null, null, null, null);
INSERT INTO RCV_GDIEN_TKHAI (ID, TEN_CTIEU, COT_01, COT_02, COT_03, COT_04, COT_05, COT_06, COT_07, COT_08, COT_09, COT_10, COT_11, SO_TT, LOAI_DLIEU, MA_CTIEU, COT_12, COT_13, COT_14, COT_15, COT_16, COT_17, COT_18, COT_19, COT_20, COT_21, COT_22, COT_23, COT_24, COT_25, COT_26, COT_27, COT_28, COT_29, COT_30, COT_31, COT_32, COT_33) VALUES (7685, '6. Chi ph? qu?n l? doanh nghi?p', '43', '44', '45', null, null, null, null, null, null, null, null, 15, '95_02_SXKD', '25', null, null, null, null, null, null, null, null, null, null, null, null, null, null, null, null, null, null, null, null, null, null);
INSERT INTO RCV_GDIEN_TKHAI (ID, TEN_CTIEU, COT_01, COT_02, COT_03, COT_04, COT_05, COT_06, COT_07, COT_08, COT_09, COT_10, COT_11, SO_TT, LOAI_DLIEU, MA_CTIEU, COT_12, COT_13, COT_14, COT_15, COT_16, COT_17, COT_18, COT_19, COT_20, COT_21, COT_22, COT_23, COT_24, COT_25, COT_26, COT_27, COT_28, COT_29, COT_30, COT_31, COT_32, COT_33) VALUES (7686, '7. L?i nhu?n thu?n t? ho?t ?ng kinh doanh ( 30 = 20 -25)', '46', '47', '48', null, null, null, null, null, null, null, null, 16, '95_02_SXKD', '30', null, null, null, null, null, null, null, null, null, null, null, null, null, null, null, null, null, null, null, null, null, null);
INSERT INTO RCV_GDIEN_TKHAI (ID, TEN_CTIEU, COT_01, COT_02, COT_03, COT_04, COT_05, COT_06, COT_07, COT_08, COT_09, COT_10, COT_11, SO_TT, LOAI_DLIEU, MA_CTIEU, COT_12, COT_13, COT_14, COT_15, COT_16, COT_17, COT_18, COT_19, COT_20, COT_21, COT_22, COT_23, COT_24, COT_25, COT_26, COT_27, COT_28, COT_29, COT_30, COT_31, COT_32, COT_33) VALUES (7687, '8. Thu nh?p kh?c', '49', '50', '51', null, null, null, null, null, null, null, null, 17, '95_02_SXKD', '31', null, null, null, null, null, null, null, null, null, null, null, null, null, null, null, null, null, null, null, null, null, null);
INSERT INTO RCV_GDIEN_TKHAI (ID, TEN_CTIEU, COT_01, COT_02, COT_03, COT_04, COT_05, COT_06, COT_07, COT_08, COT_09, COT_10, COT_11, SO_TT, LOAI_DLIEU, MA_CTIEU, COT_12, COT_13, COT_14, COT_15, COT_16, COT_17, COT_18, COT_19, COT_20, COT_21, COT_22, COT_23, COT_24, COT_25, COT_26, COT_27, COT_28, COT_29, COT_30, COT_31, COT_32, COT_33) VALUES (7688, '9. Chi ph? kh?c', '52', '53', '54', null, null, null, null, null, null, null, null, 18, '95_02_SXKD', '32', null, null, null, null, null, null, null, null, null, null, null, null, null, null, null, null, null, null, null, null, null, null);
INSERT INTO RCV_GDIEN_TKHAI (ID, TEN_CTIEU, COT_01, COT_02, COT_03, COT_04, COT_05, COT_06, COT_07, COT_08, COT_09, COT_10, COT_11, SO_TT, LOAI_DLIEU, MA_CTIEU, COT_12, COT_13, COT_14, COT_15, COT_16, COT_17, COT_18, COT_19, COT_20, COT_21, COT_22, COT_23, COT_24, COT_25, COT_26, COT_27, COT_28, COT_29, COT_30, COT_31, COT_32, COT_33) VALUES (7689, '10. L?i nhu?n kh?c ( 40 = 31 - 32)', '55', '56', '57', null, null, null, null, null, null, null, null, 19, '95_02_SXKD', '40', null, null, null, null, null, null, null, null, null, null, null, null, null, null, null, null, null, null, null, null, null, null);
INSERT INTO RCV_GDIEN_TKHAI (ID, TEN_CTIEU, COT_01, COT_02, COT_03, COT_04, COT_05, COT_06, COT_07, COT_08, COT_09, COT_10, COT_11, SO_TT, LOAI_DLIEU, MA_CTIEU, COT_12, COT_13, COT_14, COT_15, COT_16, COT_17, COT_18, COT_19, COT_20, COT_21, COT_22, COT_23, COT_24, COT_25, COT_26, COT_27, COT_28, COT_29, COT_30, COT_31, COT_32, COT_33) VALUES (7690, '11. T?ng l?i nhu?n k? to?n tr??c thu? ( 50 = 30 + 40)', '58', '59', '60', null, null, null, null, null, null, null, null, 20, '95_02_SXKD', '50', null, null, null, null, null, null, null, null, null, null, null, null, null, null, null, null, null, null, null, null, null, null);
INSERT INTO RCV_GDIEN_TKHAI (ID, TEN_CTIEU, COT_01, COT_02, COT_03, COT_04, COT_05, COT_06, COT_07, COT_08, COT_09, COT_10, COT_11, SO_TT, LOAI_DLIEU, MA_CTIEU, COT_12, COT_13, COT_14, COT_15, COT_16, COT_17, COT_18, COT_19, COT_20, COT_21, COT_22, COT_23, COT_24, COT_25, COT_26, COT_27, COT_28, COT_29, COT_30, COT_31, COT_32, COT_33) VALUES (7691, '12. Chi ph? thu? TNDN hi?n h?nh', '61', '62', '63', null, null, null, null, null, null, null, null, 21, '95_02_SXKD', '51', null, null, null, null, null, null, null, null, null, null, null, null, null, null, null, null, null, null, null, null, null, null);
INSERT INTO RCV_GDIEN_TKHAI (ID, TEN_CTIEU, COT_01, COT_02, COT_03, COT_04, COT_05, COT_06, COT_07, COT_08, COT_09, COT_10, COT_11, SO_TT, LOAI_DLIEU, MA_CTIEU, COT_12, COT_13, COT_14, COT_15, COT_16, COT_17, COT_18, COT_19, COT_20, COT_21, COT_22, COT_23, COT_24, COT_25, COT_26, COT_27, COT_28, COT_29, COT_30, COT_31, COT_32, COT_33) VALUES (7692, '13. Chi ph? thu? TNDN ho?n l?i', '64', '65', '66', null, null, null, null, null, null, null, null, 22, '95_02_SXKD', '52', null, null, null, null, null, null, null, null, null, null, null, null, null, null, null, null, null, null, null, null, null, null);
INSERT INTO RCV_GDIEN_TKHAI (ID, TEN_CTIEU, COT_01, COT_02, COT_03, COT_04, COT_05, COT_06, COT_07, COT_08, COT_09, COT_10, COT_11, SO_TT, LOAI_DLIEU, MA_CTIEU, COT_12, COT_13, COT_14, COT_15, COT_16, COT_17, COT_18, COT_19, COT_20, COT_21, COT_22, COT_23, COT_24, COT_25, COT_26, COT_27, COT_28, COT_29, COT_30, COT_31, COT_32, COT_33) VALUES (7693, '14. L?i nhu?n sau thu? TNDN ( 60 = 50 -51-52)', '67', '68', '69', null, null, null, null, null, null, null, null, 23, '95_02_SXKD', '60', null, null, null, null, null, null, null, null, null, null, null, null, null, null, null, null, null, null, null, null, null, null);
INSERT INTO RCV_GDIEN_TKHAI (ID, TEN_CTIEU, COT_01, COT_02, COT_03, COT_04, COT_05, COT_06, COT_07, COT_08, COT_09, COT_10, COT_11, SO_TT, LOAI_DLIEU, MA_CTIEU, COT_12, COT_13, COT_14, COT_15, COT_16, COT_17, COT_18, COT_19, COT_20, COT_21, COT_22, COT_23, COT_24, COT_25, COT_26, COT_27, COT_28, COT_29, COT_30, COT_31, COT_32, COT_33) VALUES (7694, '15. L?i c? b?n tr?n c? phi?u', '70', '71', '72', null, null, null, null, null, null, null, null, 24, '95_02_SXKD', '70', null, null, null, null, null, null, null, null, null, null, null, null, null, null, null, null, null, null, null, null, null, null);

--map chi tieu
INSERT INTO RCV_MAP_CTIEU (LOAI_DLIEU, KY_HIEU, KIEU_DLIEU, GDN_ID, KY_HIEU_CTIEU) VALUES ('95_02_SXKD', '1', 'C', 7671, null);
INSERT INTO RCV_MAP_CTIEU (LOAI_DLIEU, KY_HIEU, KIEU_DLIEU, GDN_ID, KY_HIEU_CTIEU) VALUES ('95_02_SXKD', '10', 'C', 7674, null);
INSERT INTO RCV_MAP_CTIEU (LOAI_DLIEU, KY_HIEU, KIEU_DLIEU, GDN_ID, KY_HIEU_CTIEU) VALUES ('95_02_SXKD', '11', 'N', 7674, null);
INSERT INTO RCV_MAP_CTIEU (LOAI_DLIEU, KY_HIEU, KIEU_DLIEU, GDN_ID, KY_HIEU_CTIEU) VALUES ('95_02_SXKD', '12', 'N', 7674, null);
INSERT INTO RCV_MAP_CTIEU (LOAI_DLIEU, KY_HIEU, KIEU_DLIEU, GDN_ID, KY_HIEU_CTIEU) VALUES ('95_02_SXKD', '13', 'C', 7675, null);
INSERT INTO RCV_MAP_CTIEU (LOAI_DLIEU, KY_HIEU, KIEU_DLIEU, GDN_ID, KY_HIEU_CTIEU) VALUES ('95_02_SXKD', '14', 'N', 7675, null);
INSERT INTO RCV_MAP_CTIEU (LOAI_DLIEU, KY_HIEU, KIEU_DLIEU, GDN_ID, KY_HIEU_CTIEU) VALUES ('95_02_SXKD', '15', 'N', 7675, null);
INSERT INTO RCV_MAP_CTIEU (LOAI_DLIEU, KY_HIEU, KIEU_DLIEU, GDN_ID, KY_HIEU_CTIEU) VALUES ('95_02_SXKD', '16', 'C', 7676, null);
INSERT INTO RCV_MAP_CTIEU (LOAI_DLIEU, KY_HIEU, KIEU_DLIEU, GDN_ID, KY_HIEU_CTIEU) VALUES ('95_02_SXKD', '17', 'N', 7676, null);
INSERT INTO RCV_MAP_CTIEU (LOAI_DLIEU, KY_HIEU, KIEU_DLIEU, GDN_ID, KY_HIEU_CTIEU) VALUES ('95_02_SXKD', '18', 'N', 7676, null);
INSERT INTO RCV_MAP_CTIEU (LOAI_DLIEU, KY_HIEU, KIEU_DLIEU, GDN_ID, KY_HIEU_CTIEU) VALUES ('95_02_SXKD', '19', 'C', 7677, null);
INSERT INTO RCV_MAP_CTIEU (LOAI_DLIEU, KY_HIEU, KIEU_DLIEU, GDN_ID, KY_HIEU_CTIEU) VALUES ('95_02_SXKD', '2', 'N', 7671, null);
INSERT INTO RCV_MAP_CTIEU (LOAI_DLIEU, KY_HIEU, KIEU_DLIEU, GDN_ID, KY_HIEU_CTIEU) VALUES ('95_02_SXKD', '20', 'N', 7677, null);
INSERT INTO RCV_MAP_CTIEU (LOAI_DLIEU, KY_HIEU, KIEU_DLIEU, GDN_ID, KY_HIEU_CTIEU) VALUES ('95_02_SXKD', '21', 'N', 7677, null);
INSERT INTO RCV_MAP_CTIEU (LOAI_DLIEU, KY_HIEU, KIEU_DLIEU, GDN_ID, KY_HIEU_CTIEU) VALUES ('95_02_SXKD', '22', 'C', 7678, null);
INSERT INTO RCV_MAP_CTIEU (LOAI_DLIEU, KY_HIEU, KIEU_DLIEU, GDN_ID, KY_HIEU_CTIEU) VALUES ('95_02_SXKD', '23', 'N', 7678, null);
INSERT INTO RCV_MAP_CTIEU (LOAI_DLIEU, KY_HIEU, KIEU_DLIEU, GDN_ID, KY_HIEU_CTIEU) VALUES ('95_02_SXKD', '24', 'N', 7678, null);
INSERT INTO RCV_MAP_CTIEU (LOAI_DLIEU, KY_HIEU, KIEU_DLIEU, GDN_ID, KY_HIEU_CTIEU) VALUES ('95_02_SXKD', '25', 'C', 7679, null);
INSERT INTO RCV_MAP_CTIEU (LOAI_DLIEU, KY_HIEU, KIEU_DLIEU, GDN_ID, KY_HIEU_CTIEU) VALUES ('95_02_SXKD', '26', 'N', 7679, null);
INSERT INTO RCV_MAP_CTIEU (LOAI_DLIEU, KY_HIEU, KIEU_DLIEU, GDN_ID, KY_HIEU_CTIEU) VALUES ('95_02_SXKD', '27', 'N', 7679, null);
INSERT INTO RCV_MAP_CTIEU (LOAI_DLIEU, KY_HIEU, KIEU_DLIEU, GDN_ID, KY_HIEU_CTIEU) VALUES ('95_02_SXKD', '28', 'C', 7680, null);
INSERT INTO RCV_MAP_CTIEU (LOAI_DLIEU, KY_HIEU, KIEU_DLIEU, GDN_ID, KY_HIEU_CTIEU) VALUES ('95_02_SXKD', '29', 'N', 7680, null);
INSERT INTO RCV_MAP_CTIEU (LOAI_DLIEU, KY_HIEU, KIEU_DLIEU, GDN_ID, KY_HIEU_CTIEU) VALUES ('95_02_SXKD', '3', 'N', 7671, null);
INSERT INTO RCV_MAP_CTIEU (LOAI_DLIEU, KY_HIEU, KIEU_DLIEU, GDN_ID, KY_HIEU_CTIEU) VALUES ('95_02_SXKD', '30', 'N', 7680, null);
INSERT INTO RCV_MAP_CTIEU (LOAI_DLIEU, KY_HIEU, KIEU_DLIEU, GDN_ID, KY_HIEU_CTIEU) VALUES ('95_02_SXKD', '31', 'C', 7681, null);
INSERT INTO RCV_MAP_CTIEU (LOAI_DLIEU, KY_HIEU, KIEU_DLIEU, GDN_ID, KY_HIEU_CTIEU) VALUES ('95_02_SXKD', '32', 'N', 7681, null);
INSERT INTO RCV_MAP_CTIEU (LOAI_DLIEU, KY_HIEU, KIEU_DLIEU, GDN_ID, KY_HIEU_CTIEU) VALUES ('95_02_SXKD', '33', 'N', 7681, null);
INSERT INTO RCV_MAP_CTIEU (LOAI_DLIEU, KY_HIEU, KIEU_DLIEU, GDN_ID, KY_HIEU_CTIEU) VALUES ('95_02_SXKD', '34', 'C', 7682, null);
INSERT INTO RCV_MAP_CTIEU (LOAI_DLIEU, KY_HIEU, KIEU_DLIEU, GDN_ID, KY_HIEU_CTIEU) VALUES ('95_02_SXKD', '35', 'N', 7682, null);
INSERT INTO RCV_MAP_CTIEU (LOAI_DLIEU, KY_HIEU, KIEU_DLIEU, GDN_ID, KY_HIEU_CTIEU) VALUES ('95_02_SXKD', '36', 'N', 7682, null);
INSERT INTO RCV_MAP_CTIEU (LOAI_DLIEU, KY_HIEU, KIEU_DLIEU, GDN_ID, KY_HIEU_CTIEU) VALUES ('95_02_SXKD', '37', 'C', 7683, null);
INSERT INTO RCV_MAP_CTIEU (LOAI_DLIEU, KY_HIEU, KIEU_DLIEU, GDN_ID, KY_HIEU_CTIEU) VALUES ('95_02_SXKD', '38', 'N', 7683, null);
INSERT INTO RCV_MAP_CTIEU (LOAI_DLIEU, KY_HIEU, KIEU_DLIEU, GDN_ID, KY_HIEU_CTIEU) VALUES ('95_02_SXKD', '39', 'N', 7683, null);
INSERT INTO RCV_MAP_CTIEU (LOAI_DLIEU, KY_HIEU, KIEU_DLIEU, GDN_ID, KY_HIEU_CTIEU) VALUES ('95_02_SXKD', '4', 'C', 7672, null);
INSERT INTO RCV_MAP_CTIEU (LOAI_DLIEU, KY_HIEU, KIEU_DLIEU, GDN_ID, KY_HIEU_CTIEU) VALUES ('95_02_SXKD', '40', 'C', 7684, null);
INSERT INTO RCV_MAP_CTIEU (LOAI_DLIEU, KY_HIEU, KIEU_DLIEU, GDN_ID, KY_HIEU_CTIEU) VALUES ('95_02_SXKD', '41', 'N', 7684, null);
INSERT INTO RCV_MAP_CTIEU (LOAI_DLIEU, KY_HIEU, KIEU_DLIEU, GDN_ID, KY_HIEU_CTIEU) VALUES ('95_02_SXKD', '42', 'N', 7684, null);
INSERT INTO RCV_MAP_CTIEU (LOAI_DLIEU, KY_HIEU, KIEU_DLIEU, GDN_ID, KY_HIEU_CTIEU) VALUES ('95_02_SXKD', '43', 'C', 7685, null);
INSERT INTO RCV_MAP_CTIEU (LOAI_DLIEU, KY_HIEU, KIEU_DLIEU, GDN_ID, KY_HIEU_CTIEU) VALUES ('95_02_SXKD', '44', 'N', 7685, null);
INSERT INTO RCV_MAP_CTIEU (LOAI_DLIEU, KY_HIEU, KIEU_DLIEU, GDN_ID, KY_HIEU_CTIEU) VALUES ('95_02_SXKD', '45', 'N', 7685, null);
INSERT INTO RCV_MAP_CTIEU (LOAI_DLIEU, KY_HIEU, KIEU_DLIEU, GDN_ID, KY_HIEU_CTIEU) VALUES ('95_02_SXKD', '46', 'C', 7686, null);
INSERT INTO RCV_MAP_CTIEU (LOAI_DLIEU, KY_HIEU, KIEU_DLIEU, GDN_ID, KY_HIEU_CTIEU) VALUES ('95_02_SXKD', '47', 'N', 7686, null);
INSERT INTO RCV_MAP_CTIEU (LOAI_DLIEU, KY_HIEU, KIEU_DLIEU, GDN_ID, KY_HIEU_CTIEU) VALUES ('95_02_SXKD', '48', 'N', 7686, null);
INSERT INTO RCV_MAP_CTIEU (LOAI_DLIEU, KY_HIEU, KIEU_DLIEU, GDN_ID, KY_HIEU_CTIEU) VALUES ('95_02_SXKD', '49', 'C', 7687, null);
INSERT INTO RCV_MAP_CTIEU (LOAI_DLIEU, KY_HIEU, KIEU_DLIEU, GDN_ID, KY_HIEU_CTIEU) VALUES ('95_02_SXKD', '5', 'N', 7672, null);
INSERT INTO RCV_MAP_CTIEU (LOAI_DLIEU, KY_HIEU, KIEU_DLIEU, GDN_ID, KY_HIEU_CTIEU) VALUES ('95_02_SXKD', '50', 'N', 7687, null);
INSERT INTO RCV_MAP_CTIEU (LOAI_DLIEU, KY_HIEU, KIEU_DLIEU, GDN_ID, KY_HIEU_CTIEU) VALUES ('95_02_SXKD', '51', 'N', 7687, null);
INSERT INTO RCV_MAP_CTIEU (LOAI_DLIEU, KY_HIEU, KIEU_DLIEU, GDN_ID, KY_HIEU_CTIEU) VALUES ('95_02_SXKD', '52', 'C', 7688, null);
INSERT INTO RCV_MAP_CTIEU (LOAI_DLIEU, KY_HIEU, KIEU_DLIEU, GDN_ID, KY_HIEU_CTIEU) VALUES ('95_02_SXKD', '53', 'N', 7688, null);
INSERT INTO RCV_MAP_CTIEU (LOAI_DLIEU, KY_HIEU, KIEU_DLIEU, GDN_ID, KY_HIEU_CTIEU) VALUES ('95_02_SXKD', '54', 'N', 7688, null);
INSERT INTO RCV_MAP_CTIEU (LOAI_DLIEU, KY_HIEU, KIEU_DLIEU, GDN_ID, KY_HIEU_CTIEU) VALUES ('95_02_SXKD', '55', 'C', 7689, null);
INSERT INTO RCV_MAP_CTIEU (LOAI_DLIEU, KY_HIEU, KIEU_DLIEU, GDN_ID, KY_HIEU_CTIEU) VALUES ('95_02_SXKD', '56', 'N', 7689, null);
INSERT INTO RCV_MAP_CTIEU (LOAI_DLIEU, KY_HIEU, KIEU_DLIEU, GDN_ID, KY_HIEU_CTIEU) VALUES ('95_02_SXKD', '57', 'N', 7689, null);
INSERT INTO RCV_MAP_CTIEU (LOAI_DLIEU, KY_HIEU, KIEU_DLIEU, GDN_ID, KY_HIEU_CTIEU) VALUES ('95_02_SXKD', '58', 'C', 7690, null);
INSERT INTO RCV_MAP_CTIEU (LOAI_DLIEU, KY_HIEU, KIEU_DLIEU, GDN_ID, KY_HIEU_CTIEU) VALUES ('95_02_SXKD', '59', 'N', 7690, null);
INSERT INTO RCV_MAP_CTIEU (LOAI_DLIEU, KY_HIEU, KIEU_DLIEU, GDN_ID, KY_HIEU_CTIEU) VALUES ('95_02_SXKD', '6', 'N', 7672, null);
INSERT INTO RCV_MAP_CTIEU (LOAI_DLIEU, KY_HIEU, KIEU_DLIEU, GDN_ID, KY_HIEU_CTIEU) VALUES ('95_02_SXKD', '60', 'N', 7690, null);
INSERT INTO RCV_MAP_CTIEU (LOAI_DLIEU, KY_HIEU, KIEU_DLIEU, GDN_ID, KY_HIEU_CTIEU) VALUES ('95_02_SXKD', '61', 'C', 7691, null);
INSERT INTO RCV_MAP_CTIEU (LOAI_DLIEU, KY_HIEU, KIEU_DLIEU, GDN_ID, KY_HIEU_CTIEU) VALUES ('95_02_SXKD', '62', 'N', 7691, null);
INSERT INTO RCV_MAP_CTIEU (LOAI_DLIEU, KY_HIEU, KIEU_DLIEU, GDN_ID, KY_HIEU_CTIEU) VALUES ('95_02_SXKD', '63', 'N', 7691, null);
INSERT INTO RCV_MAP_CTIEU (LOAI_DLIEU, KY_HIEU, KIEU_DLIEU, GDN_ID, KY_HIEU_CTIEU) VALUES ('95_02_SXKD', '64', 'C', 7692, null);
INSERT INTO RCV_MAP_CTIEU (LOAI_DLIEU, KY_HIEU, KIEU_DLIEU, GDN_ID, KY_HIEU_CTIEU) VALUES ('95_02_SXKD', '65', 'N', 7692, null);
INSERT INTO RCV_MAP_CTIEU (LOAI_DLIEU, KY_HIEU, KIEU_DLIEU, GDN_ID, KY_HIEU_CTIEU) VALUES ('95_02_SXKD', '66', 'N', 7692, null);
INSERT INTO RCV_MAP_CTIEU (LOAI_DLIEU, KY_HIEU, KIEU_DLIEU, GDN_ID, KY_HIEU_CTIEU) VALUES ('95_02_SXKD', '67', 'C', 7693, null);
INSERT INTO RCV_MAP_CTIEU (LOAI_DLIEU, KY_HIEU, KIEU_DLIEU, GDN_ID, KY_HIEU_CTIEU) VALUES ('95_02_SXKD', '68', 'N', 7693, null);
INSERT INTO RCV_MAP_CTIEU (LOAI_DLIEU, KY_HIEU, KIEU_DLIEU, GDN_ID, KY_HIEU_CTIEU) VALUES ('95_02_SXKD', '69', 'N', 7693, null);
INSERT INTO RCV_MAP_CTIEU (LOAI_DLIEU, KY_HIEU, KIEU_DLIEU, GDN_ID, KY_HIEU_CTIEU) VALUES ('95_02_SXKD', '7', 'C', 7673, null);
INSERT INTO RCV_MAP_CTIEU (LOAI_DLIEU, KY_HIEU, KIEU_DLIEU, GDN_ID, KY_HIEU_CTIEU) VALUES ('95_02_SXKD', '70', 'C', 7694, null);
INSERT INTO RCV_MAP_CTIEU (LOAI_DLIEU, KY_HIEU, KIEU_DLIEU, GDN_ID, KY_HIEU_CTIEU) VALUES ('95_02_SXKD', '71', 'N', 7694, null);
INSERT INTO RCV_MAP_CTIEU (LOAI_DLIEU, KY_HIEU, KIEU_DLIEU, GDN_ID, KY_HIEU_CTIEU) VALUES ('95_02_SXKD', '72', 'N', 7694, null);
INSERT INTO RCV_MAP_CTIEU (LOAI_DLIEU, KY_HIEU, KIEU_DLIEU, GDN_ID, KY_HIEU_CTIEU) VALUES ('95_02_SXKD', '8', 'N', 7673, null);
INSERT INTO RCV_MAP_CTIEU (LOAI_DLIEU, KY_HIEU, KIEU_DLIEU, GDN_ID, KY_HIEU_CTIEU) VALUES ('95_02_SXKD', '9', 'N', 7673, null);

--giao dien: 95_03_LCTTTT
----------------------------------------
INSERT INTO RCV_GDIEN_TKHAI (ID, TEN_CTIEU, COT_01, COT_02, COT_03, COT_04, COT_05, COT_06, COT_07, COT_08, COT_09, COT_10, COT_11, SO_TT, LOAI_DLIEU, MA_CTIEU, COT_12, COT_13, COT_14, COT_15, COT_16, COT_17, COT_18, COT_19, COT_20, COT_21, COT_22, COT_23, COT_24, COT_25, COT_26, COT_27, COT_28, COT_29, COT_30, COT_31, COT_32, COT_33) VALUES (7695, 'I. L?u chuy?n ti?n t? ho?t ?ng kinh doanh', null, null, null, null, null, null, null, null, null, null, null, 1, '95_03_LCTTTT', '001', null, null, null, null, null, null, null, null, null, null, null, null, null, null, null, null, null, null, null, null, null, null);
INSERT INTO RCV_GDIEN_TKHAI (ID, TEN_CTIEU, COT_01, COT_02, COT_03, COT_04, COT_05, COT_06, COT_07, COT_08, COT_09, COT_10, COT_11, SO_TT, LOAI_DLIEU, MA_CTIEU, COT_12, COT_13, COT_14, COT_15, COT_16, COT_17, COT_18, COT_19, COT_20, COT_21, COT_22, COT_23, COT_24, COT_25, COT_26, COT_27, COT_28, COT_29, COT_30, COT_31, COT_32, COT_33) VALUES (7696, '  1. Ti?n thu t? ho?t ?ng kinh doanh', '1', '2', '3', null, null, null, null, null, null, null, null, 2, '95_03_LCTTTT', '01', null, null, null, null, null, null, null, null, null, null, null, null, null, null, null, null, null, null, null, null, null, null);
INSERT INTO RCV_GDIEN_TKHAI (ID, TEN_CTIEU, COT_01, COT_02, COT_03, COT_04, COT_05, COT_06, COT_07, COT_08, COT_09, COT_10, COT_11, SO_TT, LOAI_DLIEU, MA_CTIEU, COT_12, COT_13, COT_14, COT_15, COT_16, COT_17, COT_18, COT_19, COT_20, COT_21, COT_22, COT_23, COT_24, COT_25, COT_26, COT_27, COT_28, COT_29, COT_30, COT_31, COT_32, COT_33) VALUES (7697, '   2. Ti?n chi ho?t ?ng kinh doanh', '4', '5', '6', null, null, null, null, null, null, null, null, 3, '95_03_LCTTTT', '02', null, null, null, null, null, null, null, null, null, null, null, null, null, null, null, null, null, null, null, null, null, null);
INSERT INTO RCV_GDIEN_TKHAI (ID, TEN_CTIEU, COT_01, COT_02, COT_03, COT_04, COT_05, COT_06, COT_07, COT_08, COT_09, COT_10, COT_11, SO_TT, LOAI_DLIEU, MA_CTIEU, COT_12, COT_13, COT_14, COT_15, COT_16, COT_17, COT_18, COT_19, COT_20, COT_21, COT_22, COT_23, COT_24, COT_25, COT_26, COT_27, COT_28, COT_29, COT_30, COT_31, COT_32, COT_33) VALUES (7698, '   3. Ti?n chi n?p Qu? h? tr? thanh to?n', '7', '8', '9', null, null, null, null, null, null, null, null, 4, '95_03_LCTTTT', '05', null, null, null, null, null, null, null, null, null, null, null, null, null, null, null, null, null, null, null, null, null, null);
INSERT INTO RCV_GDIEN_TKHAI (ID, TEN_CTIEU, COT_01, COT_02, COT_03, COT_04, COT_05, COT_06, COT_07, COT_08, COT_09, COT_10, COT_11, SO_TT, LOAI_DLIEU, MA_CTIEU, COT_12, COT_13, COT_14, COT_15, COT_16, COT_17, COT_18, COT_19, COT_20, COT_21, COT_22, COT_23, COT_24, COT_25, COT_26, COT_27, COT_28, COT_29, COT_30, COT_31, COT_32, COT_33) VALUES (7699, '   4. Ti?n thu giao d?ch ch?ng kho?n kh?ch h?ng', '10', '11', '12', null, null, null, null, null, null, null, null, 5, '95_03_LCTTTT', '06', null, null, null, null, null, null, null, null, null, null, null, null, null, null, null, null, null, null, null, null, null, null);
INSERT INTO RCV_GDIEN_TKHAI (ID, TEN_CTIEU, COT_01, COT_02, COT_03, COT_04, COT_05, COT_06, COT_07, COT_08, COT_09, COT_10, COT_11, SO_TT, LOAI_DLIEU, MA_CTIEU, COT_12, COT_13, COT_14, COT_15, COT_16, COT_17, COT_18, COT_19, COT_20, COT_21, COT_22, COT_23, COT_24, COT_25, COT_26, COT_27, COT_28, COT_29, COT_30, COT_31, COT_32, COT_33) VALUES (7700, '   5. Ti?n chi tr? giao d?ch ch?ng kho?n kh?ch h?ng', '13', '14', '15', null, null, null, null, null, null, null, null, 6, '95_03_LCTTTT', '07', null, null, null, null, null, null, null, null, null, null, null, null, null, null, null, null, null, null, null, null, null, null);
INSERT INTO RCV_GDIEN_TKHAI (ID, TEN_CTIEU, COT_01, COT_02, COT_03, COT_04, COT_05, COT_06, COT_07, COT_08, COT_09, COT_10, COT_11, SO_TT, LOAI_DLIEU, MA_CTIEU, COT_12, COT_13, COT_14, COT_15, COT_16, COT_17, COT_18, COT_19, COT_20, COT_21, COT_22, COT_23, COT_24, COT_25, COT_26, COT_27, COT_28, COT_29, COT_30, COT_31, COT_32, COT_33) VALUES (7701, '   6. Ti?n thu b?n ch?ng kho?n ph?t h?nh', '16', '17', '18', null, null, null, null, null, null, null, null, 7, '95_03_LCTTTT', '08', null, null, null, null, null, null, null, null, null, null, null, null, null, null, null, null, null, null, null, null, null, null);
INSERT INTO RCV_GDIEN_TKHAI (ID, TEN_CTIEU, COT_01, COT_02, COT_03, COT_04, COT_05, COT_06, COT_07, COT_08, COT_09, COT_10, COT_11, SO_TT, LOAI_DLIEU, MA_CTIEU, COT_12, COT_13, COT_14, COT_15, COT_16, COT_17, COT_18, COT_19, COT_20, COT_21, COT_22, COT_23, COT_24, COT_25, COT_26, COT_27, COT_28, COT_29, COT_30, COT_31, COT_32, COT_33) VALUES (7702, '   7. Ti?n chi tr? t? ch?c ph?t h?nh ch?ng kho?n', '19', '20', '21', null, null, null, null, null, null, null, null, 8, '95_03_LCTTTT', '09', null, null, null, null, null, null, null, null, null, null, null, null, null, null, null, null, null, null, null, null, null, null);
INSERT INTO RCV_GDIEN_TKHAI (ID, TEN_CTIEU, COT_01, COT_02, COT_03, COT_04, COT_05, COT_06, COT_07, COT_08, COT_09, COT_10, COT_11, SO_TT, LOAI_DLIEU, MA_CTIEU, COT_12, COT_13, COT_14, COT_15, COT_16, COT_17, COT_18, COT_19, COT_20, COT_21, COT_22, COT_23, COT_24, COT_25, COT_26, COT_27, COT_28, COT_29, COT_30, COT_31, COT_32, COT_33) VALUES (7703, '   8. Ti?n chi tr? cho ng??i cung c?p h?ng h?a v? d?ch v?', '22', '23', '24', null, null, null, null, null, null, null, null, 9, '95_03_LCTTTT', '10', null, null, null, null, null, null, null, null, null, null, null, null, null, null, null, null, null, null, null, null, null, null);
INSERT INTO RCV_GDIEN_TKHAI (ID, TEN_CTIEU, COT_01, COT_02, COT_03, COT_04, COT_05, COT_06, COT_07, COT_08, COT_09, COT_10, COT_11, SO_TT, LOAI_DLIEU, MA_CTIEU, COT_12, COT_13, COT_14, COT_15, COT_16, COT_17, COT_18, COT_19, COT_20, COT_21, COT_22, COT_23, COT_24, COT_25, COT_26, COT_27, COT_28, COT_29, COT_30, COT_31, COT_32, COT_33) VALUES (7704, '   9. Ti?n chi tr? cho ng??i lao ?ng', '25', '26', '27', null, null, null, null, null, null, null, null, 10, '95_03_LCTTTT', '11', null, null, null, null, null, null, null, null, null, null, null, null, null, null, null, null, null, null, null, null, null, null);
INSERT INTO RCV_GDIEN_TKHAI (ID, TEN_CTIEU, COT_01, COT_02, COT_03, COT_04, COT_05, COT_06, COT_07, COT_08, COT_09, COT_10, COT_11, SO_TT, LOAI_DLIEU, MA_CTIEU, COT_12, COT_13, COT_14, COT_15, COT_16, COT_17, COT_18, COT_19, COT_20, COT_21, COT_22, COT_23, COT_24, COT_25, COT_26, COT_27, COT_28, COT_29, COT_30, COT_31, COT_32, COT_33) VALUES (7705, '   10. Ti?n chi tr? l?i vay', '28', '29', '30', null, null, null, null, null, null, null, null, 11, '95_03_LCTTTT', '12', null, null, null, null, null, null, null, null, null, null, null, null, null, null, null, null, null, null, null, null, null, null);
INSERT INTO RCV_GDIEN_TKHAI (ID, TEN_CTIEU, COT_01, COT_02, COT_03, COT_04, COT_05, COT_06, COT_07, COT_08, COT_09, COT_10, COT_11, SO_TT, LOAI_DLIEU, MA_CTIEU, COT_12, COT_13, COT_14, COT_15, COT_16, COT_17, COT_18, COT_19, COT_20, COT_21, COT_22, COT_23, COT_24, COT_25, COT_26, COT_27, COT_28, COT_29, COT_30, COT_31, COT_32, COT_33) VALUES (7706, '   11. Ti?n chi n?p thu? thu nh?p doanh nghi?p', '31', '32', '33', null, null, null, null, null, null, null, null, 12, '95_03_LCTTTT', '13', null, null, null, null, null, null, null, null, null, null, null, null, null, null, null, null, null, null, null, null, null, null);
INSERT INTO RCV_GDIEN_TKHAI (ID, TEN_CTIEU, COT_01, COT_02, COT_03, COT_04, COT_05, COT_06, COT_07, COT_08, COT_09, COT_10, COT_11, SO_TT, LOAI_DLIEU, MA_CTIEU, COT_12, COT_13, COT_14, COT_15, COT_16, COT_17, COT_18, COT_19, COT_20, COT_21, COT_22, COT_23, COT_24, COT_25, COT_26, COT_27, COT_28, COT_29, COT_30, COT_31, COT_32, COT_33) VALUES (7707, '   12. Ti?n thu kh?c', '34', '35', '36', null, null, null, null, null, null, null, null, 13, '95_03_LCTTTT', '14', null, null, null, null, null, null, null, null, null, null, null, null, null, null, null, null, null, null, null, null, null, null);
INSERT INTO RCV_GDIEN_TKHAI (ID, TEN_CTIEU, COT_01, COT_02, COT_03, COT_04, COT_05, COT_06, COT_07, COT_08, COT_09, COT_10, COT_11, SO_TT, LOAI_DLIEU, MA_CTIEU, COT_12, COT_13, COT_14, COT_15, COT_16, COT_17, COT_18, COT_19, COT_20, COT_21, COT_22, COT_23, COT_24, COT_25, COT_26, COT_27, COT_28, COT_29, COT_30, COT_31, COT_32, COT_33) VALUES (7708, '   13. Ti?n chi kh?c', '37', '38', '39', null, null, null, null, null, null, null, null, 14, '95_03_LCTTTT', '15', null, null, null, null, null, null, null, null, null, null, null, null, null, null, null, null, null, null, null, null, null, null);
INSERT INTO RCV_GDIEN_TKHAI (ID, TEN_CTIEU, COT_01, COT_02, COT_03, COT_04, COT_05, COT_06, COT_07, COT_08, COT_09, COT_10, COT_11, SO_TT, LOAI_DLIEU, MA_CTIEU, COT_12, COT_13, COT_14, COT_15, COT_16, COT_17, COT_18, COT_19, COT_20, COT_21, COT_22, COT_23, COT_24, COT_25, COT_26, COT_27, COT_28, COT_29, COT_30, COT_31, COT_32, COT_33) VALUES (7709, 'L?u chuy?n ti?n thu?n t? ho?t ?ng kinh doanh', null, null, null, null, null, null, null, null, null, null, null, 15, '95_03_LCTTTT', '20', null, null, null, null, null, null, null, null, null, null, null, null, null, null, null, null, null, null, null, null, null, null);
INSERT INTO RCV_GDIEN_TKHAI (ID, TEN_CTIEU, COT_01, COT_02, COT_03, COT_04, COT_05, COT_06, COT_07, COT_08, COT_09, COT_10, COT_11, SO_TT, LOAI_DLIEU, MA_CTIEU, COT_12, COT_13, COT_14, COT_15, COT_16, COT_17, COT_18, COT_19, COT_20, COT_21, COT_22, COT_23, COT_24, COT_25, COT_26, COT_27, COT_28, COT_29, COT_30, COT_31, COT_32, COT_33) VALUES (7710, 'II. L?u chuy?n ti?n t? ho?t ?ng ?u t?', '40', '41', '42', null, null, null, null, null, null, null, null, 16, '95_03_LCTTTT', '020', null, null, null, null, null, null, null, null, null, null, null, null, null, null, null, null, null, null, null, null, null, null);
INSERT INTO RCV_GDIEN_TKHAI (ID, TEN_CTIEU, COT_01, COT_02, COT_03, COT_04, COT_05, COT_06, COT_07, COT_08, COT_09, COT_10, COT_11, SO_TT, LOAI_DLIEU, MA_CTIEU, COT_12, COT_13, COT_14, COT_15, COT_16, COT_17, COT_18, COT_19, COT_20, COT_21, COT_22, COT_23, COT_24, COT_25, COT_26, COT_27, COT_28, COT_29, COT_30, COT_31, COT_32, COT_33) VALUES (7711, '   1.Ti?n chi ? mua s?m, x?y d?ng TSC v? c?c t?i s?n d?i h?n kh?c', '43', '44', '45', null, null, null, null, null, null, null, null, 17, '95_03_LCTTTT', '21', null, null, null, null, null, null, null, null, null, null, null, null, null, null, null, null, null, null, null, null, null, null);
INSERT INTO RCV_GDIEN_TKHAI (ID, TEN_CTIEU, COT_01, COT_02, COT_03, COT_04, COT_05, COT_06, COT_07, COT_08, COT_09, COT_10, COT_11, SO_TT, LOAI_DLIEU, MA_CTIEU, COT_12, COT_13, COT_14, COT_15, COT_16, COT_17, COT_18, COT_19, COT_20, COT_21, COT_22, COT_23, COT_24, COT_25, COT_26, COT_27, COT_28, COT_29, COT_30, COT_31, COT_32, COT_33) VALUES (7712, '   2.Ti?n thu t? thanh l?, nh??ng b?n TSC v? c?c t?i s?n d?i h?n kh?c', '46', '47', '48', null, null, null, null, null, null, null, null, 18, '95_03_LCTTTT', '22', null, null, null, null, null, null, null, null, null, null, null, null, null, null, null, null, null, null, null, null, null, null);
INSERT INTO RCV_GDIEN_TKHAI (ID, TEN_CTIEU, COT_01, COT_02, COT_03, COT_04, COT_05, COT_06, COT_07, COT_08, COT_09, COT_10, COT_11, SO_TT, LOAI_DLIEU, MA_CTIEU, COT_12, COT_13, COT_14, COT_15, COT_16, COT_17, COT_18, COT_19, COT_20, COT_21, COT_22, COT_23, COT_24, COT_25, COT_26, COT_27, COT_28, COT_29, COT_30, COT_31, COT_32, COT_33) VALUES (7713, '   3.Ti?n chi cho vay, mua c?c c?ng c? n? c?a ?n v? kh?c', '49', '50', '51', null, null, null, null, null, null, null, null, 19, '95_03_LCTTTT', '23', null, null, null, null, null, null, null, null, null, null, null, null, null, null, null, null, null, null, null, null, null, null);
INSERT INTO RCV_GDIEN_TKHAI (ID, TEN_CTIEU, COT_01, COT_02, COT_03, COT_04, COT_05, COT_06, COT_07, COT_08, COT_09, COT_10, COT_11, SO_TT, LOAI_DLIEU, MA_CTIEU, COT_12, COT_13, COT_14, COT_15, COT_16, COT_17, COT_18, COT_19, COT_20, COT_21, COT_22, COT_23, COT_24, COT_25, COT_26, COT_27, COT_28, COT_29, COT_30, COT_31, COT_32, COT_33) VALUES (7714, '   4.Ti?n thu h?i cho vay, b?n l?i c?c c?ng c? n? c?a ?n v? kh?c', '52', '53', '54', null, null, null, null, null, null, null, null, 20, '95_03_LCTTTT', '24', null, null, null, null, null, null, null, null, null, null, null, null, null, null, null, null, null, null, null, null, null, null);
INSERT INTO RCV_GDIEN_TKHAI (ID, TEN_CTIEU, COT_01, COT_02, COT_03, COT_04, COT_05, COT_06, COT_07, COT_08, COT_09, COT_10, COT_11, SO_TT, LOAI_DLIEU, MA_CTIEU, COT_12, COT_13, COT_14, COT_15, COT_16, COT_17, COT_18, COT_19, COT_20, COT_21, COT_22, COT_23, COT_24, COT_25, COT_26, COT_27, COT_28, COT_29, COT_30, COT_31, COT_32, COT_33) VALUES (7715, '   5.Ti?n chi ?u t? g?p v?n v?o ?n v? kh?c', '55', '56', '57', null, null, null, null, null, null, null, null, 21, '95_03_LCTTTT', '25', null, null, null, null, null, null, null, null, null, null, null, null, null, null, null, null, null, null, null, null, null, null);
INSERT INTO RCV_GDIEN_TKHAI (ID, TEN_CTIEU, COT_01, COT_02, COT_03, COT_04, COT_05, COT_06, COT_07, COT_08, COT_09, COT_10, COT_11, SO_TT, LOAI_DLIEU, MA_CTIEU, COT_12, COT_13, COT_14, COT_15, COT_16, COT_17, COT_18, COT_19, COT_20, COT_21, COT_22, COT_23, COT_24, COT_25, COT_26, COT_27, COT_28, COT_29, COT_30, COT_31, COT_32, COT_33) VALUES (7716, '   6.Ti?n thu h?i ?u t? g?p v?n v?o ?n v? kh?c', '58', '59', '60', null, null, null, null, null, null, null, null, 22, '95_03_LCTTTT', '26', null, null, null, null, null, null, null, null, null, null, null, null, null, null, null, null, null, null, null, null, null, null);
INSERT INTO RCV_GDIEN_TKHAI (ID, TEN_CTIEU, COT_01, COT_02, COT_03, COT_04, COT_05, COT_06, COT_07, COT_08, COT_09, COT_10, COT_11, SO_TT, LOAI_DLIEU, MA_CTIEU, COT_12, COT_13, COT_14, COT_15, COT_16, COT_17, COT_18, COT_19, COT_20, COT_21, COT_22, COT_23, COT_24, COT_25, COT_26, COT_27, COT_28, COT_29, COT_30, COT_31, COT_32, COT_33) VALUES (7717, '   7.Ti?n thu l?i cho vay, c? t?c v? l?i nhu?n ??c chia', '61', '62', '63', null, null, null, null, null, null, null, null, 23, '95_03_LCTTTT', '27', null, null, null, null, null, null, null, null, null, null, null, null, null, null, null, null, null, null, null, null, null, null);
INSERT INTO RCV_GDIEN_TKHAI (ID, TEN_CTIEU, COT_01, COT_02, COT_03, COT_04, COT_05, COT_06, COT_07, COT_08, COT_09, COT_10, COT_11, SO_TT, LOAI_DLIEU, MA_CTIEU, COT_12, COT_13, COT_14, COT_15, COT_16, COT_17, COT_18, COT_19, COT_20, COT_21, COT_22, COT_23, COT_24, COT_25, COT_26, COT_27, COT_28, COT_29, COT_30, COT_31, COT_32, COT_33) VALUES (7718, 'L?u chuy?n ti?n thu?n t? ho?t ?ng ?u t?', '64', '65', '66', null, null, null, null, null, null, null, null, 24, '95_03_LCTTTT', '30', null, null, null, null, null, null, null, null, null, null, null, null, null, null, null, null, null, null, null, null, null, null);
INSERT INTO RCV_GDIEN_TKHAI (ID, TEN_CTIEU, COT_01, COT_02, COT_03, COT_04, COT_05, COT_06, COT_07, COT_08, COT_09, COT_10, COT_11, SO_TT, LOAI_DLIEU, MA_CTIEU, COT_12, COT_13, COT_14, COT_15, COT_16, COT_17, COT_18, COT_19, COT_20, COT_21, COT_22, COT_23, COT_24, COT_25, COT_26, COT_27, COT_28, COT_29, COT_30, COT_31, COT_32, COT_33) VALUES (7719, 'III. L?u chuy?n ti?n t? ho?t ?ng t?i ch?nh', null, null, null, null, null, null, null, null, null, null, null, 25, '95_03_LCTTTT', '030', null, null, null, null, null, null, null, null, null, null, null, null, null, null, null, null, null, null, null, null, null, null);
INSERT INTO RCV_GDIEN_TKHAI (ID, TEN_CTIEU, COT_01, COT_02, COT_03, COT_04, COT_05, COT_06, COT_07, COT_08, COT_09, COT_10, COT_11, SO_TT, LOAI_DLIEU, MA_CTIEU, COT_12, COT_13, COT_14, COT_15, COT_16, COT_17, COT_18, COT_19, COT_20, COT_21, COT_22, COT_23, COT_24, COT_25, COT_26, COT_27, COT_28, COT_29, COT_30, COT_31, COT_32, COT_33) VALUES (7720, '   1.Ti?n thu t? ph?t h?nh c? phi?u, nh?n v?n g?p c?a ch? s? h?u', '67', '68', '69', null, null, null, null, null, null, null, null, 26, '95_03_LCTTTT', '31', null, null, null, null, null, null, null, null, null, null, null, null, null, null, null, null, null, null, null, null, null, null);
INSERT INTO RCV_GDIEN_TKHAI (ID, TEN_CTIEU, COT_01, COT_02, COT_03, COT_04, COT_05, COT_06, COT_07, COT_08, COT_09, COT_10, COT_11, SO_TT, LOAI_DLIEU, MA_CTIEU, COT_12, COT_13, COT_14, COT_15, COT_16, COT_17, COT_18, COT_19, COT_20, COT_21, COT_22, COT_23, COT_24, COT_25, COT_26, COT_27, COT_28, COT_29, COT_30, COT_31, COT_32, COT_33) VALUES (7721, '   2.Ti?n chi tr? v?n g?p cho c?c ch? s? h?u, mua l?i c? phi?u c?a  doanh nghi?p ? ph?t h?nh', '70', '71', '72', null, null, null, null, null, null, null, null, 27, '95_03_LCTTTT', '32', null, null, null, null, null, null, null, null, null, null, null, null, null, null, null, null, null, null, null, null, null, null);
INSERT INTO RCV_GDIEN_TKHAI (ID, TEN_CTIEU, COT_01, COT_02, COT_03, COT_04, COT_05, COT_06, COT_07, COT_08, COT_09, COT_10, COT_11, SO_TT, LOAI_DLIEU, MA_CTIEU, COT_12, COT_13, COT_14, COT_15, COT_16, COT_17, COT_18, COT_19, COT_20, COT_21, COT_22, COT_23, COT_24, COT_25, COT_26, COT_27, COT_28, COT_29, COT_30, COT_31, COT_32, COT_33) VALUES (7722, '   3.Ti?n vay ng?n h?n, d?i h?n nh?n ??c', '73', '74', '75', null, null, null, null, null, null, null, null, 28, '95_03_LCTTTT', '33', null, null, null, null, null, null, null, null, null, null, null, null, null, null, null, null, null, null, null, null, null, null);
INSERT INTO RCV_GDIEN_TKHAI (ID, TEN_CTIEU, COT_01, COT_02, COT_03, COT_04, COT_05, COT_06, COT_07, COT_08, COT_09, COT_10, COT_11, SO_TT, LOAI_DLIEU, MA_CTIEU, COT_12, COT_13, COT_14, COT_15, COT_16, COT_17, COT_18, COT_19, COT_20, COT_21, COT_22, COT_23, COT_24, COT_25, COT_26, COT_27, COT_28, COT_29, COT_30, COT_31, COT_32, COT_33) VALUES (7723, '   4.Ti?n chi tr? n? g?c vay', '76', '77', '78', null, null, null, null, null, null, null, null, 29, '95_03_LCTTTT', '34', null, null, null, null, null, null, null, null, null, null, null, null, null, null, null, null, null, null, null, null, null, null);
INSERT INTO RCV_GDIEN_TKHAI (ID, TEN_CTIEU, COT_01, COT_02, COT_03, COT_04, COT_05, COT_06, COT_07, COT_08, COT_09, COT_10, COT_11, SO_TT, LOAI_DLIEU, MA_CTIEU, COT_12, COT_13, COT_14, COT_15, COT_16, COT_17, COT_18, COT_19, COT_20, COT_21, COT_22, COT_23, COT_24, COT_25, COT_26, COT_27, COT_28, COT_29, COT_30, COT_31, COT_32, COT_33) VALUES (7724, '   5.Ti?n chi tr? n? thu? t?i ch?nh', '79', '80', '81', null, null, null, null, null, null, null, null, 30, '95_03_LCTTTT', '35', null, null, null, null, null, null, null, null, null, null, null, null, null, null, null, null, null, null, null, null, null, null);
INSERT INTO RCV_GDIEN_TKHAI (ID, TEN_CTIEU, COT_01, COT_02, COT_03, COT_04, COT_05, COT_06, COT_07, COT_08, COT_09, COT_10, COT_11, SO_TT, LOAI_DLIEU, MA_CTIEU, COT_12, COT_13, COT_14, COT_15, COT_16, COT_17, COT_18, COT_19, COT_20, COT_21, COT_22, COT_23, COT_24, COT_25, COT_26, COT_27, COT_28, COT_29, COT_30, COT_31, COT_32, COT_33) VALUES (7725, '   6. C? t?c, l?i nhu?n ? tr? cho ch? s? h?u', '82', '83', '84', null, null, null, null, null, null, null, null, 31, '95_03_LCTTTT', '36', null, null, null, null, null, null, null, null, null, null, null, null, null, null, null, null, null, null, null, null, null, null);
INSERT INTO RCV_GDIEN_TKHAI (ID, TEN_CTIEU, COT_01, COT_02, COT_03, COT_04, COT_05, COT_06, COT_07, COT_08, COT_09, COT_10, COT_11, SO_TT, LOAI_DLIEU, MA_CTIEU, COT_12, COT_13, COT_14, COT_15, COT_16, COT_17, COT_18, COT_19, COT_20, COT_21, COT_22, COT_23, COT_24, COT_25, COT_26, COT_27, COT_28, COT_29, COT_30, COT_31, COT_32, COT_33) VALUES (7726, 'L?u chuy?n ti?n thu?n t? ho?t ?ng t?i ch?nh', '85', '86', '87', null, null, null, null, null, null, null, null, 32, '95_03_LCTTTT', '40', null, null, null, null, null, null, null, null, null, null, null, null, null, null, null, null, null, null, null, null, null, null);
INSERT INTO RCV_GDIEN_TKHAI (ID, TEN_CTIEU, COT_01, COT_02, COT_03, COT_04, COT_05, COT_06, COT_07, COT_08, COT_09, COT_10, COT_11, SO_TT, LOAI_DLIEU, MA_CTIEU, COT_12, COT_13, COT_14, COT_15, COT_16, COT_17, COT_18, COT_19, COT_20, COT_21, COT_22, COT_23, COT_24, COT_25, COT_26, COT_27, COT_28, COT_29, COT_30, COT_31, COT_32, COT_33) VALUES (7727, 'L?u chuy?n ti?n thu?n trong k? (50 = 20 + 30 + 40)', '88', '89', '90', null, null, null, null, null, null, null, null, 33, '95_03_LCTTTT', '50', null, null, null, null, null, null, null, null, null, null, null, null, null, null, null, null, null, null, null, null, null, null);
INSERT INTO RCV_GDIEN_TKHAI (ID, TEN_CTIEU, COT_01, COT_02, COT_03, COT_04, COT_05, COT_06, COT_07, COT_08, COT_09, COT_10, COT_11, SO_TT, LOAI_DLIEU, MA_CTIEU, COT_12, COT_13, COT_14, COT_15, COT_16, COT_17, COT_18, COT_19, COT_20, COT_21, COT_22, COT_23, COT_24, COT_25, COT_26, COT_27, COT_28, COT_29, COT_30, COT_31, COT_32, COT_33) VALUES (7728, 'Ti?n v? t??ng ??ng ti?n ?u k?', '91', '92', '93', null, null, null, null, null, null, null, null, 34, '95_03_LCTTTT', '60', null, null, null, null, null, null, null, null, null, null, null, null, null, null, null, null, null, null, null, null, null, null);
INSERT INTO RCV_GDIEN_TKHAI (ID, TEN_CTIEU, COT_01, COT_02, COT_03, COT_04, COT_05, COT_06, COT_07, COT_08, COT_09, COT_10, COT_11, SO_TT, LOAI_DLIEU, MA_CTIEU, COT_12, COT_13, COT_14, COT_15, COT_16, COT_17, COT_18, COT_19, COT_20, COT_21, COT_22, COT_23, COT_24, COT_25, COT_26, COT_27, COT_28, COT_29, COT_30, COT_31, COT_32, COT_33) VALUES (7729, '?nh h??ng c?a thay ?i t? gi? h?i o?i quy ?i ngo?i t?', '94', '95', '96', null, null, null, null, null, null, null, null, 35, '95_03_LCTTTT', '61', null, null, null, null, null, null, null, null, null, null, null, null, null, null, null, null, null, null, null, null, null, null);
INSERT INTO RCV_GDIEN_TKHAI (ID, TEN_CTIEU, COT_01, COT_02, COT_03, COT_04, COT_05, COT_06, COT_07, COT_08, COT_09, COT_10, COT_11, SO_TT, LOAI_DLIEU, MA_CTIEU, COT_12, COT_13, COT_14, COT_15, COT_16, COT_17, COT_18, COT_19, COT_20, COT_21, COT_22, COT_23, COT_24, COT_25, COT_26, COT_27, COT_28, COT_29, COT_30, COT_31, COT_32, COT_33) VALUES (7730, 'Ti?n v? t??ng ??ng ti?n cu?i k? (70 = 50+60+61)', '97', '98', '99', null, null, null, null, null, null, null, null, 36, '95_03_LCTTTT', '70', null, null, null, null, null, null, null, null, null, null, null, null, null, null, null, null, null, null, null, null, null, null);

--map chi tieu
INSERT INTO RCV_MAP_CTIEU (LOAI_DLIEU, KY_HIEU, KIEU_DLIEU, GDN_ID, KY_HIEU_CTIEU) VALUES ('95_03_LCTTTT', '1', 'C', 7696, null);
INSERT INTO RCV_MAP_CTIEU (LOAI_DLIEU, KY_HIEU, KIEU_DLIEU, GDN_ID, KY_HIEU_CTIEU) VALUES ('95_03_LCTTTT', '10', 'C', 7699, null);
INSERT INTO RCV_MAP_CTIEU (LOAI_DLIEU, KY_HIEU, KIEU_DLIEU, GDN_ID, KY_HIEU_CTIEU) VALUES ('95_03_LCTTTT', '11', 'N', 7699, null);
INSERT INTO RCV_MAP_CTIEU (LOAI_DLIEU, KY_HIEU, KIEU_DLIEU, GDN_ID, KY_HIEU_CTIEU) VALUES ('95_03_LCTTTT', '12', 'N', 7699, null);
INSERT INTO RCV_MAP_CTIEU (LOAI_DLIEU, KY_HIEU, KIEU_DLIEU, GDN_ID, KY_HIEU_CTIEU) VALUES ('95_03_LCTTTT', '13', 'C', 7700, null);
INSERT INTO RCV_MAP_CTIEU (LOAI_DLIEU, KY_HIEU, KIEU_DLIEU, GDN_ID, KY_HIEU_CTIEU) VALUES ('95_03_LCTTTT', '14', 'N', 7700, null);
INSERT INTO RCV_MAP_CTIEU (LOAI_DLIEU, KY_HIEU, KIEU_DLIEU, GDN_ID, KY_HIEU_CTIEU) VALUES ('95_03_LCTTTT', '15', 'N', 7700, null);
INSERT INTO RCV_MAP_CTIEU (LOAI_DLIEU, KY_HIEU, KIEU_DLIEU, GDN_ID, KY_HIEU_CTIEU) VALUES ('95_03_LCTTTT', '16', 'C', 7701, null);
INSERT INTO RCV_MAP_CTIEU (LOAI_DLIEU, KY_HIEU, KIEU_DLIEU, GDN_ID, KY_HIEU_CTIEU) VALUES ('95_03_LCTTTT', '17', 'N', 7701, null);
INSERT INTO RCV_MAP_CTIEU (LOAI_DLIEU, KY_HIEU, KIEU_DLIEU, GDN_ID, KY_HIEU_CTIEU) VALUES ('95_03_LCTTTT', '18', 'N', 7701, null);
INSERT INTO RCV_MAP_CTIEU (LOAI_DLIEU, KY_HIEU, KIEU_DLIEU, GDN_ID, KY_HIEU_CTIEU) VALUES ('95_03_LCTTTT', '19', 'C', 7702, null);
INSERT INTO RCV_MAP_CTIEU (LOAI_DLIEU, KY_HIEU, KIEU_DLIEU, GDN_ID, KY_HIEU_CTIEU) VALUES ('95_03_LCTTTT', '2', 'N', 7696, null);
INSERT INTO RCV_MAP_CTIEU (LOAI_DLIEU, KY_HIEU, KIEU_DLIEU, GDN_ID, KY_HIEU_CTIEU) VALUES ('95_03_LCTTTT', '20', 'N', 7702, null);
INSERT INTO RCV_MAP_CTIEU (LOAI_DLIEU, KY_HIEU, KIEU_DLIEU, GDN_ID, KY_HIEU_CTIEU) VALUES ('95_03_LCTTTT', '21', 'N', 7702, null);
INSERT INTO RCV_MAP_CTIEU (LOAI_DLIEU, KY_HIEU, KIEU_DLIEU, GDN_ID, KY_HIEU_CTIEU) VALUES ('95_03_LCTTTT', '22', 'C', 7703, null);
INSERT INTO RCV_MAP_CTIEU (LOAI_DLIEU, KY_HIEU, KIEU_DLIEU, GDN_ID, KY_HIEU_CTIEU) VALUES ('95_03_LCTTTT', '23', 'N', 7703, null);
INSERT INTO RCV_MAP_CTIEU (LOAI_DLIEU, KY_HIEU, KIEU_DLIEU, GDN_ID, KY_HIEU_CTIEU) VALUES ('95_03_LCTTTT', '24', 'N', 7703, null);
INSERT INTO RCV_MAP_CTIEU (LOAI_DLIEU, KY_HIEU, KIEU_DLIEU, GDN_ID, KY_HIEU_CTIEU) VALUES ('95_03_LCTTTT', '25', 'C', 7704, null);
INSERT INTO RCV_MAP_CTIEU (LOAI_DLIEU, KY_HIEU, KIEU_DLIEU, GDN_ID, KY_HIEU_CTIEU) VALUES ('95_03_LCTTTT', '26', 'N', 7704, null);
INSERT INTO RCV_MAP_CTIEU (LOAI_DLIEU, KY_HIEU, KIEU_DLIEU, GDN_ID, KY_HIEU_CTIEU) VALUES ('95_03_LCTTTT', '27', 'N', 7704, null);
INSERT INTO RCV_MAP_CTIEU (LOAI_DLIEU, KY_HIEU, KIEU_DLIEU, GDN_ID, KY_HIEU_CTIEU) VALUES ('95_03_LCTTTT', '28', 'C', 7705, null);
INSERT INTO RCV_MAP_CTIEU (LOAI_DLIEU, KY_HIEU, KIEU_DLIEU, GDN_ID, KY_HIEU_CTIEU) VALUES ('95_03_LCTTTT', '29', 'N', 7705, null);
INSERT INTO RCV_MAP_CTIEU (LOAI_DLIEU, KY_HIEU, KIEU_DLIEU, GDN_ID, KY_HIEU_CTIEU) VALUES ('95_03_LCTTTT', '3', 'N', 7696, null);
INSERT INTO RCV_MAP_CTIEU (LOAI_DLIEU, KY_HIEU, KIEU_DLIEU, GDN_ID, KY_HIEU_CTIEU) VALUES ('95_03_LCTTTT', '30', 'N', 7705, null);
INSERT INTO RCV_MAP_CTIEU (LOAI_DLIEU, KY_HIEU, KIEU_DLIEU, GDN_ID, KY_HIEU_CTIEU) VALUES ('95_03_LCTTTT', '31', 'C', 7706, null);
INSERT INTO RCV_MAP_CTIEU (LOAI_DLIEU, KY_HIEU, KIEU_DLIEU, GDN_ID, KY_HIEU_CTIEU) VALUES ('95_03_LCTTTT', '32', 'N', 7706, null);
INSERT INTO RCV_MAP_CTIEU (LOAI_DLIEU, KY_HIEU, KIEU_DLIEU, GDN_ID, KY_HIEU_CTIEU) VALUES ('95_03_LCTTTT', '33', 'N', 7706, null);
INSERT INTO RCV_MAP_CTIEU (LOAI_DLIEU, KY_HIEU, KIEU_DLIEU, GDN_ID, KY_HIEU_CTIEU) VALUES ('95_03_LCTTTT', '34', 'C', 7707, null);
INSERT INTO RCV_MAP_CTIEU (LOAI_DLIEU, KY_HIEU, KIEU_DLIEU, GDN_ID, KY_HIEU_CTIEU) VALUES ('95_03_LCTTTT', '35', 'N', 7707, null);
INSERT INTO RCV_MAP_CTIEU (LOAI_DLIEU, KY_HIEU, KIEU_DLIEU, GDN_ID, KY_HIEU_CTIEU) VALUES ('95_03_LCTTTT', '36', 'N', 7707, null);
INSERT INTO RCV_MAP_CTIEU (LOAI_DLIEU, KY_HIEU, KIEU_DLIEU, GDN_ID, KY_HIEU_CTIEU) VALUES ('95_03_LCTTTT', '37', 'C', 7708, null);
INSERT INTO RCV_MAP_CTIEU (LOAI_DLIEU, KY_HIEU, KIEU_DLIEU, GDN_ID, KY_HIEU_CTIEU) VALUES ('95_03_LCTTTT', '38', 'N', 7708, null);
INSERT INTO RCV_MAP_CTIEU (LOAI_DLIEU, KY_HIEU, KIEU_DLIEU, GDN_ID, KY_HIEU_CTIEU) VALUES ('95_03_LCTTTT', '39', 'N', 7708, null);
INSERT INTO RCV_MAP_CTIEU (LOAI_DLIEU, KY_HIEU, KIEU_DLIEU, GDN_ID, KY_HIEU_CTIEU) VALUES ('95_03_LCTTTT', '4', 'C', 7697, null);
INSERT INTO RCV_MAP_CTIEU (LOAI_DLIEU, KY_HIEU, KIEU_DLIEU, GDN_ID, KY_HIEU_CTIEU) VALUES ('95_03_LCTTTT', '40', 'C', 7710, null);
INSERT INTO RCV_MAP_CTIEU (LOAI_DLIEU, KY_HIEU, KIEU_DLIEU, GDN_ID, KY_HIEU_CTIEU) VALUES ('95_03_LCTTTT', '41', 'N', 7710, null);
INSERT INTO RCV_MAP_CTIEU (LOAI_DLIEU, KY_HIEU, KIEU_DLIEU, GDN_ID, KY_HIEU_CTIEU) VALUES ('95_03_LCTTTT', '42', 'N', 7710, null);
INSERT INTO RCV_MAP_CTIEU (LOAI_DLIEU, KY_HIEU, KIEU_DLIEU, GDN_ID, KY_HIEU_CTIEU) VALUES ('95_03_LCTTTT', '43', 'C', 7711, null);
INSERT INTO RCV_MAP_CTIEU (LOAI_DLIEU, KY_HIEU, KIEU_DLIEU, GDN_ID, KY_HIEU_CTIEU) VALUES ('95_03_LCTTTT', '44', 'N', 7711, null);
INSERT INTO RCV_MAP_CTIEU (LOAI_DLIEU, KY_HIEU, KIEU_DLIEU, GDN_ID, KY_HIEU_CTIEU) VALUES ('95_03_LCTTTT', '45', 'N', 7711, null);
INSERT INTO RCV_MAP_CTIEU (LOAI_DLIEU, KY_HIEU, KIEU_DLIEU, GDN_ID, KY_HIEU_CTIEU) VALUES ('95_03_LCTTTT', '46', 'C', 7712, null);
INSERT INTO RCV_MAP_CTIEU (LOAI_DLIEU, KY_HIEU, KIEU_DLIEU, GDN_ID, KY_HIEU_CTIEU) VALUES ('95_03_LCTTTT', '47', 'N', 7712, null);
INSERT INTO RCV_MAP_CTIEU (LOAI_DLIEU, KY_HIEU, KIEU_DLIEU, GDN_ID, KY_HIEU_CTIEU) VALUES ('95_03_LCTTTT', '48', 'N', 7712, null);
INSERT INTO RCV_MAP_CTIEU (LOAI_DLIEU, KY_HIEU, KIEU_DLIEU, GDN_ID, KY_HIEU_CTIEU) VALUES ('95_03_LCTTTT', '49', 'C', 7713, null);
INSERT INTO RCV_MAP_CTIEU (LOAI_DLIEU, KY_HIEU, KIEU_DLIEU, GDN_ID, KY_HIEU_CTIEU) VALUES ('95_03_LCTTTT', '5', 'N', 7697, null);
INSERT INTO RCV_MAP_CTIEU (LOAI_DLIEU, KY_HIEU, KIEU_DLIEU, GDN_ID, KY_HIEU_CTIEU) VALUES ('95_03_LCTTTT', '50', 'N', 7713, null);
INSERT INTO RCV_MAP_CTIEU (LOAI_DLIEU, KY_HIEU, KIEU_DLIEU, GDN_ID, KY_HIEU_CTIEU) VALUES ('95_03_LCTTTT', '51', 'N', 7713, null);
INSERT INTO RCV_MAP_CTIEU (LOAI_DLIEU, KY_HIEU, KIEU_DLIEU, GDN_ID, KY_HIEU_CTIEU) VALUES ('95_03_LCTTTT', '52', 'C', 7714, null);
INSERT INTO RCV_MAP_CTIEU (LOAI_DLIEU, KY_HIEU, KIEU_DLIEU, GDN_ID, KY_HIEU_CTIEU) VALUES ('95_03_LCTTTT', '53', 'N', 7714, null);
INSERT INTO RCV_MAP_CTIEU (LOAI_DLIEU, KY_HIEU, KIEU_DLIEU, GDN_ID, KY_HIEU_CTIEU) VALUES ('95_03_LCTTTT', '54', 'N', 7714, null);
INSERT INTO RCV_MAP_CTIEU (LOAI_DLIEU, KY_HIEU, KIEU_DLIEU, GDN_ID, KY_HIEU_CTIEU) VALUES ('95_03_LCTTTT', '55', 'C', 7715, null);
INSERT INTO RCV_MAP_CTIEU (LOAI_DLIEU, KY_HIEU, KIEU_DLIEU, GDN_ID, KY_HIEU_CTIEU) VALUES ('95_03_LCTTTT', '56', 'N', 7715, null);
INSERT INTO RCV_MAP_CTIEU (LOAI_DLIEU, KY_HIEU, KIEU_DLIEU, GDN_ID, KY_HIEU_CTIEU) VALUES ('95_03_LCTTTT', '57', 'N', 7715, null);
INSERT INTO RCV_MAP_CTIEU (LOAI_DLIEU, KY_HIEU, KIEU_DLIEU, GDN_ID, KY_HIEU_CTIEU) VALUES ('95_03_LCTTTT', '58', 'C', 7716, null);
INSERT INTO RCV_MAP_CTIEU (LOAI_DLIEU, KY_HIEU, KIEU_DLIEU, GDN_ID, KY_HIEU_CTIEU) VALUES ('95_03_LCTTTT', '59', 'N', 7716, null);
INSERT INTO RCV_MAP_CTIEU (LOAI_DLIEU, KY_HIEU, KIEU_DLIEU, GDN_ID, KY_HIEU_CTIEU) VALUES ('95_03_LCTTTT', '6', 'N', 7697, null);
INSERT INTO RCV_MAP_CTIEU (LOAI_DLIEU, KY_HIEU, KIEU_DLIEU, GDN_ID, KY_HIEU_CTIEU) VALUES ('95_03_LCTTTT', '60', 'N', 7716, null);
INSERT INTO RCV_MAP_CTIEU (LOAI_DLIEU, KY_HIEU, KIEU_DLIEU, GDN_ID, KY_HIEU_CTIEU) VALUES ('95_03_LCTTTT', '61', 'C', 7717, null);
INSERT INTO RCV_MAP_CTIEU (LOAI_DLIEU, KY_HIEU, KIEU_DLIEU, GDN_ID, KY_HIEU_CTIEU) VALUES ('95_03_LCTTTT', '62', 'N', 7717, null);
INSERT INTO RCV_MAP_CTIEU (LOAI_DLIEU, KY_HIEU, KIEU_DLIEU, GDN_ID, KY_HIEU_CTIEU) VALUES ('95_03_LCTTTT', '63', 'N', 7717, null);
INSERT INTO RCV_MAP_CTIEU (LOAI_DLIEU, KY_HIEU, KIEU_DLIEU, GDN_ID, KY_HIEU_CTIEU) VALUES ('95_03_LCTTTT', '64', 'C', 7718, null);
INSERT INTO RCV_MAP_CTIEU (LOAI_DLIEU, KY_HIEU, KIEU_DLIEU, GDN_ID, KY_HIEU_CTIEU) VALUES ('95_03_LCTTTT', '65', 'N', 7718, null);
INSERT INTO RCV_MAP_CTIEU (LOAI_DLIEU, KY_HIEU, KIEU_DLIEU, GDN_ID, KY_HIEU_CTIEU) VALUES ('95_03_LCTTTT', '66', 'N', 7718, null);
INSERT INTO RCV_MAP_CTIEU (LOAI_DLIEU, KY_HIEU, KIEU_DLIEU, GDN_ID, KY_HIEU_CTIEU) VALUES ('95_03_LCTTTT', '67', 'C', 7720, null);
INSERT INTO RCV_MAP_CTIEU (LOAI_DLIEU, KY_HIEU, KIEU_DLIEU, GDN_ID, KY_HIEU_CTIEU) VALUES ('95_03_LCTTTT', '68', 'N', 7720, null);
INSERT INTO RCV_MAP_CTIEU (LOAI_DLIEU, KY_HIEU, KIEU_DLIEU, GDN_ID, KY_HIEU_CTIEU) VALUES ('95_03_LCTTTT', '69', 'N', 7720, null);
INSERT INTO RCV_MAP_CTIEU (LOAI_DLIEU, KY_HIEU, KIEU_DLIEU, GDN_ID, KY_HIEU_CTIEU) VALUES ('95_03_LCTTTT', '7', 'C', 7698, null);
INSERT INTO RCV_MAP_CTIEU (LOAI_DLIEU, KY_HIEU, KIEU_DLIEU, GDN_ID, KY_HIEU_CTIEU) VALUES ('95_03_LCTTTT', '70', 'C', 7721, null);
INSERT INTO RCV_MAP_CTIEU (LOAI_DLIEU, KY_HIEU, KIEU_DLIEU, GDN_ID, KY_HIEU_CTIEU) VALUES ('95_03_LCTTTT', '71', 'N', 7721, null);
INSERT INTO RCV_MAP_CTIEU (LOAI_DLIEU, KY_HIEU, KIEU_DLIEU, GDN_ID, KY_HIEU_CTIEU) VALUES ('95_03_LCTTTT', '72', 'N', 7721, null);
INSERT INTO RCV_MAP_CTIEU (LOAI_DLIEU, KY_HIEU, KIEU_DLIEU, GDN_ID, KY_HIEU_CTIEU) VALUES ('95_03_LCTTTT', '73', 'C', 7722, null);
INSERT INTO RCV_MAP_CTIEU (LOAI_DLIEU, KY_HIEU, KIEU_DLIEU, GDN_ID, KY_HIEU_CTIEU) VALUES ('95_03_LCTTTT', '74', 'N', 7722, null);
INSERT INTO RCV_MAP_CTIEU (LOAI_DLIEU, KY_HIEU, KIEU_DLIEU, GDN_ID, KY_HIEU_CTIEU) VALUES ('95_03_LCTTTT', '75', 'N', 7722, null);
INSERT INTO RCV_MAP_CTIEU (LOAI_DLIEU, KY_HIEU, KIEU_DLIEU, GDN_ID, KY_HIEU_CTIEU) VALUES ('95_03_LCTTTT', '76', 'C', 7723, null);
INSERT INTO RCV_MAP_CTIEU (LOAI_DLIEU, KY_HIEU, KIEU_DLIEU, GDN_ID, KY_HIEU_CTIEU) VALUES ('95_03_LCTTTT', '77', 'N', 7723, null);
INSERT INTO RCV_MAP_CTIEU (LOAI_DLIEU, KY_HIEU, KIEU_DLIEU, GDN_ID, KY_HIEU_CTIEU) VALUES ('95_03_LCTTTT', '78', 'N', 7723, null);
INSERT INTO RCV_MAP_CTIEU (LOAI_DLIEU, KY_HIEU, KIEU_DLIEU, GDN_ID, KY_HIEU_CTIEU) VALUES ('95_03_LCTTTT', '79', 'C', 7724, null);
INSERT INTO RCV_MAP_CTIEU (LOAI_DLIEU, KY_HIEU, KIEU_DLIEU, GDN_ID, KY_HIEU_CTIEU) VALUES ('95_03_LCTTTT', '8', 'N', 7698, null);
INSERT INTO RCV_MAP_CTIEU (LOAI_DLIEU, KY_HIEU, KIEU_DLIEU, GDN_ID, KY_HIEU_CTIEU) VALUES ('95_03_LCTTTT', '80', 'N', 7724, null);
INSERT INTO RCV_MAP_CTIEU (LOAI_DLIEU, KY_HIEU, KIEU_DLIEU, GDN_ID, KY_HIEU_CTIEU) VALUES ('95_03_LCTTTT', '81', 'N', 7724, null);
INSERT INTO RCV_MAP_CTIEU (LOAI_DLIEU, KY_HIEU, KIEU_DLIEU, GDN_ID, KY_HIEU_CTIEU) VALUES ('95_03_LCTTTT', '82', 'C', 7725, null);
INSERT INTO RCV_MAP_CTIEU (LOAI_DLIEU, KY_HIEU, KIEU_DLIEU, GDN_ID, KY_HIEU_CTIEU) VALUES ('95_03_LCTTTT', '83', 'N', 7725, null);
INSERT INTO RCV_MAP_CTIEU (LOAI_DLIEU, KY_HIEU, KIEU_DLIEU, GDN_ID, KY_HIEU_CTIEU) VALUES ('95_03_LCTTTT', '84', 'N', 7725, null);
INSERT INTO RCV_MAP_CTIEU (LOAI_DLIEU, KY_HIEU, KIEU_DLIEU, GDN_ID, KY_HIEU_CTIEU) VALUES ('95_03_LCTTTT', '85', 'C', 7726, null);
INSERT INTO RCV_MAP_CTIEU (LOAI_DLIEU, KY_HIEU, KIEU_DLIEU, GDN_ID, KY_HIEU_CTIEU) VALUES ('95_03_LCTTTT', '86', 'N', 7726, null);
INSERT INTO RCV_MAP_CTIEU (LOAI_DLIEU, KY_HIEU, KIEU_DLIEU, GDN_ID, KY_HIEU_CTIEU) VALUES ('95_03_LCTTTT', '87', 'N', 7726, null);
INSERT INTO RCV_MAP_CTIEU (LOAI_DLIEU, KY_HIEU, KIEU_DLIEU, GDN_ID, KY_HIEU_CTIEU) VALUES ('95_03_LCTTTT', '88', 'C', 7727, null);
INSERT INTO RCV_MAP_CTIEU (LOAI_DLIEU, KY_HIEU, KIEU_DLIEU, GDN_ID, KY_HIEU_CTIEU) VALUES ('95_03_LCTTTT', '89', 'N', 7727, null);
INSERT INTO RCV_MAP_CTIEU (LOAI_DLIEU, KY_HIEU, KIEU_DLIEU, GDN_ID, KY_HIEU_CTIEU) VALUES ('95_03_LCTTTT', '9', 'N', 7698, null);
INSERT INTO RCV_MAP_CTIEU (LOAI_DLIEU, KY_HIEU, KIEU_DLIEU, GDN_ID, KY_HIEU_CTIEU) VALUES ('95_03_LCTTTT', '90', 'N', 7727, null);
INSERT INTO RCV_MAP_CTIEU (LOAI_DLIEU, KY_HIEU, KIEU_DLIEU, GDN_ID, KY_HIEU_CTIEU) VALUES ('95_03_LCTTTT', '91', 'C', 7728, null);
INSERT INTO RCV_MAP_CTIEU (LOAI_DLIEU, KY_HIEU, KIEU_DLIEU, GDN_ID, KY_HIEU_CTIEU) VALUES ('95_03_LCTTTT', '92', 'N', 7728, null);
INSERT INTO RCV_MAP_CTIEU (LOAI_DLIEU, KY_HIEU, KIEU_DLIEU, GDN_ID, KY_HIEU_CTIEU) VALUES ('95_03_LCTTTT', '93', 'N', 7728, null);
INSERT INTO RCV_MAP_CTIEU (LOAI_DLIEU, KY_HIEU, KIEU_DLIEU, GDN_ID, KY_HIEU_CTIEU) VALUES ('95_03_LCTTTT', '94', 'C', 7729, null);
INSERT INTO RCV_MAP_CTIEU (LOAI_DLIEU, KY_HIEU, KIEU_DLIEU, GDN_ID, KY_HIEU_CTIEU) VALUES ('95_03_LCTTTT', '95', 'N', 7729, null);
INSERT INTO RCV_MAP_CTIEU (LOAI_DLIEU, KY_HIEU, KIEU_DLIEU, GDN_ID, KY_HIEU_CTIEU) VALUES ('95_03_LCTTTT', '96', 'N', 7729, null);
INSERT INTO RCV_MAP_CTIEU (LOAI_DLIEU, KY_HIEU, KIEU_DLIEU, GDN_ID, KY_HIEU_CTIEU) VALUES ('95_03_LCTTTT', '97', 'C', 7730, null);
INSERT INTO RCV_MAP_CTIEU (LOAI_DLIEU, KY_HIEU, KIEU_DLIEU, GDN_ID, KY_HIEU_CTIEU) VALUES ('95_03_LCTTTT', '98', 'N', 7730, null);
INSERT INTO RCV_MAP_CTIEU (LOAI_DLIEU, KY_HIEU, KIEU_DLIEU, GDN_ID, KY_HIEU_CTIEU) VALUES ('95_03_LCTTTT', '99', 'N', 7730, null);

--giao dien: 95_04_LCTTGT
-------------------------
INSERT INTO RCV_GDIEN_TKHAI (ID, TEN_CTIEU, COT_01, COT_02, COT_03, COT_04, COT_05, COT_06, COT_07, COT_08, COT_09, COT_10, COT_11, SO_TT, LOAI_DLIEU, MA_CTIEU, COT_12, COT_13, COT_14, COT_15, COT_16, COT_17, COT_18, COT_19, COT_20, COT_21, COT_22, COT_23, COT_24, COT_25, COT_26, COT_27, COT_28, COT_29, COT_30, COT_31, COT_32, COT_33) VALUES (7731, 'I. L?u chuy?n ti?n t? ho?t ?ng kinh doanh', null, null, null, null, null, null, null, null, null, null, null, 1, '95_04_LCTTGT', '001', null, null, null, null, null, null, null, null, null, null, null, null, null, null, null, null, null, null, null, null, null, null);
INSERT INTO RCV_GDIEN_TKHAI (ID, TEN_CTIEU, COT_01, COT_02, COT_03, COT_04, COT_05, COT_06, COT_07, COT_08, COT_09, COT_10, COT_11, SO_TT, LOAI_DLIEU, MA_CTIEU, COT_12, COT_13, COT_14, COT_15, COT_16, COT_17, COT_18, COT_19, COT_20, COT_21, COT_22, COT_23, COT_24, COT_25, COT_26, COT_27, COT_28, COT_29, COT_30, COT_31, COT_32, COT_33) VALUES (7732, '1. L?i nhu?n tr??c thu?', '1', '2', '3', null, null, null, null, null, null, null, null, 2, '95_04_LCTTGT', '01', null, null, null, null, null, null, null, null, null, null, null, null, null, null, null, null, null, null, null, null, null, null);
INSERT INTO RCV_GDIEN_TKHAI (ID, TEN_CTIEU, COT_01, COT_02, COT_03, COT_04, COT_05, COT_06, COT_07, COT_08, COT_09, COT_10, COT_11, SO_TT, LOAI_DLIEU, MA_CTIEU, COT_12, COT_13, COT_14, COT_15, COT_16, COT_17, COT_18, COT_19, COT_20, COT_21, COT_22, COT_23, COT_24, COT_25, COT_26, COT_27, COT_28, COT_29, COT_30, COT_31, COT_32, COT_33) VALUES (7733, '2. i?u ch?nh cho c?c kho?n', null, null, null, null, null, null, null, null, null, null, null, 3, '95_04_LCTTGT', '002', null, null, null, null, null, null, null, null, null, null, null, null, null, null, null, null, null, null, null, null, null, null);
INSERT INTO RCV_GDIEN_TKHAI (ID, TEN_CTIEU, COT_01, COT_02, COT_03, COT_04, COT_05, COT_06, COT_07, COT_08, COT_09, COT_10, COT_11, SO_TT, LOAI_DLIEU, MA_CTIEU, COT_12, COT_13, COT_14, COT_15, COT_16, COT_17, COT_18, COT_19, COT_20, COT_21, COT_22, COT_23, COT_24, COT_25, COT_26, COT_27, COT_28, COT_29, COT_30, COT_31, COT_32, COT_33) VALUES (7734, '    - Kh?u hao TSC', '4', '5', '6', null, null, null, null, null, null, null, null, 4, '95_04_LCTTGT', '02', null, null, null, null, null, null, null, null, null, null, null, null, null, null, null, null, null, null, null, null, null, null);
INSERT INTO RCV_GDIEN_TKHAI (ID, TEN_CTIEU, COT_01, COT_02, COT_03, COT_04, COT_05, COT_06, COT_07, COT_08, COT_09, COT_10, COT_11, SO_TT, LOAI_DLIEU, MA_CTIEU, COT_12, COT_13, COT_14, COT_15, COT_16, COT_17, COT_18, COT_19, COT_20, COT_21, COT_22, COT_23, COT_24, COT_25, COT_26, COT_27, COT_28, COT_29, COT_30, COT_31, COT_32, COT_33) VALUES (7735, '    - C?c kho?n d? ph?ng', '7', '8', '9', null, null, null, null, null, null, null, null, 5, '95_04_LCTTGT', '03', null, null, null, null, null, null, null, null, null, null, null, null, null, null, null, null, null, null, null, null, null, null);
INSERT INTO RCV_GDIEN_TKHAI (ID, TEN_CTIEU, COT_01, COT_02, COT_03, COT_04, COT_05, COT_06, COT_07, COT_08, COT_09, COT_10, COT_11, SO_TT, LOAI_DLIEU, MA_CTIEU, COT_12, COT_13, COT_14, COT_15, COT_16, COT_17, COT_18, COT_19, COT_20, COT_21, COT_22, COT_23, COT_24, COT_25, COT_26, COT_27, COT_28, COT_29, COT_30, COT_31, COT_32, COT_33) VALUES (7736, '    - L?i, l? ch?nh l?ch t? gi? h?i o?i ch?a th?c hi?n', '10', '11', '12', null, null, null, null, null, null, null, null, 6, '95_04_LCTTGT', '04', null, null, null, null, null, null, null, null, null, null, null, null, null, null, null, null, null, null, null, null, null, null);
INSERT INTO RCV_GDIEN_TKHAI (ID, TEN_CTIEU, COT_01, COT_02, COT_03, COT_04, COT_05, COT_06, COT_07, COT_08, COT_09, COT_10, COT_11, SO_TT, LOAI_DLIEU, MA_CTIEU, COT_12, COT_13, COT_14, COT_15, COT_16, COT_17, COT_18, COT_19, COT_20, COT_21, COT_22, COT_23, COT_24, COT_25, COT_26, COT_27, COT_28, COT_29, COT_30, COT_31, COT_32, COT_33) VALUES (7737, '    - L?i, l? t? ho?t ?ng ?u t?', '13', '14', '15', null, null, null, null, null, null, null, null, 7, '95_04_LCTTGT', '05', null, null, null, null, null, null, null, null, null, null, null, null, null, null, null, null, null, null, null, null, null, null);
INSERT INTO RCV_GDIEN_TKHAI (ID, TEN_CTIEU, COT_01, COT_02, COT_03, COT_04, COT_05, COT_06, COT_07, COT_08, COT_09, COT_10, COT_11, SO_TT, LOAI_DLIEU, MA_CTIEU, COT_12, COT_13, COT_14, COT_15, COT_16, COT_17, COT_18, COT_19, COT_20, COT_21, COT_22, COT_23, COT_24, COT_25, COT_26, COT_27, COT_28, COT_29, COT_30, COT_31, COT_32, COT_33) VALUES (7738, '    - Chi ph? l?i vay ', '16', '17', '18', null, null, null, null, null, null, null, null, 8, '95_04_LCTTGT', '06', null, null, null, null, null, null, null, null, null, null, null, null, null, null, null, null, null, null, null, null, null, null);
INSERT INTO RCV_GDIEN_TKHAI (ID, TEN_CTIEU, COT_01, COT_02, COT_03, COT_04, COT_05, COT_06, COT_07, COT_08, COT_09, COT_10, COT_11, SO_TT, LOAI_DLIEU, MA_CTIEU, COT_12, COT_13, COT_14, COT_15, COT_16, COT_17, COT_18, COT_19, COT_20, COT_21, COT_22, COT_23, COT_24, COT_25, COT_26, COT_27, COT_28, COT_29, COT_30, COT_31, COT_32, COT_33) VALUES (7739, '3. L?i nhu?n t? ho?t ?ng kinh doanh tr??c thay ?i v?n  l?u ?ng (08 = 01 + 02 + 03 + 04 + 05 + 06)', '19', '20', '21', null, null, null, null, null, null, null, null, 9, '95_04_LCTTGT', '08', null, null, null, null, null, null, null, null, null, null, null, null, null, null, null, null, null, null, null, null, null, null);
INSERT INTO RCV_GDIEN_TKHAI (ID, TEN_CTIEU, COT_01, COT_02, COT_03, COT_04, COT_05, COT_06, COT_07, COT_08, COT_09, COT_10, COT_11, SO_TT, LOAI_DLIEU, MA_CTIEU, COT_12, COT_13, COT_14, COT_15, COT_16, COT_17, COT_18, COT_19, COT_20, COT_21, COT_22, COT_23, COT_24, COT_25, COT_26, COT_27, COT_28, COT_29, COT_30, COT_31, COT_32, COT_33) VALUES (7740, '    - Tng, gi?m c?c kho?n ph?i thu', '22', '23', '24', null, null, null, null, null, null, null, null, 10, '95_04_LCTTGT', '09', null, null, null, null, null, null, null, null, null, null, null, null, null, null, null, null, null, null, null, null, null, null);
INSERT INTO RCV_GDIEN_TKHAI (ID, TEN_CTIEU, COT_01, COT_02, COT_03, COT_04, COT_05, COT_06, COT_07, COT_08, COT_09, COT_10, COT_11, SO_TT, LOAI_DLIEU, MA_CTIEU, COT_12, COT_13, COT_14, COT_15, COT_16, COT_17, COT_18, COT_19, COT_20, COT_21, COT_22, COT_23, COT_24, COT_25, COT_26, COT_27, COT_28, COT_29, COT_30, COT_31, COT_32, COT_33) VALUES (7741, '    - Tng, gi?m h?ng t?n kho', '25', '26', '27', null, null, null, null, null, null, null, null, 11, '95_04_LCTTGT', '10', null, null, null, null, null, null, null, null, null, null, null, null, null, null, null, null, null, null, null, null, null, null);
INSERT INTO RCV_GDIEN_TKHAI (ID, TEN_CTIEU, COT_01, COT_02, COT_03, COT_04, COT_05, COT_06, COT_07, COT_08, COT_09, COT_10, COT_11, SO_TT, LOAI_DLIEU, MA_CTIEU, COT_12, COT_13, COT_14, COT_15, COT_16, COT_17, COT_18, COT_19, COT_20, COT_21, COT_22, COT_23, COT_24, COT_25, COT_26, COT_27, COT_28, COT_29, COT_30, COT_31, COT_32, COT_33) VALUES (7742, '    - Tng, gi?m c?c kho?n ph?i tr? (Kh?ng k? l?i vay ph?i tr?, thu? thu nh?p doanh nghi?p ph?i n?p) ', '28', '29', '30', null, null, null, null, null, null, null, null, 12, '95_04_LCTTGT', '11', null, null, null, null, null, null, null, null, null, null, null, null, null, null, null, null, null, null, null, null, null, null);
INSERT INTO RCV_GDIEN_TKHAI (ID, TEN_CTIEU, COT_01, COT_02, COT_03, COT_04, COT_05, COT_06, COT_07, COT_08, COT_09, COT_10, COT_11, SO_TT, LOAI_DLIEU, MA_CTIEU, COT_12, COT_13, COT_14, COT_15, COT_16, COT_17, COT_18, COT_19, COT_20, COT_21, COT_22, COT_23, COT_24, COT_25, COT_26, COT_27, COT_28, COT_29, COT_30, COT_31, COT_32, COT_33) VALUES (7743, '    - Tng, gi?m chi ph? tr? tr??c ', '31', '32', '33', null, null, null, null, null, null, null, null, 13, '95_04_LCTTGT', '12', null, null, null, null, null, null, null, null, null, null, null, null, null, null, null, null, null, null, null, null, null, null);
INSERT INTO RCV_GDIEN_TKHAI (ID, TEN_CTIEU, COT_01, COT_02, COT_03, COT_04, COT_05, COT_06, COT_07, COT_08, COT_09, COT_10, COT_11, SO_TT, LOAI_DLIEU, MA_CTIEU, COT_12, COT_13, COT_14, COT_15, COT_16, COT_17, COT_18, COT_19, COT_20, COT_21, COT_22, COT_23, COT_24, COT_25, COT_26, COT_27, COT_28, COT_29, COT_30, COT_31, COT_32, COT_33) VALUES (7744, '    - Ti?n l?i vay ? tr?', '34', '35', '36', null, null, null, null, null, null, null, null, 14, '95_04_LCTTGT', '13', null, null, null, null, null, null, null, null, null, null, null, null, null, null, null, null, null, null, null, null, null, null);
INSERT INTO RCV_GDIEN_TKHAI (ID, TEN_CTIEU, COT_01, COT_02, COT_03, COT_04, COT_05, COT_06, COT_07, COT_08, COT_09, COT_10, COT_11, SO_TT, LOAI_DLIEU, MA_CTIEU, COT_12, COT_13, COT_14, COT_15, COT_16, COT_17, COT_18, COT_19, COT_20, COT_21, COT_22, COT_23, COT_24, COT_25, COT_26, COT_27, COT_28, COT_29, COT_30, COT_31, COT_32, COT_33) VALUES (7745, '    - Thu? thu nh?p doanh nghi?p ? n?p', '37', '38', '39', null, null, null, null, null, null, null, null, 15, '95_04_LCTTGT', '14', null, null, null, null, null, null, null, null, null, null, null, null, null, null, null, null, null, null, null, null, null, null);
INSERT INTO RCV_GDIEN_TKHAI (ID, TEN_CTIEU, COT_01, COT_02, COT_03, COT_04, COT_05, COT_06, COT_07, COT_08, COT_09, COT_10, COT_11, SO_TT, LOAI_DLIEU, MA_CTIEU, COT_12, COT_13, COT_14, COT_15, COT_16, COT_17, COT_18, COT_19, COT_20, COT_21, COT_22, COT_23, COT_24, COT_25, COT_26, COT_27, COT_28, COT_29, COT_30, COT_31, COT_32, COT_33) VALUES (7746, '    - Ti?n thu kh?c t? ho?t ?ng kinh doanh', '40', '41', '42', null, null, null, null, null, null, null, null, 16, '95_04_LCTTGT', '15', null, null, null, null, null, null, null, null, null, null, null, null, null, null, null, null, null, null, null, null, null, null);
INSERT INTO RCV_GDIEN_TKHAI (ID, TEN_CTIEU, COT_01, COT_02, COT_03, COT_04, COT_05, COT_06, COT_07, COT_08, COT_09, COT_10, COT_11, SO_TT, LOAI_DLIEU, MA_CTIEU, COT_12, COT_13, COT_14, COT_15, COT_16, COT_17, COT_18, COT_19, COT_20, COT_21, COT_22, COT_23, COT_24, COT_25, COT_26, COT_27, COT_28, COT_29, COT_30, COT_31, COT_32, COT_33) VALUES (7747, '    - Ti?n chi kh?c cho ho?t ?ng kinh doanh', '43', '44', '45', null, null, null, null, null, null, null, null, 17, '95_04_LCTTGT', '16', null, null, null, null, null, null, null, null, null, null, null, null, null, null, null, null, null, null, null, null, null, null);
INSERT INTO RCV_GDIEN_TKHAI (ID, TEN_CTIEU, COT_01, COT_02, COT_03, COT_04, COT_05, COT_06, COT_07, COT_08, COT_09, COT_10, COT_11, SO_TT, LOAI_DLIEU, MA_CTIEU, COT_12, COT_13, COT_14, COT_15, COT_16, COT_17, COT_18, COT_19, COT_20, COT_21, COT_22, COT_23, COT_24, COT_25, COT_26, COT_27, COT_28, COT_29, COT_30, COT_31, COT_32, COT_33) VALUES (7748, 'L?u chuy?n ti?n thu?n t? ho?t ?ng kinh doanh', '46', '47', '48', null, null, null, null, null, null, null, null, 18, '95_04_LCTTGT', '20', null, null, null, null, null, null, null, null, null, null, null, null, null, null, null, null, null, null, null, null, null, null);
INSERT INTO RCV_GDIEN_TKHAI (ID, TEN_CTIEU, COT_01, COT_02, COT_03, COT_04, COT_05, COT_06, COT_07, COT_08, COT_09, COT_10, COT_11, SO_TT, LOAI_DLIEU, MA_CTIEU, COT_12, COT_13, COT_14, COT_15, COT_16, COT_17, COT_18, COT_19, COT_20, COT_21, COT_22, COT_23, COT_24, COT_25, COT_26, COT_27, COT_28, COT_29, COT_30, COT_31, COT_32, COT_33) VALUES (7749, 'II. L?u chuy?n ti?n t? ho?t ?ng ?u t?', null, null, null, null, null, null, null, null, null, null, null, 19, '95_04_LCTTGT', 'II', null, null, null, null, null, null, null, null, null, null, null, null, null, null, null, null, null, null, null, null, null, null);
INSERT INTO RCV_GDIEN_TKHAI (ID, TEN_CTIEU, COT_01, COT_02, COT_03, COT_04, COT_05, COT_06, COT_07, COT_08, COT_09, COT_10, COT_11, SO_TT, LOAI_DLIEU, MA_CTIEU, COT_12, COT_13, COT_14, COT_15, COT_16, COT_17, COT_18, COT_19, COT_20, COT_21, COT_22, COT_23, COT_24, COT_25, COT_26, COT_27, COT_28, COT_29, COT_30, COT_31, COT_32, COT_33) VALUES (7750, '   1.Ti?n chi ? mua s?m, x?y d?ng TSC v? c?c t?i s?n d?i h?n kh?c', '49', '50', '51', null, null, null, null, null, null, null, null, 20, '95_04_LCTTGT', '21', null, null, null, null, null, null, null, null, null, null, null, null, null, null, null, null, null, null, null, null, null, null);
INSERT INTO RCV_GDIEN_TKHAI (ID, TEN_CTIEU, COT_01, COT_02, COT_03, COT_04, COT_05, COT_06, COT_07, COT_08, COT_09, COT_10, COT_11, SO_TT, LOAI_DLIEU, MA_CTIEU, COT_12, COT_13, COT_14, COT_15, COT_16, COT_17, COT_18, COT_19, COT_20, COT_21, COT_22, COT_23, COT_24, COT_25, COT_26, COT_27, COT_28, COT_29, COT_30, COT_31, COT_32, COT_33) VALUES (7751, '   2.Ti?n thu t? thanh l?, nh??ng b?n TSC v? c?c t?i s?n d?i h?n kh?c', '52', '53', '54', null, null, null, null, null, null, null, null, 21, '95_04_LCTTGT', '22', null, null, null, null, null, null, null, null, null, null, null, null, null, null, null, null, null, null, null, null, null, null);
INSERT INTO RCV_GDIEN_TKHAI (ID, TEN_CTIEU, COT_01, COT_02, COT_03, COT_04, COT_05, COT_06, COT_07, COT_08, COT_09, COT_10, COT_11, SO_TT, LOAI_DLIEU, MA_CTIEU, COT_12, COT_13, COT_14, COT_15, COT_16, COT_17, COT_18, COT_19, COT_20, COT_21, COT_22, COT_23, COT_24, COT_25, COT_26, COT_27, COT_28, COT_29, COT_30, COT_31, COT_32, COT_33) VALUES (7752, '   3.Ti?n chi cho vay, mua c?c c?ng c? n? c?a ?n v? kh?c', '55', '56', '57', null, null, null, null, null, null, null, null, 22, '95_04_LCTTGT', '23', null, null, null, null, null, null, null, null, null, null, null, null, null, null, null, null, null, null, null, null, null, null);
INSERT INTO RCV_GDIEN_TKHAI (ID, TEN_CTIEU, COT_01, COT_02, COT_03, COT_04, COT_05, COT_06, COT_07, COT_08, COT_09, COT_10, COT_11, SO_TT, LOAI_DLIEU, MA_CTIEU, COT_12, COT_13, COT_14, COT_15, COT_16, COT_17, COT_18, COT_19, COT_20, COT_21, COT_22, COT_23, COT_24, COT_25, COT_26, COT_27, COT_28, COT_29, COT_30, COT_31, COT_32, COT_33) VALUES (7753, '   4.Ti?n thu h?i cho vay, b?n l?i c?c c?ng c? n? c?a ?n v? kh?c', '58', '59', '60', null, null, null, null, null, null, null, null, 23, '95_04_LCTTGT', '24', null, null, null, null, null, null, null, null, null, null, null, null, null, null, null, null, null, null, null, null, null, null);
INSERT INTO RCV_GDIEN_TKHAI (ID, TEN_CTIEU, COT_01, COT_02, COT_03, COT_04, COT_05, COT_06, COT_07, COT_08, COT_09, COT_10, COT_11, SO_TT, LOAI_DLIEU, MA_CTIEU, COT_12, COT_13, COT_14, COT_15, COT_16, COT_17, COT_18, COT_19, COT_20, COT_21, COT_22, COT_23, COT_24, COT_25, COT_26, COT_27, COT_28, COT_29, COT_30, COT_31, COT_32, COT_33) VALUES (7754, '   5.Ti?n chi ?u t? g?p v?n v?o ?n v? kh?c', '61', '62', '63', null, null, null, null, null, null, null, null, 24, '95_04_LCTTGT', '25', null, null, null, null, null, null, null, null, null, null, null, null, null, null, null, null, null, null, null, null, null, null);
INSERT INTO RCV_GDIEN_TKHAI (ID, TEN_CTIEU, COT_01, COT_02, COT_03, COT_04, COT_05, COT_06, COT_07, COT_08, COT_09, COT_10, COT_11, SO_TT, LOAI_DLIEU, MA_CTIEU, COT_12, COT_13, COT_14, COT_15, COT_16, COT_17, COT_18, COT_19, COT_20, COT_21, COT_22, COT_23, COT_24, COT_25, COT_26, COT_27, COT_28, COT_29, COT_30, COT_31, COT_32, COT_33) VALUES (7755, '   6.Ti?n thu h?i ?u t? g?p v?n v?o ?n v? kh?c', '64', '65', '66', null, null, null, null, null, null, null, null, 25, '95_04_LCTTGT', '26', null, null, null, null, null, null, null, null, null, null, null, null, null, null, null, null, null, null, null, null, null, null);
INSERT INTO RCV_GDIEN_TKHAI (ID, TEN_CTIEU, COT_01, COT_02, COT_03, COT_04, COT_05, COT_06, COT_07, COT_08, COT_09, COT_10, COT_11, SO_TT, LOAI_DLIEU, MA_CTIEU, COT_12, COT_13, COT_14, COT_15, COT_16, COT_17, COT_18, COT_19, COT_20, COT_21, COT_22, COT_23, COT_24, COT_25, COT_26, COT_27, COT_28, COT_29, COT_30, COT_31, COT_32, COT_33) VALUES (7756, '   7.Ti?n thu l?i cho vay, c? t?c v? l?i nhu?n ??c chia', '67', '68', '69', null, null, null, null, null, null, null, null, 26, '95_04_LCTTGT', '27', null, null, null, null, null, null, null, null, null, null, null, null, null, null, null, null, null, null, null, null, null, null);
INSERT INTO RCV_GDIEN_TKHAI (ID, TEN_CTIEU, COT_01, COT_02, COT_03, COT_04, COT_05, COT_06, COT_07, COT_08, COT_09, COT_10, COT_11, SO_TT, LOAI_DLIEU, MA_CTIEU, COT_12, COT_13, COT_14, COT_15, COT_16, COT_17, COT_18, COT_19, COT_20, COT_21, COT_22, COT_23, COT_24, COT_25, COT_26, COT_27, COT_28, COT_29, COT_30, COT_31, COT_32, COT_33) VALUES (7757, 'L?u chuy?n ti?n thu?n t? ho?t ?ng ?u t?', '70', '71', '72', null, null, null, null, null, null, null, null, 27, '95_04_LCTTGT', '30', null, null, null, null, null, null, null, null, null, null, null, null, null, null, null, null, null, null, null, null, null, null);
INSERT INTO RCV_GDIEN_TKHAI (ID, TEN_CTIEU, COT_01, COT_02, COT_03, COT_04, COT_05, COT_06, COT_07, COT_08, COT_09, COT_10, COT_11, SO_TT, LOAI_DLIEU, MA_CTIEU, COT_12, COT_13, COT_14, COT_15, COT_16, COT_17, COT_18, COT_19, COT_20, COT_21, COT_22, COT_23, COT_24, COT_25, COT_26, COT_27, COT_28, COT_29, COT_30, COT_31, COT_32, COT_33) VALUES (7758, 'III. L?u chuy?n ti?n t? ho?t ?ng t?i ch?nh', null, null, null, null, null, null, null, null, null, null, null, 28, '95_04_LCTTGT', '030', null, null, null, null, null, null, null, null, null, null, null, null, null, null, null, null, null, null, null, null, null, null);
INSERT INTO RCV_GDIEN_TKHAI (ID, TEN_CTIEU, COT_01, COT_02, COT_03, COT_04, COT_05, COT_06, COT_07, COT_08, COT_09, COT_10, COT_11, SO_TT, LOAI_DLIEU, MA_CTIEU, COT_12, COT_13, COT_14, COT_15, COT_16, COT_17, COT_18, COT_19, COT_20, COT_21, COT_22, COT_23, COT_24, COT_25, COT_26, COT_27, COT_28, COT_29, COT_30, COT_31, COT_32, COT_33) VALUES (7759, '   1.Ti?n thu t? ph?t h?nh c? phi?u, nh?n v?n g?p c?a ch? s? h?u', '73', '74', '75', null, null, null, null, null, null, null, null, 29, '95_04_LCTTGT', '31', null, null, null, null, null, null, null, null, null, null, null, null, null, null, null, null, null, null, null, null, null, null);
INSERT INTO RCV_GDIEN_TKHAI (ID, TEN_CTIEU, COT_01, COT_02, COT_03, COT_04, COT_05, COT_06, COT_07, COT_08, COT_09, COT_10, COT_11, SO_TT, LOAI_DLIEU, MA_CTIEU, COT_12, COT_13, COT_14, COT_15, COT_16, COT_17, COT_18, COT_19, COT_20, COT_21, COT_22, COT_23, COT_24, COT_25, COT_26, COT_27, COT_28, COT_29, COT_30, COT_31, COT_32, COT_33) VALUES (7760, '   2.Ti?n chi tr? v?n g?p cho c?c ch? s? h?u, mua l?i c? phi?u c?a doanh nghi?p ? ph?t h?nh', '76', '77', '78', null, null, null, null, null, null, null, null, 30, '95_04_LCTTGT', '32', null, null, null, null, null, null, null, null, null, null, null, null, null, null, null, null, null, null, null, null, null, null);
INSERT INTO RCV_GDIEN_TKHAI (ID, TEN_CTIEU, COT_01, COT_02, COT_03, COT_04, COT_05, COT_06, COT_07, COT_08, COT_09, COT_10, COT_11, SO_TT, LOAI_DLIEU, MA_CTIEU, COT_12, COT_13, COT_14, COT_15, COT_16, COT_17, COT_18, COT_19, COT_20, COT_21, COT_22, COT_23, COT_24, COT_25, COT_26, COT_27, COT_28, COT_29, COT_30, COT_31, COT_32, COT_33) VALUES (7761, '   3.Ti?n vay ng?n h?n, d?i h?n nh?n ??c', '79', '80', '81', null, null, null, null, null, null, null, null, 31, '95_04_LCTTGT', '33', null, null, null, null, null, null, null, null, null, null, null, null, null, null, null, null, null, null, null, null, null, null);
INSERT INTO RCV_GDIEN_TKHAI (ID, TEN_CTIEU, COT_01, COT_02, COT_03, COT_04, COT_05, COT_06, COT_07, COT_08, COT_09, COT_10, COT_11, SO_TT, LOAI_DLIEU, MA_CTIEU, COT_12, COT_13, COT_14, COT_15, COT_16, COT_17, COT_18, COT_19, COT_20, COT_21, COT_22, COT_23, COT_24, COT_25, COT_26, COT_27, COT_28, COT_29, COT_30, COT_31, COT_32, COT_33) VALUES (7762, '   4.Ti?n chi tr? n? g?c vay', '82', '83', '84', null, null, null, null, null, null, null, null, 32, '95_04_LCTTGT', '34', null, null, null, null, null, null, null, null, null, null, null, null, null, null, null, null, null, null, null, null, null, null);
INSERT INTO RCV_GDIEN_TKHAI (ID, TEN_CTIEU, COT_01, COT_02, COT_03, COT_04, COT_05, COT_06, COT_07, COT_08, COT_09, COT_10, COT_11, SO_TT, LOAI_DLIEU, MA_CTIEU, COT_12, COT_13, COT_14, COT_15, COT_16, COT_17, COT_18, COT_19, COT_20, COT_21, COT_22, COT_23, COT_24, COT_25, COT_26, COT_27, COT_28, COT_29, COT_30, COT_31, COT_32, COT_33) VALUES (7763, '   5.Ti?n chi tr? n? thu? t?i ch?nh', '85', '86', '87', null, null, null, null, null, null, null, null, 33, '95_04_LCTTGT', '35', null, null, null, null, null, null, null, null, null, null, null, null, null, null, null, null, null, null, null, null, null, null);
INSERT INTO RCV_GDIEN_TKHAI (ID, TEN_CTIEU, COT_01, COT_02, COT_03, COT_04, COT_05, COT_06, COT_07, COT_08, COT_09, COT_10, COT_11, SO_TT, LOAI_DLIEU, MA_CTIEU, COT_12, COT_13, COT_14, COT_15, COT_16, COT_17, COT_18, COT_19, COT_20, COT_21, COT_22, COT_23, COT_24, COT_25, COT_26, COT_27, COT_28, COT_29, COT_30, COT_31, COT_32, COT_33) VALUES (7764, '   6. C? t?c, l?i nhu?n ? tr? cho ch? s? h?u', '88', '89', '90', null, null, null, null, null, null, null, null, 34, '95_04_LCTTGT', '36', null, null, null, null, null, null, null, null, null, null, null, null, null, null, null, null, null, null, null, null, null, null);
INSERT INTO RCV_GDIEN_TKHAI (ID, TEN_CTIEU, COT_01, COT_02, COT_03, COT_04, COT_05, COT_06, COT_07, COT_08, COT_09, COT_10, COT_11, SO_TT, LOAI_DLIEU, MA_CTIEU, COT_12, COT_13, COT_14, COT_15, COT_16, COT_17, COT_18, COT_19, COT_20, COT_21, COT_22, COT_23, COT_24, COT_25, COT_26, COT_27, COT_28, COT_29, COT_30, COT_31, COT_32, COT_33) VALUES (7765, 'L?u chuy?n ti?n thu?n t? ho?t ?ng t?i ch?nh', '91', '92', '93', null, null, null, null, null, null, null, null, 35, '95_04_LCTTGT', '40', null, null, null, null, null, null, null, null, null, null, null, null, null, null, null, null, null, null, null, null, null, null);
INSERT INTO RCV_GDIEN_TKHAI (ID, TEN_CTIEU, COT_01, COT_02, COT_03, COT_04, COT_05, COT_06, COT_07, COT_08, COT_09, COT_10, COT_11, SO_TT, LOAI_DLIEU, MA_CTIEU, COT_12, COT_13, COT_14, COT_15, COT_16, COT_17, COT_18, COT_19, COT_20, COT_21, COT_22, COT_23, COT_24, COT_25, COT_26, COT_27, COT_28, COT_29, COT_30, COT_31, COT_32, COT_33) VALUES (7766, 'L?u chuy?n ti?n thu?n trong k? (50=20+30+40)', '94', '95', '96', null, null, null, null, null, null, null, null, 36, '95_04_LCTTGT', '50', null, null, null, null, null, null, null, null, null, null, null, null, null, null, null, null, null, null, null, null, null, null);
INSERT INTO RCV_GDIEN_TKHAI (ID, TEN_CTIEU, COT_01, COT_02, COT_03, COT_04, COT_05, COT_06, COT_07, COT_08, COT_09, COT_10, COT_11, SO_TT, LOAI_DLIEU, MA_CTIEU, COT_12, COT_13, COT_14, COT_15, COT_16, COT_17, COT_18, COT_19, COT_20, COT_21, COT_22, COT_23, COT_24, COT_25, COT_26, COT_27, COT_28, COT_29, COT_30, COT_31, COT_32, COT_33) VALUES (7767, 'Ti?n v? t??ng ??ng ti?n ?u k?', '97', '98', '99', null, null, null, null, null, null, null, null, 37, '95_04_LCTTGT', '60', null, null, null, null, null, null, null, null, null, null, null, null, null, null, null, null, null, null, null, null, null, null);
INSERT INTO RCV_GDIEN_TKHAI (ID, TEN_CTIEU, COT_01, COT_02, COT_03, COT_04, COT_05, COT_06, COT_07, COT_08, COT_09, COT_10, COT_11, SO_TT, LOAI_DLIEU, MA_CTIEU, COT_12, COT_13, COT_14, COT_15, COT_16, COT_17, COT_18, COT_19, COT_20, COT_21, COT_22, COT_23, COT_24, COT_25, COT_26, COT_27, COT_28, COT_29, COT_30, COT_31, COT_32, COT_33) VALUES (7768, '?nh h??ng c?a thay ?i t? gi? h?i o?i quy ?i ngo?i t?', '100', '101', '102', null, null, null, null, null, null, null, null, 38, '95_04_LCTTGT', '61', null, null, null, null, null, null, null, null, null, null, null, null, null, null, null, null, null, null, null, null, null, null);
INSERT INTO RCV_GDIEN_TKHAI (ID, TEN_CTIEU, COT_01, COT_02, COT_03, COT_04, COT_05, COT_06, COT_07, COT_08, COT_09, COT_10, COT_11, SO_TT, LOAI_DLIEU, MA_CTIEU, COT_12, COT_13, COT_14, COT_15, COT_16, COT_17, COT_18, COT_19, COT_20, COT_21, COT_22, COT_23, COT_24, COT_25, COT_26, COT_27, COT_28, COT_29, COT_30, COT_31, COT_32, COT_33) VALUES (7769, 'Ti?n v? t??ng ??ng ti?n cu?i k? (70=50+60+61)', '103', '104', '105', null, null, null, null, null, null, null, null, 39, '95_04_LCTTGT', '70', null, null, null, null, null, null, null, null, null, null, null, null, null, null, null, null, null, null, null, null, null, null);

--map chi tieu
INSERT INTO RCV_MAP_CTIEU (LOAI_DLIEU, KY_HIEU, KIEU_DLIEU, GDN_ID, KY_HIEU_CTIEU) VALUES ('95_04_LCTTGT', '1', 'C', 7732, null);
INSERT INTO RCV_MAP_CTIEU (LOAI_DLIEU, KY_HIEU, KIEU_DLIEU, GDN_ID, KY_HIEU_CTIEU) VALUES ('95_04_LCTTGT', '10', 'C', 7736, null);
INSERT INTO RCV_MAP_CTIEU (LOAI_DLIEU, KY_HIEU, KIEU_DLIEU, GDN_ID, KY_HIEU_CTIEU) VALUES ('95_04_LCTTGT', '100', 'C', 7768, null);
INSERT INTO RCV_MAP_CTIEU (LOAI_DLIEU, KY_HIEU, KIEU_DLIEU, GDN_ID, KY_HIEU_CTIEU) VALUES ('95_04_LCTTGT', '101', 'N', 7768, null);
INSERT INTO RCV_MAP_CTIEU (LOAI_DLIEU, KY_HIEU, KIEU_DLIEU, GDN_ID, KY_HIEU_CTIEU) VALUES ('95_04_LCTTGT', '102', 'N', 7768, null);
INSERT INTO RCV_MAP_CTIEU (LOAI_DLIEU, KY_HIEU, KIEU_DLIEU, GDN_ID, KY_HIEU_CTIEU) VALUES ('95_04_LCTTGT', '103', 'C', 7769, null);
INSERT INTO RCV_MAP_CTIEU (LOAI_DLIEU, KY_HIEU, KIEU_DLIEU, GDN_ID, KY_HIEU_CTIEU) VALUES ('95_04_LCTTGT', '104', 'N', 7769, null);
INSERT INTO RCV_MAP_CTIEU (LOAI_DLIEU, KY_HIEU, KIEU_DLIEU, GDN_ID, KY_HIEU_CTIEU) VALUES ('95_04_LCTTGT', '105', 'N', 7769, null);
INSERT INTO RCV_MAP_CTIEU (LOAI_DLIEU, KY_HIEU, KIEU_DLIEU, GDN_ID, KY_HIEU_CTIEU) VALUES ('95_04_LCTTGT', '11', 'N', 7736, null);
INSERT INTO RCV_MAP_CTIEU (LOAI_DLIEU, KY_HIEU, KIEU_DLIEU, GDN_ID, KY_HIEU_CTIEU) VALUES ('95_04_LCTTGT', '12', 'N', 7736, null);
INSERT INTO RCV_MAP_CTIEU (LOAI_DLIEU, KY_HIEU, KIEU_DLIEU, GDN_ID, KY_HIEU_CTIEU) VALUES ('95_04_LCTTGT', '13', 'C', 7737, null);
INSERT INTO RCV_MAP_CTIEU (LOAI_DLIEU, KY_HIEU, KIEU_DLIEU, GDN_ID, KY_HIEU_CTIEU) VALUES ('95_04_LCTTGT', '14', 'N', 7737, null);
INSERT INTO RCV_MAP_CTIEU (LOAI_DLIEU, KY_HIEU, KIEU_DLIEU, GDN_ID, KY_HIEU_CTIEU) VALUES ('95_04_LCTTGT', '15', 'N', 7737, null);
INSERT INTO RCV_MAP_CTIEU (LOAI_DLIEU, KY_HIEU, KIEU_DLIEU, GDN_ID, KY_HIEU_CTIEU) VALUES ('95_04_LCTTGT', '16', 'C', 7738, null);
INSERT INTO RCV_MAP_CTIEU (LOAI_DLIEU, KY_HIEU, KIEU_DLIEU, GDN_ID, KY_HIEU_CTIEU) VALUES ('95_04_LCTTGT', '17', 'N', 7738, null);
INSERT INTO RCV_MAP_CTIEU (LOAI_DLIEU, KY_HIEU, KIEU_DLIEU, GDN_ID, KY_HIEU_CTIEU) VALUES ('95_04_LCTTGT', '18', 'N', 7738, null);
INSERT INTO RCV_MAP_CTIEU (LOAI_DLIEU, KY_HIEU, KIEU_DLIEU, GDN_ID, KY_HIEU_CTIEU) VALUES ('95_04_LCTTGT', '19', 'C', 7739, null);
INSERT INTO RCV_MAP_CTIEU (LOAI_DLIEU, KY_HIEU, KIEU_DLIEU, GDN_ID, KY_HIEU_CTIEU) VALUES ('95_04_LCTTGT', '2', 'N', 7732, null);
INSERT INTO RCV_MAP_CTIEU (LOAI_DLIEU, KY_HIEU, KIEU_DLIEU, GDN_ID, KY_HIEU_CTIEU) VALUES ('95_04_LCTTGT', '20', 'N', 7739, null);
INSERT INTO RCV_MAP_CTIEU (LOAI_DLIEU, KY_HIEU, KIEU_DLIEU, GDN_ID, KY_HIEU_CTIEU) VALUES ('95_04_LCTTGT', '21', 'N', 7739, null);
INSERT INTO RCV_MAP_CTIEU (LOAI_DLIEU, KY_HIEU, KIEU_DLIEU, GDN_ID, KY_HIEU_CTIEU) VALUES ('95_04_LCTTGT', '22', 'C', 7740, null);
INSERT INTO RCV_MAP_CTIEU (LOAI_DLIEU, KY_HIEU, KIEU_DLIEU, GDN_ID, KY_HIEU_CTIEU) VALUES ('95_04_LCTTGT', '23', 'N', 7740, null);
INSERT INTO RCV_MAP_CTIEU (LOAI_DLIEU, KY_HIEU, KIEU_DLIEU, GDN_ID, KY_HIEU_CTIEU) VALUES ('95_04_LCTTGT', '24', 'N', 7740, null);
INSERT INTO RCV_MAP_CTIEU (LOAI_DLIEU, KY_HIEU, KIEU_DLIEU, GDN_ID, KY_HIEU_CTIEU) VALUES ('95_04_LCTTGT', '25', 'C', 7741, null);
INSERT INTO RCV_MAP_CTIEU (LOAI_DLIEU, KY_HIEU, KIEU_DLIEU, GDN_ID, KY_HIEU_CTIEU) VALUES ('95_04_LCTTGT', '26', 'N', 7741, null);
INSERT INTO RCV_MAP_CTIEU (LOAI_DLIEU, KY_HIEU, KIEU_DLIEU, GDN_ID, KY_HIEU_CTIEU) VALUES ('95_04_LCTTGT', '27', 'N', 7741, null);
INSERT INTO RCV_MAP_CTIEU (LOAI_DLIEU, KY_HIEU, KIEU_DLIEU, GDN_ID, KY_HIEU_CTIEU) VALUES ('95_04_LCTTGT', '28', 'C', 7742, null);
INSERT INTO RCV_MAP_CTIEU (LOAI_DLIEU, KY_HIEU, KIEU_DLIEU, GDN_ID, KY_HIEU_CTIEU) VALUES ('95_04_LCTTGT', '29', 'N', 7742, null);
INSERT INTO RCV_MAP_CTIEU (LOAI_DLIEU, KY_HIEU, KIEU_DLIEU, GDN_ID, KY_HIEU_CTIEU) VALUES ('95_04_LCTTGT', '3', 'N', 7732, null);
INSERT INTO RCV_MAP_CTIEU (LOAI_DLIEU, KY_HIEU, KIEU_DLIEU, GDN_ID, KY_HIEU_CTIEU) VALUES ('95_04_LCTTGT', '30', 'N', 7742, null);
INSERT INTO RCV_MAP_CTIEU (LOAI_DLIEU, KY_HIEU, KIEU_DLIEU, GDN_ID, KY_HIEU_CTIEU) VALUES ('95_04_LCTTGT', '31', 'C', 7743, null);
INSERT INTO RCV_MAP_CTIEU (LOAI_DLIEU, KY_HIEU, KIEU_DLIEU, GDN_ID, KY_HIEU_CTIEU) VALUES ('95_04_LCTTGT', '32', 'N', 7743, null);
INSERT INTO RCV_MAP_CTIEU (LOAI_DLIEU, KY_HIEU, KIEU_DLIEU, GDN_ID, KY_HIEU_CTIEU) VALUES ('95_04_LCTTGT', '33', 'N', 7743, null);
INSERT INTO RCV_MAP_CTIEU (LOAI_DLIEU, KY_HIEU, KIEU_DLIEU, GDN_ID, KY_HIEU_CTIEU) VALUES ('95_04_LCTTGT', '34', 'C', 7744, null);
INSERT INTO RCV_MAP_CTIEU (LOAI_DLIEU, KY_HIEU, KIEU_DLIEU, GDN_ID, KY_HIEU_CTIEU) VALUES ('95_04_LCTTGT', '35', 'N', 7744, null);
INSERT INTO RCV_MAP_CTIEU (LOAI_DLIEU, KY_HIEU, KIEU_DLIEU, GDN_ID, KY_HIEU_CTIEU) VALUES ('95_04_LCTTGT', '36', 'N', 7744, null);
INSERT INTO RCV_MAP_CTIEU (LOAI_DLIEU, KY_HIEU, KIEU_DLIEU, GDN_ID, KY_HIEU_CTIEU) VALUES ('95_04_LCTTGT', '37', 'C', 7745, null);
INSERT INTO RCV_MAP_CTIEU (LOAI_DLIEU, KY_HIEU, KIEU_DLIEU, GDN_ID, KY_HIEU_CTIEU) VALUES ('95_04_LCTTGT', '38', 'N', 7745, null);
INSERT INTO RCV_MAP_CTIEU (LOAI_DLIEU, KY_HIEU, KIEU_DLIEU, GDN_ID, KY_HIEU_CTIEU) VALUES ('95_04_LCTTGT', '39', 'N', 7745, null);
INSERT INTO RCV_MAP_CTIEU (LOAI_DLIEU, KY_HIEU, KIEU_DLIEU, GDN_ID, KY_HIEU_CTIEU) VALUES ('95_04_LCTTGT', '4', 'C', 7734, null);
INSERT INTO RCV_MAP_CTIEU (LOAI_DLIEU, KY_HIEU, KIEU_DLIEU, GDN_ID, KY_HIEU_CTIEU) VALUES ('95_04_LCTTGT', '40', 'C', 7746, null);
INSERT INTO RCV_MAP_CTIEU (LOAI_DLIEU, KY_HIEU, KIEU_DLIEU, GDN_ID, KY_HIEU_CTIEU) VALUES ('95_04_LCTTGT', '41', 'N', 7746, null);
INSERT INTO RCV_MAP_CTIEU (LOAI_DLIEU, KY_HIEU, KIEU_DLIEU, GDN_ID, KY_HIEU_CTIEU) VALUES ('95_04_LCTTGT', '42', 'N', 7746, null);
INSERT INTO RCV_MAP_CTIEU (LOAI_DLIEU, KY_HIEU, KIEU_DLIEU, GDN_ID, KY_HIEU_CTIEU) VALUES ('95_04_LCTTGT', '43', 'C', 7747, null);
INSERT INTO RCV_MAP_CTIEU (LOAI_DLIEU, KY_HIEU, KIEU_DLIEU, GDN_ID, KY_HIEU_CTIEU) VALUES ('95_04_LCTTGT', '44', 'N', 7747, null);
INSERT INTO RCV_MAP_CTIEU (LOAI_DLIEU, KY_HIEU, KIEU_DLIEU, GDN_ID, KY_HIEU_CTIEU) VALUES ('95_04_LCTTGT', '45', 'N', 7747, null);
INSERT INTO RCV_MAP_CTIEU (LOAI_DLIEU, KY_HIEU, KIEU_DLIEU, GDN_ID, KY_HIEU_CTIEU) VALUES ('95_04_LCTTGT', '46', 'C', 7748, null);
INSERT INTO RCV_MAP_CTIEU (LOAI_DLIEU, KY_HIEU, KIEU_DLIEU, GDN_ID, KY_HIEU_CTIEU) VALUES ('95_04_LCTTGT', '47', 'N', 7748, null);
INSERT INTO RCV_MAP_CTIEU (LOAI_DLIEU, KY_HIEU, KIEU_DLIEU, GDN_ID, KY_HIEU_CTIEU) VALUES ('95_04_LCTTGT', '48', 'N', 7748, null);
INSERT INTO RCV_MAP_CTIEU (LOAI_DLIEU, KY_HIEU, KIEU_DLIEU, GDN_ID, KY_HIEU_CTIEU) VALUES ('95_04_LCTTGT', '49', 'C', 7750, null);
INSERT INTO RCV_MAP_CTIEU (LOAI_DLIEU, KY_HIEU, KIEU_DLIEU, GDN_ID, KY_HIEU_CTIEU) VALUES ('95_04_LCTTGT', '5', 'N', 7734, null);
INSERT INTO RCV_MAP_CTIEU (LOAI_DLIEU, KY_HIEU, KIEU_DLIEU, GDN_ID, KY_HIEU_CTIEU) VALUES ('95_04_LCTTGT', '50', 'N', 7750, null);
INSERT INTO RCV_MAP_CTIEU (LOAI_DLIEU, KY_HIEU, KIEU_DLIEU, GDN_ID, KY_HIEU_CTIEU) VALUES ('95_04_LCTTGT', '51', 'N', 7750, null);
INSERT INTO RCV_MAP_CTIEU (LOAI_DLIEU, KY_HIEU, KIEU_DLIEU, GDN_ID, KY_HIEU_CTIEU) VALUES ('95_04_LCTTGT', '52', 'C', 7751, null);
INSERT INTO RCV_MAP_CTIEU (LOAI_DLIEU, KY_HIEU, KIEU_DLIEU, GDN_ID, KY_HIEU_CTIEU) VALUES ('95_04_LCTTGT', '53', 'N', 7751, null);
INSERT INTO RCV_MAP_CTIEU (LOAI_DLIEU, KY_HIEU, KIEU_DLIEU, GDN_ID, KY_HIEU_CTIEU) VALUES ('95_04_LCTTGT', '54', 'N', 7751, null);
INSERT INTO RCV_MAP_CTIEU (LOAI_DLIEU, KY_HIEU, KIEU_DLIEU, GDN_ID, KY_HIEU_CTIEU) VALUES ('95_04_LCTTGT', '55', 'C', 7752, null);
INSERT INTO RCV_MAP_CTIEU (LOAI_DLIEU, KY_HIEU, KIEU_DLIEU, GDN_ID, KY_HIEU_CTIEU) VALUES ('95_04_LCTTGT', '56', 'N', 7752, null);
INSERT INTO RCV_MAP_CTIEU (LOAI_DLIEU, KY_HIEU, KIEU_DLIEU, GDN_ID, KY_HIEU_CTIEU) VALUES ('95_04_LCTTGT', '57', 'N', 7752, null);
INSERT INTO RCV_MAP_CTIEU (LOAI_DLIEU, KY_HIEU, KIEU_DLIEU, GDN_ID, KY_HIEU_CTIEU) VALUES ('95_04_LCTTGT', '58', 'C', 7753, null);
INSERT INTO RCV_MAP_CTIEU (LOAI_DLIEU, KY_HIEU, KIEU_DLIEU, GDN_ID, KY_HIEU_CTIEU) VALUES ('95_04_LCTTGT', '59', 'N', 7753, null);
INSERT INTO RCV_MAP_CTIEU (LOAI_DLIEU, KY_HIEU, KIEU_DLIEU, GDN_ID, KY_HIEU_CTIEU) VALUES ('95_04_LCTTGT', '6', 'N', 7734, null);
INSERT INTO RCV_MAP_CTIEU (LOAI_DLIEU, KY_HIEU, KIEU_DLIEU, GDN_ID, KY_HIEU_CTIEU) VALUES ('95_04_LCTTGT', '60', 'N', 7753, null);
INSERT INTO RCV_MAP_CTIEU (LOAI_DLIEU, KY_HIEU, KIEU_DLIEU, GDN_ID, KY_HIEU_CTIEU) VALUES ('95_04_LCTTGT', '61', 'C', 7754, null);
INSERT INTO RCV_MAP_CTIEU (LOAI_DLIEU, KY_HIEU, KIEU_DLIEU, GDN_ID, KY_HIEU_CTIEU) VALUES ('95_04_LCTTGT', '62', 'N', 7754, null);
INSERT INTO RCV_MAP_CTIEU (LOAI_DLIEU, KY_HIEU, KIEU_DLIEU, GDN_ID, KY_HIEU_CTIEU) VALUES ('95_04_LCTTGT', '63', 'N', 7754, null);
INSERT INTO RCV_MAP_CTIEU (LOAI_DLIEU, KY_HIEU, KIEU_DLIEU, GDN_ID, KY_HIEU_CTIEU) VALUES ('95_04_LCTTGT', '64', 'C', 7755, null);
INSERT INTO RCV_MAP_CTIEU (LOAI_DLIEU, KY_HIEU, KIEU_DLIEU, GDN_ID, KY_HIEU_CTIEU) VALUES ('95_04_LCTTGT', '65', 'N', 7755, null);
INSERT INTO RCV_MAP_CTIEU (LOAI_DLIEU, KY_HIEU, KIEU_DLIEU, GDN_ID, KY_HIEU_CTIEU) VALUES ('95_04_LCTTGT', '66', 'N', 7755, null);
INSERT INTO RCV_MAP_CTIEU (LOAI_DLIEU, KY_HIEU, KIEU_DLIEU, GDN_ID, KY_HIEU_CTIEU) VALUES ('95_04_LCTTGT', '67', 'C', 7756, null);
INSERT INTO RCV_MAP_CTIEU (LOAI_DLIEU, KY_HIEU, KIEU_DLIEU, GDN_ID, KY_HIEU_CTIEU) VALUES ('95_04_LCTTGT', '68', 'N', 7756, null);
INSERT INTO RCV_MAP_CTIEU (LOAI_DLIEU, KY_HIEU, KIEU_DLIEU, GDN_ID, KY_HIEU_CTIEU) VALUES ('95_04_LCTTGT', '69', 'N', 7756, null);
INSERT INTO RCV_MAP_CTIEU (LOAI_DLIEU, KY_HIEU, KIEU_DLIEU, GDN_ID, KY_HIEU_CTIEU) VALUES ('95_04_LCTTGT', '7', 'C', 7735, null);
INSERT INTO RCV_MAP_CTIEU (LOAI_DLIEU, KY_HIEU, KIEU_DLIEU, GDN_ID, KY_HIEU_CTIEU) VALUES ('95_04_LCTTGT', '70', 'C', 7757, null);
INSERT INTO RCV_MAP_CTIEU (LOAI_DLIEU, KY_HIEU, KIEU_DLIEU, GDN_ID, KY_HIEU_CTIEU) VALUES ('95_04_LCTTGT', '71', 'N', 7757, null);
INSERT INTO RCV_MAP_CTIEU (LOAI_DLIEU, KY_HIEU, KIEU_DLIEU, GDN_ID, KY_HIEU_CTIEU) VALUES ('95_04_LCTTGT', '72', 'N', 7757, null);
INSERT INTO RCV_MAP_CTIEU (LOAI_DLIEU, KY_HIEU, KIEU_DLIEU, GDN_ID, KY_HIEU_CTIEU) VALUES ('95_04_LCTTGT', '73', 'C', 7759, null);
INSERT INTO RCV_MAP_CTIEU (LOAI_DLIEU, KY_HIEU, KIEU_DLIEU, GDN_ID, KY_HIEU_CTIEU) VALUES ('95_04_LCTTGT', '74', 'N', 7759, null);
INSERT INTO RCV_MAP_CTIEU (LOAI_DLIEU, KY_HIEU, KIEU_DLIEU, GDN_ID, KY_HIEU_CTIEU) VALUES ('95_04_LCTTGT', '75', 'N', 7759, null);
INSERT INTO RCV_MAP_CTIEU (LOAI_DLIEU, KY_HIEU, KIEU_DLIEU, GDN_ID, KY_HIEU_CTIEU) VALUES ('95_04_LCTTGT', '76', 'C', 7760, null);
INSERT INTO RCV_MAP_CTIEU (LOAI_DLIEU, KY_HIEU, KIEU_DLIEU, GDN_ID, KY_HIEU_CTIEU) VALUES ('95_04_LCTTGT', '77', 'N', 7760, null);
INSERT INTO RCV_MAP_CTIEU (LOAI_DLIEU, KY_HIEU, KIEU_DLIEU, GDN_ID, KY_HIEU_CTIEU) VALUES ('95_04_LCTTGT', '78', 'N', 7760, null);
INSERT INTO RCV_MAP_CTIEU (LOAI_DLIEU, KY_HIEU, KIEU_DLIEU, GDN_ID, KY_HIEU_CTIEU) VALUES ('95_04_LCTTGT', '79', 'C', 7761, null);
INSERT INTO RCV_MAP_CTIEU (LOAI_DLIEU, KY_HIEU, KIEU_DLIEU, GDN_ID, KY_HIEU_CTIEU) VALUES ('95_04_LCTTGT', '8', 'N', 7735, null);
INSERT INTO RCV_MAP_CTIEU (LOAI_DLIEU, KY_HIEU, KIEU_DLIEU, GDN_ID, KY_HIEU_CTIEU) VALUES ('95_04_LCTTGT', '80', 'N', 7761, null);
INSERT INTO RCV_MAP_CTIEU (LOAI_DLIEU, KY_HIEU, KIEU_DLIEU, GDN_ID, KY_HIEU_CTIEU) VALUES ('95_04_LCTTGT', '81', 'N', 7761, null);
INSERT INTO RCV_MAP_CTIEU (LOAI_DLIEU, KY_HIEU, KIEU_DLIEU, GDN_ID, KY_HIEU_CTIEU) VALUES ('95_04_LCTTGT', '82', 'C', 7762, null);
INSERT INTO RCV_MAP_CTIEU (LOAI_DLIEU, KY_HIEU, KIEU_DLIEU, GDN_ID, KY_HIEU_CTIEU) VALUES ('95_04_LCTTGT', '83', 'N', 7762, null);
INSERT INTO RCV_MAP_CTIEU (LOAI_DLIEU, KY_HIEU, KIEU_DLIEU, GDN_ID, KY_HIEU_CTIEU) VALUES ('95_04_LCTTGT', '84', 'N', 7762, null);
INSERT INTO RCV_MAP_CTIEU (LOAI_DLIEU, KY_HIEU, KIEU_DLIEU, GDN_ID, KY_HIEU_CTIEU) VALUES ('95_04_LCTTGT', '85', 'C', 7763, null);
INSERT INTO RCV_MAP_CTIEU (LOAI_DLIEU, KY_HIEU, KIEU_DLIEU, GDN_ID, KY_HIEU_CTIEU) VALUES ('95_04_LCTTGT', '86', 'N', 7763, null);
INSERT INTO RCV_MAP_CTIEU (LOAI_DLIEU, KY_HIEU, KIEU_DLIEU, GDN_ID, KY_HIEU_CTIEU) VALUES ('95_04_LCTTGT', '87', 'N', 7763, null);
INSERT INTO RCV_MAP_CTIEU (LOAI_DLIEU, KY_HIEU, KIEU_DLIEU, GDN_ID, KY_HIEU_CTIEU) VALUES ('95_04_LCTTGT', '88', 'C', 7764, null);
INSERT INTO RCV_MAP_CTIEU (LOAI_DLIEU, KY_HIEU, KIEU_DLIEU, GDN_ID, KY_HIEU_CTIEU) VALUES ('95_04_LCTTGT', '89', 'N', 7764, null);
INSERT INTO RCV_MAP_CTIEU (LOAI_DLIEU, KY_HIEU, KIEU_DLIEU, GDN_ID, KY_HIEU_CTIEU) VALUES ('95_04_LCTTGT', '9', 'N', 7735, null);
INSERT INTO RCV_MAP_CTIEU (LOAI_DLIEU, KY_HIEU, KIEU_DLIEU, GDN_ID, KY_HIEU_CTIEU) VALUES ('95_04_LCTTGT', '90', 'N', 7764, null);
INSERT INTO RCV_MAP_CTIEU (LOAI_DLIEU, KY_HIEU, KIEU_DLIEU, GDN_ID, KY_HIEU_CTIEU) VALUES ('95_04_LCTTGT', '91', 'C', 7765, null);
INSERT INTO RCV_MAP_CTIEU (LOAI_DLIEU, KY_HIEU, KIEU_DLIEU, GDN_ID, KY_HIEU_CTIEU) VALUES ('95_04_LCTTGT', '92', 'N', 7765, null);
INSERT INTO RCV_MAP_CTIEU (LOAI_DLIEU, KY_HIEU, KIEU_DLIEU, GDN_ID, KY_HIEU_CTIEU) VALUES ('95_04_LCTTGT', '93', 'N', 7765, null);
INSERT INTO RCV_MAP_CTIEU (LOAI_DLIEU, KY_HIEU, KIEU_DLIEU, GDN_ID, KY_HIEU_CTIEU) VALUES ('95_04_LCTTGT', '94', 'C', 7766, null);
