-------------------------
---48_BCTC---------------
-------------------------
insert into RCV_DM_TKHAI (MA, TEN, KIEU_KY, PHIEN_BAN, START_DATE, END_DATE)
values ('48_BCTC13', 'BCTC theo Qߴ8/BTC', 'Y', '320', to_date('14-09-2006', 'dd-mm-yyyy'), null);

insert into RCV_DM_TKHAI (MA, TEN, KIEU_KY, PHIEN_BAN, START_DATE, END_DATE)
values ('48_01_CDKT13', 'B¿ng c¿n ¿¿i k¿ to¿n theo Q¿48/BTC', 'Y', '320', to_date('14-09-2006', 'dd-mm-yyyy'), null);

	--RCV_GDIEN_TKHAI
insert into RCV_GDIEN_TKHAI (ID, TEN_CTIEU, COT_01, COT_02, COT_03, COT_04, COT_05, COT_06, COT_07, COT_08, COT_09, COT_10, COT_11, SO_TT, LOAI_DLIEU, MA_CTIEU, COT_12, COT_13, COT_14, COT_15, COT_16, COT_17, COT_18, COT_19, COT_20, COT_21, COT_22)
values (6044, 'A - T¿I S¿N NG¿N H¿N (100 = 10+120+130+140+150)', '1', '2', '3', null, null, null, null, null, null, null, null, 2, '48_01_CDKT13', '100', null, null, null, null, null, null, null, null, null, null, null);

insert into RCV_GDIEN_TKHAI (ID, TEN_CTIEU, COT_01, COT_02, COT_03, COT_04, COT_05, COT_06, COT_07, COT_08, COT_09, COT_10, COT_11, SO_TT, LOAI_DLIEU, MA_CTIEU, COT_12, COT_13, COT_14, COT_15, COT_16, COT_17, COT_18, COT_19, COT_20, COT_21, COT_22)
values (6045, 'I. Ti¿n v¿ c¿c kho¿n t¿¿ng ¿¿ng ti¿n', '4', '5', '6', null, null, null, null, null, null, null, null, 3, '48_01_CDKT13', '110', null, null, null, null, null, null, null, null, null, null, null);

insert into RCV_GDIEN_TKHAI (ID, TEN_CTIEU, COT_01, COT_02, COT_03, COT_04, COT_05, COT_06, COT_07, COT_08, COT_09, COT_10, COT_11, SO_TT, LOAI_DLIEU, MA_CTIEU, COT_12, COT_13, COT_14, COT_15, COT_16, COT_17, COT_18, COT_19, COT_20, COT_21, COT_22)
values (6046, 'II. ¿u t¿ t¿i ch¿nh ng¿n h¿n (120=121+129)', '7', '8', '9', null, null, null, null, null, null, null, null, 4, '48_01_CDKT13', '120', null, null, null, null, null, null, null, null, null, null, null);

insert into RCV_GDIEN_TKHAI (ID, TEN_CTIEU, COT_01, COT_02, COT_03, COT_04, COT_05, COT_06, COT_07, COT_08, COT_09, COT_10, COT_11, SO_TT, LOAI_DLIEU, MA_CTIEU, COT_12, COT_13, COT_14, COT_15, COT_16, COT_17, COT_18, COT_19, COT_20, COT_21, COT_22)
values (6047, '   1. ¿u t¿ t¿i ch¿nh ng¿n h¿n', '10', '11', '12', null, null, null, null, null, null, null, null, 5, '48_01_CDKT13', '121', null, null, null, null, null, null, null, null, null, null, null);

insert into RCV_GDIEN_TKHAI (ID, TEN_CTIEU, COT_01, COT_02, COT_03, COT_04, COT_05, COT_06, COT_07, COT_08, COT_09, COT_10, COT_11, SO_TT, LOAI_DLIEU, MA_CTIEU, COT_12, COT_13, COT_14, COT_15, COT_16, COT_17, COT_18, COT_19, COT_20, COT_21, COT_22)
values (6048, '   2. D¿ ph¿ng gi¿m gi¿ ¿u t¿ t¿i ch¿nh ng¿n h¿n (*)', '13', '14', '15', null, null, null, null, null, null, null, null, 6, '48_01_CDKT13', '129', null, null, null, null, null, null, null, null, null, null, null);

insert into RCV_GDIEN_TKHAI (ID, TEN_CTIEU, COT_01, COT_02, COT_03, COT_04, COT_05, COT_06, COT_07, COT_08, COT_09, COT_10, COT_11, SO_TT, LOAI_DLIEU, MA_CTIEU, COT_12, COT_13, COT_14, COT_15, COT_16, COT_17, COT_18, COT_19, COT_20, COT_21, COT_22)
values (6049, 'III. C¿c kho¿n ph¿i thu ng¿n h¿n', '16', '17', '18', null, null, null, null, null, null, null, null, 7, '48_01_CDKT13', '130', null, null, null, null, null, null, null, null, null, null, null);

insert into RCV_GDIEN_TKHAI (ID, TEN_CTIEU, COT_01, COT_02, COT_03, COT_04, COT_05, COT_06, COT_07, COT_08, COT_09, COT_10, COT_11, SO_TT, LOAI_DLIEU, MA_CTIEU, COT_12, COT_13, COT_14, COT_15, COT_16, COT_17, COT_18, COT_19, COT_20, COT_21, COT_22)
values (6050, '   1. Ph¿i thu c¿a kh¿ch h¿ng ', '19', '20', '21', null, null, null, null, null, null, null, null, 8, '48_01_CDKT13', '131', null, null, null, null, null, null, null, null, null, null, null);

insert into RCV_GDIEN_TKHAI (ID, TEN_CTIEU, COT_01, COT_02, COT_03, COT_04, COT_05, COT_06, COT_07, COT_08, COT_09, COT_10, COT_11, SO_TT, LOAI_DLIEU, MA_CTIEU, COT_12, COT_13, COT_14, COT_15, COT_16, COT_17, COT_18, COT_19, COT_20, COT_21, COT_22)
values (6043, 'T¿I S¿N', null, null, null, null, null, null, null, null, null, null, null, 1, '48_01_CDKT13', null, null, null, null, null, null, null, null, null, null, null, null);

insert into RCV_GDIEN_TKHAI (ID, TEN_CTIEU, COT_01, COT_02, COT_03, COT_04, COT_05, COT_06, COT_07, COT_08, COT_09, COT_10, COT_11, SO_TT, LOAI_DLIEU, MA_CTIEU, COT_12, COT_13, COT_14, COT_15, COT_16, COT_17, COT_18, COT_19, COT_20, COT_21, COT_22)
values (6051, '   2. Tr¿ tr¿¿c cho ng¿¿i b¿n', '22', '23', '24', null, null, null, null, null, null, null, null, 9, '48_01_CDKT13', '132', null, null, null, null, null, null, null, null, null, null, null);

insert into RCV_GDIEN_TKHAI (ID, TEN_CTIEU, COT_01, COT_02, COT_03, COT_04, COT_05, COT_06, COT_07, COT_08, COT_09, COT_10, COT_11, SO_TT, LOAI_DLIEU, MA_CTIEU, COT_12, COT_13, COT_14, COT_15, COT_16, COT_17, COT_18, COT_19, COT_20, COT_21, COT_22)
values (6052, '   3. C¿c kho¿n ph¿i thu kh¿c ', '25', '26', '27', null, null, null, null, null, null, null, null, 10, '48_01_CDKT13', '138', null, null, null, null, null, null, null, null, null, null, null);

insert into RCV_GDIEN_TKHAI (ID, TEN_CTIEU, COT_01, COT_02, COT_03, COT_04, COT_05, COT_06, COT_07, COT_08, COT_09, COT_10, COT_11, SO_TT, LOAI_DLIEU, MA_CTIEU, COT_12, COT_13, COT_14, COT_15, COT_16, COT_17, COT_18, COT_19, COT_20, COT_21, COT_22)
values (6053, '   4. D¿ ph¿ng ph¿i thu ng¿n h¿n kh¿ ¿i (*)', '28', '29', '30', null, null, null, null, null, null, null, null, 11, '48_01_CDKT13', '139', null, null, null, null, null, null, null, null, null, null, null);

insert into RCV_GDIEN_TKHAI (ID, TEN_CTIEU, COT_01, COT_02, COT_03, COT_04, COT_05, COT_06, COT_07, COT_08, COT_09, COT_10, COT_11, SO_TT, LOAI_DLIEU, MA_CTIEU, COT_12, COT_13, COT_14, COT_15, COT_16, COT_17, COT_18, COT_19, COT_20, COT_21, COT_22)
values (6054, 'IV. H¿ng t¿n kho', '31', '32', '33', null, null, null, null, null, null, null, null, 12, '48_01_CDKT13', '140', null, null, null, null, null, null, null, null, null, null, null);

insert into RCV_GDIEN_TKHAI (ID, TEN_CTIEU, COT_01, COT_02, COT_03, COT_04, COT_05, COT_06, COT_07, COT_08, COT_09, COT_10, COT_11, SO_TT, LOAI_DLIEU, MA_CTIEU, COT_12, COT_13, COT_14, COT_15, COT_16, COT_17, COT_18, COT_19, COT_20, COT_21, COT_22)
values (6055, '   1. H¿ng t¿n kho ', '34', '35', '36', null, null, null, null, null, null, null, null, 13, '48_01_CDKT13', '141', null, null, null, null, null, null, null, null, null, null, null);

insert into RCV_GDIEN_TKHAI (ID, TEN_CTIEU, COT_01, COT_02, COT_03, COT_04, COT_05, COT_06, COT_07, COT_08, COT_09, COT_10, COT_11, SO_TT, LOAI_DLIEU, MA_CTIEU, COT_12, COT_13, COT_14, COT_15, COT_16, COT_17, COT_18, COT_19, COT_20, COT_21, COT_22)
values (6056, '   2. D¿ ph¿ng gi¿m gi¿ h¿ng t¿n kho (*)', '37', '38', '39', null, null, null, null, null, null, null, null, 14, '48_01_CDKT13', '149', null, null, null, null, null, null, null, null, null, null, null);

insert into RCV_GDIEN_TKHAI (ID, TEN_CTIEU, COT_01, COT_02, COT_03, COT_04, COT_05, COT_06, COT_07, COT_08, COT_09, COT_10, COT_11, SO_TT, LOAI_DLIEU, MA_CTIEU, COT_12, COT_13, COT_14, COT_15, COT_16, COT_17, COT_18, COT_19, COT_20, COT_21, COT_22)
values (6057, 'V. T¿i s¿n ng¿n h¿n kh¿c', '40', '41', '42', null, null, null, null, null, null, null, null, 15, '48_01_CDKT13', '150', null, null, null, null, null, null, null, null, null, null, null);

insert into RCV_GDIEN_TKHAI (ID, TEN_CTIEU, COT_01, COT_02, COT_03, COT_04, COT_05, COT_06, COT_07, COT_08, COT_09, COT_10, COT_11, SO_TT, LOAI_DLIEU, MA_CTIEU, COT_12, COT_13, COT_14, COT_15, COT_16, COT_17, COT_18, COT_19, COT_20, COT_21, COT_22)
values (6058, '   1. Thu¿ gi¿ tr¿ gia tng ¿¿c kh¿u tr¿', '43', '44', '45', null, null, null, null, null, null, null, null, 16, '48_01_CDKT13', '151', null, null, null, null, null, null, null, null, null, null, null);

insert into RCV_GDIEN_TKHAI (ID, TEN_CTIEU, COT_01, COT_02, COT_03, COT_04, COT_05, COT_06, COT_07, COT_08, COT_09, COT_10, COT_11, SO_TT, LOAI_DLIEU, MA_CTIEU, COT_12, COT_13, COT_14, COT_15, COT_16, COT_17, COT_18, COT_19, COT_20, COT_21, COT_22)
values (6059, '   2. Thu¿ v¿ c¿c kho¿n kh¿c ph¿i thu Nh¿ n¿¿c', '46', '47', '48', null, null, null, null, null, null, null, null, 17, '48_01_CDKT13', '152', null, null, null, null, null, null, null, null, null, null, null);

insert into RCV_GDIEN_TKHAI (ID, TEN_CTIEU, COT_01, COT_02, COT_03, COT_04, COT_05, COT_06, COT_07, COT_08, COT_09, COT_10, COT_11, SO_TT, LOAI_DLIEU, MA_CTIEU, COT_12, COT_13, COT_14, COT_15, COT_16, COT_17, COT_18, COT_19, COT_20, COT_21, COT_22)
values (6060, '   3. Giao d¿ch mua b¿n l¿i tr¿i phi¿u Ch¿nh ph¿', '49', '50', '51', null, null, null, null, null, null, null, null, 18, '48_01_CDKT13', null, null, null, null, null, null, null, null, null, null, null, null);

insert into RCV_GDIEN_TKHAI (ID, TEN_CTIEU, COT_01, COT_02, COT_03, COT_04, COT_05, COT_06, COT_07, COT_08, COT_09, COT_10, COT_11, SO_TT, LOAI_DLIEU, MA_CTIEU, COT_12, COT_13, COT_14, COT_15, COT_16, COT_17, COT_18, COT_19, COT_20, COT_21, COT_22)
values (6061, '   4. T¿i s¿n ng¿n h¿n kh¿c ', '52', '53', '54', null, null, null, null, null, null, null, null, 19, '48_01_CDKT13', '158', null, null, null, null, null, null, null, null, null, null, null);

insert into RCV_GDIEN_TKHAI (ID, TEN_CTIEU, COT_01, COT_02, COT_03, COT_04, COT_05, COT_06, COT_07, COT_08, COT_09, COT_10, COT_11, SO_TT, LOAI_DLIEU, MA_CTIEU, COT_12, COT_13, COT_14, COT_15, COT_16, COT_17, COT_18, COT_19, COT_20, COT_21, COT_22)
values (6062, 'B - T¿I S¿N D¿I H¿N (200=210+220+230+240)', '55', '56', '57', null, null, null, null, null, null, null, null, 20, '48_01_CDKT13', '200', null, null, null, null, null, null, null, null, null, null, null);

insert into RCV_GDIEN_TKHAI (ID, TEN_CTIEU, COT_01, COT_02, COT_03, COT_04, COT_05, COT_06, COT_07, COT_08, COT_09, COT_10, COT_11, SO_TT, LOAI_DLIEU, MA_CTIEU, COT_12, COT_13, COT_14, COT_15, COT_16, COT_17, COT_18, COT_19, COT_20, COT_21, COT_22)
values (6063, 'I. T¿i s¿n c¿ ¿nh', '58', '59', '60', null, null, null, null, null, null, null, null, 21, '48_01_CDKT13', '210', null, null, null, null, null, null, null, null, null, null, null);

insert into RCV_GDIEN_TKHAI (ID, TEN_CTIEU, COT_01, COT_02, COT_03, COT_04, COT_05, COT_06, COT_07, COT_08, COT_09, COT_10, COT_11, SO_TT, LOAI_DLIEU, MA_CTIEU, COT_12, COT_13, COT_14, COT_15, COT_16, COT_17, COT_18, COT_19, COT_20, COT_21, COT_22)
values (6064, '   1. Nguy¿n gi¿ ', '61', '62', '63', null, null, null, null, null, null, null, null, 22, '48_01_CDKT13', '211', null, null, null, null, null, null, null, null, null, null, null);

insert into RCV_GDIEN_TKHAI (ID, TEN_CTIEU, COT_01, COT_02, COT_03, COT_04, COT_05, COT_06, COT_07, COT_08, COT_09, COT_10, COT_11, SO_TT, LOAI_DLIEU, MA_CTIEU, COT_12, COT_13, COT_14, COT_15, COT_16, COT_17, COT_18, COT_19, COT_20, COT_21, COT_22)
values (6065, '   2. Gi¿ tr¿ hao m¿n lu¿ k¿ (*) ', '64', '65', '66', null, null, null, null, null, null, null, null, 23, '48_01_CDKT13', '212', null, null, null, null, null, null, null, null, null, null, null);

insert into RCV_GDIEN_TKHAI (ID, TEN_CTIEU, COT_01, COT_02, COT_03, COT_04, COT_05, COT_06, COT_07, COT_08, COT_09, COT_10, COT_11, SO_TT, LOAI_DLIEU, MA_CTIEU, COT_12, COT_13, COT_14, COT_15, COT_16, COT_17, COT_18, COT_19, COT_20, COT_21, COT_22)
values (6066, '   3. Chi ph¿ x¿y d¿ng c¿ b¿n d¿ dang ', '67', '68', '69', null, null, null, null, null, null, null, null, 24, '48_01_CDKT13', '213', null, null, null, null, null, null, null, null, null, null, null);

insert into RCV_GDIEN_TKHAI (ID, TEN_CTIEU, COT_01, COT_02, COT_03, COT_04, COT_05, COT_06, COT_07, COT_08, COT_09, COT_10, COT_11, SO_TT, LOAI_DLIEU, MA_CTIEU, COT_12, COT_13, COT_14, COT_15, COT_16, COT_17, COT_18, COT_19, COT_20, COT_21, COT_22)
values (6067, 'II. B¿t ¿ng s¿n ¿u t¿', '70', '71', '72', null, null, null, null, null, null, null, null, 25, '48_01_CDKT13', '220', null, null, null, null, null, null, null, null, null, null, null);

insert into RCV_GDIEN_TKHAI (ID, TEN_CTIEU, COT_01, COT_02, COT_03, COT_04, COT_05, COT_06, COT_07, COT_08, COT_09, COT_10, COT_11, SO_TT, LOAI_DLIEU, MA_CTIEU, COT_12, COT_13, COT_14, COT_15, COT_16, COT_17, COT_18, COT_19, COT_20, COT_21, COT_22)
values (6068, '   1. Nguy¿n gi¿', '73', '74', '75', null, null, null, null, null, null, null, null, 26, '48_01_CDKT13', '221', null, null, null, null, null, null, null, null, null, null, null);

insert into RCV_GDIEN_TKHAI (ID, TEN_CTIEU, COT_01, COT_02, COT_03, COT_04, COT_05, COT_06, COT_07, COT_08, COT_09, COT_10, COT_11, SO_TT, LOAI_DLIEU, MA_CTIEU, COT_12, COT_13, COT_14, COT_15, COT_16, COT_17, COT_18, COT_19, COT_20, COT_21, COT_22)
values (6069, '   2. Gi¿ tr¿ hao m¿n lu¿ k¿ (*)', '76', '77', '78', null, null, null, null, null, null, null, null, 27, '48_01_CDKT13', '222', null, null, null, null, null, null, null, null, null, null, null);

insert into RCV_GDIEN_TKHAI (ID, TEN_CTIEU, COT_01, COT_02, COT_03, COT_04, COT_05, COT_06, COT_07, COT_08, COT_09, COT_10, COT_11, SO_TT, LOAI_DLIEU, MA_CTIEU, COT_12, COT_13, COT_14, COT_15, COT_16, COT_17, COT_18, COT_19, COT_20, COT_21, COT_22)
values (6070, 'III. C¿c kho¿n ¿u t¿ t¿i ch¿nh d¿i h¿n', '79', '80', '81', null, null, null, null, null, null, null, null, 28, '48_01_CDKT13', '230', null, null, null, null, null, null, null, null, null, null, null);

insert into RCV_GDIEN_TKHAI (ID, TEN_CTIEU, COT_01, COT_02, COT_03, COT_04, COT_05, COT_06, COT_07, COT_08, COT_09, COT_10, COT_11, SO_TT, LOAI_DLIEU, MA_CTIEU, COT_12, COT_13, COT_14, COT_15, COT_16, COT_17, COT_18, COT_19, COT_20, COT_21, COT_22)
values (6071, '   1. ¿u t¿ t¿i ch¿nh d¿i h¿n', '82', '83', '84', null, null, null, null, null, null, null, null, 29, '48_01_CDKT13', '231', null, null, null, null, null, null, null, null, null, null, null);

insert into RCV_GDIEN_TKHAI (ID, TEN_CTIEU, COT_01, COT_02, COT_03, COT_04, COT_05, COT_06, COT_07, COT_08, COT_09, COT_10, COT_11, SO_TT, LOAI_DLIEU, MA_CTIEU, COT_12, COT_13, COT_14, COT_15, COT_16, COT_17, COT_18, COT_19, COT_20, COT_21, COT_22)
values (6072, '   2. D¿ ph¿ng gi¿m gi¿ ¿u t¿ t¿i ch¿nh d¿i h¿n (*)', '85', '86', '87', null, null, null, null, null, null, null, null, 30, '48_01_CDKT13', '239', null, null, null, null, null, null, null, null, null, null, null);

insert into RCV_GDIEN_TKHAI (ID, TEN_CTIEU, COT_01, COT_02, COT_03, COT_04, COT_05, COT_06, COT_07, COT_08, COT_09, COT_10, COT_11, SO_TT, LOAI_DLIEU, MA_CTIEU, COT_12, COT_13, COT_14, COT_15, COT_16, COT_17, COT_18, COT_19, COT_20, COT_21, COT_22)
values (6073, 'IV. T¿i s¿n d¿i h¿n kh¿c', '88', '89', '90', null, null, null, null, null, null, null, null, 31, '48_01_CDKT13', '240', null, null, null, null, null, null, null, null, null, null, null);

insert into RCV_GDIEN_TKHAI (ID, TEN_CTIEU, COT_01, COT_02, COT_03, COT_04, COT_05, COT_06, COT_07, COT_08, COT_09, COT_10, COT_11, SO_TT, LOAI_DLIEU, MA_CTIEU, COT_12, COT_13, COT_14, COT_15, COT_16, COT_17, COT_18, COT_19, COT_20, COT_21, COT_22)
values (6074, '   1. Ph¿i thu d¿i h¿n ', '91', '92', '93', null, null, null, null, null, null, null, null, 32, '48_01_CDKT13', '241', null, null, null, null, null, null, null, null, null, null, null);

insert into RCV_GDIEN_TKHAI (ID, TEN_CTIEU, COT_01, COT_02, COT_03, COT_04, COT_05, COT_06, COT_07, COT_08, COT_09, COT_10, COT_11, SO_TT, LOAI_DLIEU, MA_CTIEU, COT_12, COT_13, COT_14, COT_15, COT_16, COT_17, COT_18, COT_19, COT_20, COT_21, COT_22)
values (6075, '   2. T¿i s¿n d¿i h¿n kh¿c', '94', '95', '96', null, null, null, null, null, null, null, null, 33, '48_01_CDKT13', '248', null, null, null, null, null, null, null, null, null, null, null);

insert into RCV_GDIEN_TKHAI (ID, TEN_CTIEU, COT_01, COT_02, COT_03, COT_04, COT_05, COT_06, COT_07, COT_08, COT_09, COT_10, COT_11, SO_TT, LOAI_DLIEU, MA_CTIEU, COT_12, COT_13, COT_14, COT_15, COT_16, COT_17, COT_18, COT_19, COT_20, COT_21, COT_22)
values (6076, '   3. D¿ ph¿ng ph¿i thu d¿i h¿n kh¿ ¿i (*)', '97', '98', '99', null, null, null, null, null, null, null, null, 34, '48_01_CDKT13', '249', null, null, null, null, null, null, null, null, null, null, null);

insert into RCV_GDIEN_TKHAI (ID, TEN_CTIEU, COT_01, COT_02, COT_03, COT_04, COT_05, COT_06, COT_07, COT_08, COT_09, COT_10, COT_11, SO_TT, LOAI_DLIEU, MA_CTIEU, COT_12, COT_13, COT_14, COT_15, COT_16, COT_17, COT_18, COT_19, COT_20, COT_21, COT_22)
values (6077, 'T¿NG C¿NG T¿I S¿N (250 =100 + 200)', '100', '101', '102', null, null, null, null, null, null, null, null, 35, '48_01_CDKT13', '250', null, null, null, null, null, null, null, null, null, null, null);

insert into RCV_GDIEN_TKHAI (ID, TEN_CTIEU, COT_01, COT_02, COT_03, COT_04, COT_05, COT_06, COT_07, COT_08, COT_09, COT_10, COT_11, SO_TT, LOAI_DLIEU, MA_CTIEU, COT_12, COT_13, COT_14, COT_15, COT_16, COT_17, COT_18, COT_19, COT_20, COT_21, COT_22)
values (6078, 'NGU¿N V¿N', null, null, null, null, null, null, null, null, null, null, null, 36, '48_01_CDKT13', null, null, null, null, null, null, null, null, null, null, null, null);

insert into RCV_GDIEN_TKHAI (ID, TEN_CTIEU, COT_01, COT_02, COT_03, COT_04, COT_05, COT_06, COT_07, COT_08, COT_09, COT_10, COT_11, SO_TT, LOAI_DLIEU, MA_CTIEU, COT_12, COT_13, COT_14, COT_15, COT_16, COT_17, COT_18, COT_19, COT_20, COT_21, COT_22)
values (6079, 'A - N¿ PH¿I TR¿ (300 = 310 + 320)', '103', '104', '105', null, null, null, null, null, null, null, null, 37, '48_01_CDKT13', '300', null, null, null, null, null, null, null, null, null, null, null);

insert into RCV_GDIEN_TKHAI (ID, TEN_CTIEU, COT_01, COT_02, COT_03, COT_04, COT_05, COT_06, COT_07, COT_08, COT_09, COT_10, COT_11, SO_TT, LOAI_DLIEU, MA_CTIEU, COT_12, COT_13, COT_14, COT_15, COT_16, COT_17, COT_18, COT_19, COT_20, COT_21, COT_22)
values (6080, 'I. N¿ ng¿n h¿n', '106', '107', '108', null, null, null, null, null, null, null, null, 38, '48_01_CDKT13', '310', null, null, null, null, null, null, null, null, null, null, null);

insert into RCV_GDIEN_TKHAI (ID, TEN_CTIEU, COT_01, COT_02, COT_03, COT_04, COT_05, COT_06, COT_07, COT_08, COT_09, COT_10, COT_11, SO_TT, LOAI_DLIEU, MA_CTIEU, COT_12, COT_13, COT_14, COT_15, COT_16, COT_17, COT_18, COT_19, COT_20, COT_21, COT_22)
values (6081, '   1. Vay ng¿n h¿n ', '109', '110', '111', null, null, null, null, null, null, null, null, 39, '48_01_CDKT13', '311', null, null, null, null, null, null, null, null, null, null, null);

insert into RCV_GDIEN_TKHAI (ID, TEN_CTIEU, COT_01, COT_02, COT_03, COT_04, COT_05, COT_06, COT_07, COT_08, COT_09, COT_10, COT_11, SO_TT, LOAI_DLIEU, MA_CTIEU, COT_12, COT_13, COT_14, COT_15, COT_16, COT_17, COT_18, COT_19, COT_20, COT_21, COT_22)
values (6082, '   2. Ph¿i tr¿ cho ng¿¿i b¿n ', '112', '113', '114', null, null, null, null, null, null, null, null, 40, '48_01_CDKT13', '312', null, null, null, null, null, null, null, null, null, null, null);

insert into RCV_GDIEN_TKHAI (ID, TEN_CTIEU, COT_01, COT_02, COT_03, COT_04, COT_05, COT_06, COT_07, COT_08, COT_09, COT_10, COT_11, SO_TT, LOAI_DLIEU, MA_CTIEU, COT_12, COT_13, COT_14, COT_15, COT_16, COT_17, COT_18, COT_19, COT_20, COT_21, COT_22)
values (6083, '   3. Ng¿¿i mua tr¿ ti¿n tr¿¿c', '115', '116', '117', null, null, null, null, null, null, null, null, 41, '48_01_CDKT13', '313', null, null, null, null, null, null, null, null, null, null, null);

insert into RCV_GDIEN_TKHAI (ID, TEN_CTIEU, COT_01, COT_02, COT_03, COT_04, COT_05, COT_06, COT_07, COT_08, COT_09, COT_10, COT_11, SO_TT, LOAI_DLIEU, MA_CTIEU, COT_12, COT_13, COT_14, COT_15, COT_16, COT_17, COT_18, COT_19, COT_20, COT_21, COT_22)
values (6084, '   4. Thu¿ v¿ c¿c kho¿n ph¿i n¿p Nh¿ n¿¿c ', '118', '119', '120', null, null, null, null, null, null, null, null, 42, '48_01_CDKT13', '314', null, null, null, null, null, null, null, null, null, null, null);

insert into RCV_GDIEN_TKHAI (ID, TEN_CTIEU, COT_01, COT_02, COT_03, COT_04, COT_05, COT_06, COT_07, COT_08, COT_09, COT_10, COT_11, SO_TT, LOAI_DLIEU, MA_CTIEU, COT_12, COT_13, COT_14, COT_15, COT_16, COT_17, COT_18, COT_19, COT_20, COT_21, COT_22)
values (6085, '   5. Ph¿i tr¿ ng¿¿i lao ¿ng', '121', '122', '123', null, null, null, null, null, null, null, null, 43, '48_01_CDKT13', '315', null, null, null, null, null, null, null, null, null, null, null);

insert into RCV_GDIEN_TKHAI (ID, TEN_CTIEU, COT_01, COT_02, COT_03, COT_04, COT_05, COT_06, COT_07, COT_08, COT_09, COT_10, COT_11, SO_TT, LOAI_DLIEU, MA_CTIEU, COT_12, COT_13, COT_14, COT_15, COT_16, COT_17, COT_18, COT_19, COT_20, COT_21, COT_22)
values (6086, '   6. Chi ph¿ ph¿i tr¿', '124', '125', '126', null, null, null, null, null, null, null, null, 44, '48_01_CDKT13', '316', null, null, null, null, null, null, null, null, null, null, null);

insert into RCV_GDIEN_TKHAI (ID, TEN_CTIEU, COT_01, COT_02, COT_03, COT_04, COT_05, COT_06, COT_07, COT_08, COT_09, COT_10, COT_11, SO_TT, LOAI_DLIEU, MA_CTIEU, COT_12, COT_13, COT_14, COT_15, COT_16, COT_17, COT_18, COT_19, COT_20, COT_21, COT_22)
values (6087, '   7. C¿c kho¿n ph¿i tr¿ ng¿n h¿n kh¿c', '127', '128', '129', null, null, null, null, null, null, null, null, 45, '48_01_CDKT13', '318', null, null, null, null, null, null, null, null, null, null, null);

insert into RCV_GDIEN_TKHAI (ID, TEN_CTIEU, COT_01, COT_02, COT_03, COT_04, COT_05, COT_06, COT_07, COT_08, COT_09, COT_10, COT_11, SO_TT, LOAI_DLIEU, MA_CTIEU, COT_12, COT_13, COT_14, COT_15, COT_16, COT_17, COT_18, COT_19, COT_20, COT_21, COT_22)
values (6088, '   8. Qu¿ khen th¿¿ng, ph¿c l¿i', '130', '131', '132', null, null, null, null, null, null, null, null, 46, '48_01_CDKT13', null, null, null, null, null, null, null, null, null, null, null, null);

insert into RCV_GDIEN_TKHAI (ID, TEN_CTIEU, COT_01, COT_02, COT_03, COT_04, COT_05, COT_06, COT_07, COT_08, COT_09, COT_10, COT_11, SO_TT, LOAI_DLIEU, MA_CTIEU, COT_12, COT_13, COT_14, COT_15, COT_16, COT_17, COT_18, COT_19, COT_20, COT_21, COT_22)
values (6089, '   9. Giao d¿ch mua b¿n l¿i tr¿i phi¿u Ch¿nh ph¿', '133', '134', '135', null, null, null, null, null, null, null, null, 47, '48_01_CDKT13', null, null, null, null, null, null, null, null, null, null, null, null);

insert into RCV_GDIEN_TKHAI (ID, TEN_CTIEU, COT_01, COT_02, COT_03, COT_04, COT_05, COT_06, COT_07, COT_08, COT_09, COT_10, COT_11, SO_TT, LOAI_DLIEU, MA_CTIEU, COT_12, COT_13, COT_14, COT_15, COT_16, COT_17, COT_18, COT_19, COT_20, COT_21, COT_22)
values (6090, '   10.Doanh thu ch¿a th¿c hi¿n ng¿n h¿n', '136', '137', '138', null, null, null, null, null, null, null, null, 48, '48_01_CDKT13', null, null, null, null, null, null, null, null, null, null, null, null);

insert into RCV_GDIEN_TKHAI (ID, TEN_CTIEU, COT_01, COT_02, COT_03, COT_04, COT_05, COT_06, COT_07, COT_08, COT_09, COT_10, COT_11, SO_TT, LOAI_DLIEU, MA_CTIEU, COT_12, COT_13, COT_14, COT_15, COT_16, COT_17, COT_18, COT_19, COT_20, COT_21, COT_22)
values (6091, '   11. D¿ ph¿ng ph¿i tr¿ ng¿n h¿n ', '139', '140', '141', null, null, null, null, null, null, null, null, 49, '48_01_CDKT13', '319', null, null, null, null, null, null, null, null, null, null, null);

insert into RCV_GDIEN_TKHAI (ID, TEN_CTIEU, COT_01, COT_02, COT_03, COT_04, COT_05, COT_06, COT_07, COT_08, COT_09, COT_10, COT_11, SO_TT, LOAI_DLIEU, MA_CTIEU, COT_12, COT_13, COT_14, COT_15, COT_16, COT_17, COT_18, COT_19, COT_20, COT_21, COT_22)
values (6092, 'II. N¿ d¿i h¿n ', '142', '143', '144', null, null, null, null, null, null, null, null, 50, '48_01_CDKT13', '320', null, null, null, null, null, null, null, null, null, null, null);

insert into RCV_GDIEN_TKHAI (ID, TEN_CTIEU, COT_01, COT_02, COT_03, COT_04, COT_05, COT_06, COT_07, COT_08, COT_09, COT_10, COT_11, SO_TT, LOAI_DLIEU, MA_CTIEU, COT_12, COT_13, COT_14, COT_15, COT_16, COT_17, COT_18, COT_19, COT_20, COT_21, COT_22)
values (6093, '   1. Vay v¿ n¿ d¿i h¿n ', '145', '146', '147', null, null, null, null, null, null, null, null, 51, '48_01_CDKT13', '321', null, null, null, null, null, null, null, null, null, null, null);

insert into RCV_GDIEN_TKHAI (ID, TEN_CTIEU, COT_01, COT_02, COT_03, COT_04, COT_05, COT_06, COT_07, COT_08, COT_09, COT_10, COT_11, SO_TT, LOAI_DLIEU, MA_CTIEU, COT_12, COT_13, COT_14, COT_15, COT_16, COT_17, COT_18, COT_19, COT_20, COT_21, COT_22)
values (6094, '   2. Qu¿ d¿ ph¿ng tr¿ c¿p m¿t vi¿c l¿m', '148', '149', '150', null, null, null, null, null, null, null, null, 52, '48_01_CDKT13', '322', null, null, null, null, null, null, null, null, null, null, null);

insert into RCV_GDIEN_TKHAI (ID, TEN_CTIEU, COT_01, COT_02, COT_03, COT_04, COT_05, COT_06, COT_07, COT_08, COT_09, COT_10, COT_11, SO_TT, LOAI_DLIEU, MA_CTIEU, COT_12, COT_13, COT_14, COT_15, COT_16, COT_17, COT_18, COT_19, COT_20, COT_21, COT_22)
values (6095, '   3. Doanh thu ch¿a th¿c hi¿n d¿i h¿n', '151', '152', '153', null, null, null, null, null, null, null, null, 53, '48_01_CDKT13', null, null, null, null, null, null, null, null, null, null, null, null);

insert into RCV_GDIEN_TKHAI (ID, TEN_CTIEU, COT_01, COT_02, COT_03, COT_04, COT_05, COT_06, COT_07, COT_08, COT_09, COT_10, COT_11, SO_TT, LOAI_DLIEU, MA_CTIEU, COT_12, COT_13, COT_14, COT_15, COT_16, COT_17, COT_18, COT_19, COT_20, COT_21, COT_22)
values (6096, '   4. Qu¿ ph¿t tri¿n khoa h¿c v¿ c¿ng ngh¿', '154', '155', '156', null, null, null, null, null, null, null, null, 54, '48_01_CDKT13', null, null, null, null, null, null, null, null, null, null, null, null);

insert into RCV_GDIEN_TKHAI (ID, TEN_CTIEU, COT_01, COT_02, COT_03, COT_04, COT_05, COT_06, COT_07, COT_08, COT_09, COT_10, COT_11, SO_TT, LOAI_DLIEU, MA_CTIEU, COT_12, COT_13, COT_14, COT_15, COT_16, COT_17, COT_18, COT_19, COT_20, COT_21, COT_22)
values (6097, '   5. Ph¿i tr¿, ph¿i n¿p d¿i h¿n kh¿c', '157', '158', '159', null, null, null, null, null, null, null, null, 55, '48_01_CDKT13', '328', null, null, null, null, null, null, null, null, null, null, null);

insert into RCV_GDIEN_TKHAI (ID, TEN_CTIEU, COT_01, COT_02, COT_03, COT_04, COT_05, COT_06, COT_07, COT_08, COT_09, COT_10, COT_11, SO_TT, LOAI_DLIEU, MA_CTIEU, COT_12, COT_13, COT_14, COT_15, COT_16, COT_17, COT_18, COT_19, COT_20, COT_21, COT_22)
values (6098, '   6. D¿ ph¿ng ph¿i tr¿ d¿i h¿n', '160', '161', '162', null, null, null, null, null, null, null, null, 56, '48_01_CDKT13', '329', null, null, null, null, null, null, null, null, null, null, null);

insert into RCV_GDIEN_TKHAI (ID, TEN_CTIEU, COT_01, COT_02, COT_03, COT_04, COT_05, COT_06, COT_07, COT_08, COT_09, COT_10, COT_11, SO_TT, LOAI_DLIEU, MA_CTIEU, COT_12, COT_13, COT_14, COT_15, COT_16, COT_17, COT_18, COT_19, COT_20, COT_21, COT_22)
values (6099, 'B - V¿N CH¿ S¿ H¿U (400 = 410)', '163', '164', '165', null, null, null, null, null, null, null, null, 57, '48_01_CDKT13', '400', null, null, null, null, null, null, null, null, null, null, null);

insert into RCV_GDIEN_TKHAI (ID, TEN_CTIEU, COT_01, COT_02, COT_03, COT_04, COT_05, COT_06, COT_07, COT_08, COT_09, COT_10, COT_11, SO_TT, LOAI_DLIEU, MA_CTIEU, COT_12, COT_13, COT_14, COT_15, COT_16, COT_17, COT_18, COT_19, COT_20, COT_21, COT_22)
values (6100, 'I. V¿n ch¿ s¿ h¿u', '166', '167', '168', null, null, null, null, null, null, null, null, 58, '48_01_CDKT13', '410', null, null, null, null, null, null, null, null, null, null, null);

insert into RCV_GDIEN_TKHAI (ID, TEN_CTIEU, COT_01, COT_02, COT_03, COT_04, COT_05, COT_06, COT_07, COT_08, COT_09, COT_10, COT_11, SO_TT, LOAI_DLIEU, MA_CTIEU, COT_12, COT_13, COT_14, COT_15, COT_16, COT_17, COT_18, COT_19, COT_20, COT_21, COT_22)
values (6101, '   1. V¿n ¿u t¿ c¿a ch¿ s¿ h¿u', '169', '170', '171', null, null, null, null, null, null, null, null, 59, '48_01_CDKT13', '411', null, null, null, null, null, null, null, null, null, null, null);

insert into RCV_GDIEN_TKHAI (ID, TEN_CTIEU, COT_01, COT_02, COT_03, COT_04, COT_05, COT_06, COT_07, COT_08, COT_09, COT_10, COT_11, SO_TT, LOAI_DLIEU, MA_CTIEU, COT_12, COT_13, COT_14, COT_15, COT_16, COT_17, COT_18, COT_19, COT_20, COT_21, COT_22)
values (6102, '   2. Th¿ng d¿ v¿n c¿ ph¿n', '172', '173', '174', null, null, null, null, null, null, null, null, 60, '48_01_CDKT13', '412', null, null, null, null, null, null, null, null, null, null, null);

insert into RCV_GDIEN_TKHAI (ID, TEN_CTIEU, COT_01, COT_02, COT_03, COT_04, COT_05, COT_06, COT_07, COT_08, COT_09, COT_10, COT_11, SO_TT, LOAI_DLIEU, MA_CTIEU, COT_12, COT_13, COT_14, COT_15, COT_16, COT_17, COT_18, COT_19, COT_20, COT_21, COT_22)
values (6103, '   3. V¿n kh¿c c¿a ch¿ s¿ h¿u', '175', '176', '177', null, null, null, null, null, null, null, null, 61, '48_01_CDKT13', '413', null, null, null, null, null, null, null, null, null, null, null);

insert into RCV_GDIEN_TKHAI (ID, TEN_CTIEU, COT_01, COT_02, COT_03, COT_04, COT_05, COT_06, COT_07, COT_08, COT_09, COT_10, COT_11, SO_TT, LOAI_DLIEU, MA_CTIEU, COT_12, COT_13, COT_14, COT_15, COT_16, COT_17, COT_18, COT_19, COT_20, COT_21, COT_22)
values (6104, '   4. C¿ phi¿u qu¿ (*)', '178', '179', '180', null, null, null, null, null, null, null, null, 62, '48_01_CDKT13', '414', null, null, null, null, null, null, null, null, null, null, null);

insert into RCV_GDIEN_TKHAI (ID, TEN_CTIEU, COT_01, COT_02, COT_03, COT_04, COT_05, COT_06, COT_07, COT_08, COT_09, COT_10, COT_11, SO_TT, LOAI_DLIEU, MA_CTIEU, COT_12, COT_13, COT_14, COT_15, COT_16, COT_17, COT_18, COT_19, COT_20, COT_21, COT_22)
values (6105, '   5. Ch¿nh l¿ch t¿ gi¿ h¿i o¿i', '181', '182', '183', null, null, null, null, null, null, null, null, 63, '48_01_CDKT13', '415', null, null, null, null, null, null, null, null, null, null, null);

insert into RCV_GDIEN_TKHAI (ID, TEN_CTIEU, COT_01, COT_02, COT_03, COT_04, COT_05, COT_06, COT_07, COT_08, COT_09, COT_10, COT_11, SO_TT, LOAI_DLIEU, MA_CTIEU, COT_12, COT_13, COT_14, COT_15, COT_16, COT_17, COT_18, COT_19, COT_20, COT_21, COT_22)
values (6106, '   6. C¿c qu¿ thu¿c v¿n ch¿ s¿ h¿u', '184', '185', '186', null, null, null, null, null, null, null, null, 64, '48_01_CDKT13', '416', null, null, null, null, null, null, null, null, null, null, null);

insert into RCV_GDIEN_TKHAI (ID, TEN_CTIEU, COT_01, COT_02, COT_03, COT_04, COT_05, COT_06, COT_07, COT_08, COT_09, COT_10, COT_11, SO_TT, LOAI_DLIEU, MA_CTIEU, COT_12, COT_13, COT_14, COT_15, COT_16, COT_17, COT_18, COT_19, COT_20, COT_21, COT_22)
values (6107, '   7. L¿i nhu¿n sau thu¿ ch¿a ph¿n ph¿i', '187', '188', '189', null, null, null, null, null, null, null, null, 65, '48_01_CDKT13', '417', null, null, null, null, null, null, null, null, null, null, null);

insert into RCV_GDIEN_TKHAI (ID, TEN_CTIEU, COT_01, COT_02, COT_03, COT_04, COT_05, COT_06, COT_07, COT_08, COT_09, COT_10, COT_11, SO_TT, LOAI_DLIEU, MA_CTIEU, COT_12, COT_13, COT_14, COT_15, COT_16, COT_17, COT_18, COT_19, COT_20, COT_21, COT_22)
values (6108, 'T¿NG C¿NG NGU¿N V¿N  (440 = 300+400)', '190', '191', '192', null, null, null, null, null, null, null, null, 66, '48_01_CDKT13', '440', null, null, null, null, null, null, null, null, null, null, null);

insert into RCV_GDIEN_TKHAI (ID, TEN_CTIEU, COT_01, COT_02, COT_03, COT_04, COT_05, COT_06, COT_07, COT_08, COT_09, COT_10, COT_11, SO_TT, LOAI_DLIEU, MA_CTIEU, COT_12, COT_13, COT_14, COT_15, COT_16, COT_17, COT_18, COT_19, COT_20, COT_21, COT_22)
values (6109, 'C¿C CH¿ TI¿U NGO¿I B¿NG ', null, null, null, null, null, null, null, null, null, null, null, 67, '48_01_CDKT13', null, null, null, null, null, null, null, null, null, null, null, null);

insert into RCV_GDIEN_TKHAI (ID, TEN_CTIEU, COT_01, COT_02, COT_03, COT_04, COT_05, COT_06, COT_07, COT_08, COT_09, COT_10, COT_11, SO_TT, LOAI_DLIEU, MA_CTIEU, COT_12, COT_13, COT_14, COT_15, COT_16, COT_17, COT_18, COT_19, COT_20, COT_21, COT_22)
values (6110, '   1- T¿i s¿n thu¿ ngo¿i', '193', '194', '195', null, null, null, null, null, null, null, null, 68, '48_01_CDKT13', null, null, null, null, null, null, null, null, null, null, null, null);

insert into RCV_GDIEN_TKHAI (ID, TEN_CTIEU, COT_01, COT_02, COT_03, COT_04, COT_05, COT_06, COT_07, COT_08, COT_09, COT_10, COT_11, SO_TT, LOAI_DLIEU, MA_CTIEU, COT_12, COT_13, COT_14, COT_15, COT_16, COT_17, COT_18, COT_19, COT_20, COT_21, COT_22)
values (6111, '   2- V¿t t¿, h¿ng ho¿ nh¿n gi¿ h¿, nh¿n gia c¿ng', '196', '197', '198', null, null, null, null, null, null, null, null, 69, '48_01_CDKT13', null, null, null, null, null, null, null, null, null, null, null, null);

insert into RCV_GDIEN_TKHAI (ID, TEN_CTIEU, COT_01, COT_02, COT_03, COT_04, COT_05, COT_06, COT_07, COT_08, COT_09, COT_10, COT_11, SO_TT, LOAI_DLIEU, MA_CTIEU, COT_12, COT_13, COT_14, COT_15, COT_16, COT_17, COT_18, COT_19, COT_20, COT_21, COT_22)
values (6112, '   3- H¿ng ho¿ nh¿n b¿n h¿, nh¿n k¿ g¿i, k¿ c¿¿c', '199', '200', '201', null, null, null, null, null, null, null, null, 70, '48_01_CDKT13', null, null, null, null, null, null, null, null, null, null, null, null);

insert into RCV_GDIEN_TKHAI (ID, TEN_CTIEU, COT_01, COT_02, COT_03, COT_04, COT_05, COT_06, COT_07, COT_08, COT_09, COT_10, COT_11, SO_TT, LOAI_DLIEU, MA_CTIEU, COT_12, COT_13, COT_14, COT_15, COT_16, COT_17, COT_18, COT_19, COT_20, COT_21, COT_22)
values (6113, '   4- N¿ kh¿ ¿i ¿ x¿ l¿', '202', '203', '204', null, null, null, null, null, null, null, null, 71, '48_01_CDKT13', null, null, null, null, null, null, null, null, null, null, null, null);

insert into RCV_GDIEN_TKHAI (ID, TEN_CTIEU, COT_01, COT_02, COT_03, COT_04, COT_05, COT_06, COT_07, COT_08, COT_09, COT_10, COT_11, SO_TT, LOAI_DLIEU, MA_CTIEU, COT_12, COT_13, COT_14, COT_15, COT_16, COT_17, COT_18, COT_19, COT_20, COT_21, COT_22)
values (6114, '   5- Ngo¿i t¿ c¿c lo¿i', '205', '206', '207', null, null, null, null, null, null, null, null, 72, '48_01_CDKT13', null, null, null, null, null, null, null, null, null, null, null, null);

	--RCV_MAP_CTIEU	
insert into RCV_MAP_CTIEU (LOAI_DLIEU, KY_HIEU, KIEU_DLIEU, GDN_ID, KY_HIEU_CTIEU)
values ('48_01_CDKT13', '1', 'C', 6044, '100');

insert into RCV_MAP_CTIEU (LOAI_DLIEU, KY_HIEU, KIEU_DLIEU, GDN_ID, KY_HIEU_CTIEU)
values ('48_01_CDKT13', '10', 'C', 6047, '121');

insert into RCV_MAP_CTIEU (LOAI_DLIEU, KY_HIEU, KIEU_DLIEU, GDN_ID, KY_HIEU_CTIEU)
values ('48_01_CDKT13', '100', 'C', 6077, '250');

insert into RCV_MAP_CTIEU (LOAI_DLIEU, KY_HIEU, KIEU_DLIEU, GDN_ID, KY_HIEU_CTIEU)
values ('48_01_CDKT13', '101', 'N', 6077, '250');

insert into RCV_MAP_CTIEU (LOAI_DLIEU, KY_HIEU, KIEU_DLIEU, GDN_ID, KY_HIEU_CTIEU)
values ('48_01_CDKT13', '102', 'N', 6077, '250');

insert into RCV_MAP_CTIEU (LOAI_DLIEU, KY_HIEU, KIEU_DLIEU, GDN_ID, KY_HIEU_CTIEU)
values ('48_01_CDKT13', '103', 'C', 6079, '300');

insert into RCV_MAP_CTIEU (LOAI_DLIEU, KY_HIEU, KIEU_DLIEU, GDN_ID, KY_HIEU_CTIEU)
values ('48_01_CDKT13', '104', 'N', 6079, '300');

insert into RCV_MAP_CTIEU (LOAI_DLIEU, KY_HIEU, KIEU_DLIEU, GDN_ID, KY_HIEU_CTIEU)
values ('48_01_CDKT13', '105', 'N', 6079, '300');

insert into RCV_MAP_CTIEU (LOAI_DLIEU, KY_HIEU, KIEU_DLIEU, GDN_ID, KY_HIEU_CTIEU)
values ('48_01_CDKT13', '106', 'C', 6080, '310');

insert into RCV_MAP_CTIEU (LOAI_DLIEU, KY_HIEU, KIEU_DLIEU, GDN_ID, KY_HIEU_CTIEU)
values ('48_01_CDKT13', '107', 'N', 6080, '310');

insert into RCV_MAP_CTIEU (LOAI_DLIEU, KY_HIEU, KIEU_DLIEU, GDN_ID, KY_HIEU_CTIEU)
values ('48_01_CDKT13', '108', 'N', 6080, '310');

insert into RCV_MAP_CTIEU (LOAI_DLIEU, KY_HIEU, KIEU_DLIEU, GDN_ID, KY_HIEU_CTIEU)
values ('48_01_CDKT13', '109', 'C', 6081, '311');

insert into RCV_MAP_CTIEU (LOAI_DLIEU, KY_HIEU, KIEU_DLIEU, GDN_ID, KY_HIEU_CTIEU)
values ('48_01_CDKT13', '11', 'N', 6047, '121');

insert into RCV_MAP_CTIEU (LOAI_DLIEU, KY_HIEU, KIEU_DLIEU, GDN_ID, KY_HIEU_CTIEU)
values ('48_01_CDKT13', '110', 'N', 6081, '311');

insert into RCV_MAP_CTIEU (LOAI_DLIEU, KY_HIEU, KIEU_DLIEU, GDN_ID, KY_HIEU_CTIEU)
values ('48_01_CDKT13', '111', 'N', 6081, '311');

insert into RCV_MAP_CTIEU (LOAI_DLIEU, KY_HIEU, KIEU_DLIEU, GDN_ID, KY_HIEU_CTIEU)
values ('48_01_CDKT13', '112', 'C', 6082, '312');

insert into RCV_MAP_CTIEU (LOAI_DLIEU, KY_HIEU, KIEU_DLIEU, GDN_ID, KY_HIEU_CTIEU)
values ('48_01_CDKT13', '113', 'N', 6082, '312');

insert into RCV_MAP_CTIEU (LOAI_DLIEU, KY_HIEU, KIEU_DLIEU, GDN_ID, KY_HIEU_CTIEU)
values ('48_01_CDKT13', '114', 'N', 6082, '312');

insert into RCV_MAP_CTIEU (LOAI_DLIEU, KY_HIEU, KIEU_DLIEU, GDN_ID, KY_HIEU_CTIEU)
values ('48_01_CDKT13', '115', 'C', 6083, '313');

insert into RCV_MAP_CTIEU (LOAI_DLIEU, KY_HIEU, KIEU_DLIEU, GDN_ID, KY_HIEU_CTIEU)
values ('48_01_CDKT13', '116', 'N', 6083, '313');

insert into RCV_MAP_CTIEU (LOAI_DLIEU, KY_HIEU, KIEU_DLIEU, GDN_ID, KY_HIEU_CTIEU)
values ('48_01_CDKT13', '117', 'N', 6083, '313');

insert into RCV_MAP_CTIEU (LOAI_DLIEU, KY_HIEU, KIEU_DLIEU, GDN_ID, KY_HIEU_CTIEU)
values ('48_01_CDKT13', '118', 'C', 6084, '314');

insert into RCV_MAP_CTIEU (LOAI_DLIEU, KY_HIEU, KIEU_DLIEU, GDN_ID, KY_HIEU_CTIEU)
values ('48_01_CDKT13', '119', 'N', 6084, '314');

insert into RCV_MAP_CTIEU (LOAI_DLIEU, KY_HIEU, KIEU_DLIEU, GDN_ID, KY_HIEU_CTIEU)
values ('48_01_CDKT13', '12', 'N', 6047, '121');

insert into RCV_MAP_CTIEU (LOAI_DLIEU, KY_HIEU, KIEU_DLIEU, GDN_ID, KY_HIEU_CTIEU)
values ('48_01_CDKT13', '120', 'N', 6084, '314');

insert into RCV_MAP_CTIEU (LOAI_DLIEU, KY_HIEU, KIEU_DLIEU, GDN_ID, KY_HIEU_CTIEU)
values ('48_01_CDKT13', '121', 'C', 6085, '315');

insert into RCV_MAP_CTIEU (LOAI_DLIEU, KY_HIEU, KIEU_DLIEU, GDN_ID, KY_HIEU_CTIEU)
values ('48_01_CDKT13', '122', 'N', 6085, '315');

insert into RCV_MAP_CTIEU (LOAI_DLIEU, KY_HIEU, KIEU_DLIEU, GDN_ID, KY_HIEU_CTIEU)
values ('48_01_CDKT13', '123', 'N', 6085, '315');

insert into RCV_MAP_CTIEU (LOAI_DLIEU, KY_HIEU, KIEU_DLIEU, GDN_ID, KY_HIEU_CTIEU)
values ('48_01_CDKT13', '124', 'C', 6086, '316');

insert into RCV_MAP_CTIEU (LOAI_DLIEU, KY_HIEU, KIEU_DLIEU, GDN_ID, KY_HIEU_CTIEU)
values ('48_01_CDKT13', '125', 'N', 6086, '316');

insert into RCV_MAP_CTIEU (LOAI_DLIEU, KY_HIEU, KIEU_DLIEU, GDN_ID, KY_HIEU_CTIEU)
values ('48_01_CDKT13', '126', 'N', 6086, '316');

insert into RCV_MAP_CTIEU (LOAI_DLIEU, KY_HIEU, KIEU_DLIEU, GDN_ID, KY_HIEU_CTIEU)
values ('48_01_CDKT13', '127', 'C', 6087, '318');

insert into RCV_MAP_CTIEU (LOAI_DLIEU, KY_HIEU, KIEU_DLIEU, GDN_ID, KY_HIEU_CTIEU)
values ('48_01_CDKT13', '128', 'N', 6087, '318');

insert into RCV_MAP_CTIEU (LOAI_DLIEU, KY_HIEU, KIEU_DLIEU, GDN_ID, KY_HIEU_CTIEU)
values ('48_01_CDKT13', '129', 'N', 6087, '318');

insert into RCV_MAP_CTIEU (LOAI_DLIEU, KY_HIEU, KIEU_DLIEU, GDN_ID, KY_HIEU_CTIEU)
values ('48_01_CDKT13', '13', 'C', 6048, '129');

insert into RCV_MAP_CTIEU (LOAI_DLIEU, KY_HIEU, KIEU_DLIEU, GDN_ID, KY_HIEU_CTIEU)
values ('48_01_CDKT13', '130', 'C', 6088, null);

insert into RCV_MAP_CTIEU (LOAI_DLIEU, KY_HIEU, KIEU_DLIEU, GDN_ID, KY_HIEU_CTIEU)
values ('48_01_CDKT13', '131', 'N', 6088, null);

insert into RCV_MAP_CTIEU (LOAI_DLIEU, KY_HIEU, KIEU_DLIEU, GDN_ID, KY_HIEU_CTIEU)
values ('48_01_CDKT13', '132', 'N', 6088, null);

insert into RCV_MAP_CTIEU (LOAI_DLIEU, KY_HIEU, KIEU_DLIEU, GDN_ID, KY_HIEU_CTIEU)
values ('48_01_CDKT13', '133', 'C', 6089, null);

insert into RCV_MAP_CTIEU (LOAI_DLIEU, KY_HIEU, KIEU_DLIEU, GDN_ID, KY_HIEU_CTIEU)
values ('48_01_CDKT13', '134', 'N', 6089, null);

insert into RCV_MAP_CTIEU (LOAI_DLIEU, KY_HIEU, KIEU_DLIEU, GDN_ID, KY_HIEU_CTIEU)
values ('48_01_CDKT13', '135', 'N', 6089, null);

insert into RCV_MAP_CTIEU (LOAI_DLIEU, KY_HIEU, KIEU_DLIEU, GDN_ID, KY_HIEU_CTIEU)
values ('48_01_CDKT13', '136', 'C', 6090, null);

insert into RCV_MAP_CTIEU (LOAI_DLIEU, KY_HIEU, KIEU_DLIEU, GDN_ID, KY_HIEU_CTIEU)
values ('48_01_CDKT13', '137', 'N', 6090, null);

insert into RCV_MAP_CTIEU (LOAI_DLIEU, KY_HIEU, KIEU_DLIEU, GDN_ID, KY_HIEU_CTIEU)
values ('48_01_CDKT13', '138', 'N', 6090, null);

insert into RCV_MAP_CTIEU (LOAI_DLIEU, KY_HIEU, KIEU_DLIEU, GDN_ID, KY_HIEU_CTIEU)
values ('48_01_CDKT13', '139', 'C', 6091, '319');

insert into RCV_MAP_CTIEU (LOAI_DLIEU, KY_HIEU, KIEU_DLIEU, GDN_ID, KY_HIEU_CTIEU)
values ('48_01_CDKT13', '14', 'N', 6048, '129');

insert into RCV_MAP_CTIEU (LOAI_DLIEU, KY_HIEU, KIEU_DLIEU, GDN_ID, KY_HIEU_CTIEU)
values ('48_01_CDKT13', '140', 'N', 6091, '319');

insert into RCV_MAP_CTIEU (LOAI_DLIEU, KY_HIEU, KIEU_DLIEU, GDN_ID, KY_HIEU_CTIEU)
values ('48_01_CDKT13', '141', 'N', 6091, '319');

insert into RCV_MAP_CTIEU (LOAI_DLIEU, KY_HIEU, KIEU_DLIEU, GDN_ID, KY_HIEU_CTIEU)
values ('48_01_CDKT13', '142', 'C', 6092, '320');

insert into RCV_MAP_CTIEU (LOAI_DLIEU, KY_HIEU, KIEU_DLIEU, GDN_ID, KY_HIEU_CTIEU)
values ('48_01_CDKT13', '143', 'N', 6092, '320');

insert into RCV_MAP_CTIEU (LOAI_DLIEU, KY_HIEU, KIEU_DLIEU, GDN_ID, KY_HIEU_CTIEU)
values ('48_01_CDKT13', '144', 'N', 6092, '320');

insert into RCV_MAP_CTIEU (LOAI_DLIEU, KY_HIEU, KIEU_DLIEU, GDN_ID, KY_HIEU_CTIEU)
values ('48_01_CDKT13', '145', 'C', 6093, '321');

insert into RCV_MAP_CTIEU (LOAI_DLIEU, KY_HIEU, KIEU_DLIEU, GDN_ID, KY_HIEU_CTIEU)
values ('48_01_CDKT13', '146', 'N', 6093, '321');

insert into RCV_MAP_CTIEU (LOAI_DLIEU, KY_HIEU, KIEU_DLIEU, GDN_ID, KY_HIEU_CTIEU)
values ('48_01_CDKT13', '147', 'N', 6093, '321');

insert into RCV_MAP_CTIEU (LOAI_DLIEU, KY_HIEU, KIEU_DLIEU, GDN_ID, KY_HIEU_CTIEU)
values ('48_01_CDKT13', '148', 'C', 6094, '322');

insert into RCV_MAP_CTIEU (LOAI_DLIEU, KY_HIEU, KIEU_DLIEU, GDN_ID, KY_HIEU_CTIEU)
values ('48_01_CDKT13', '149', 'N', 6094, '322');

insert into RCV_MAP_CTIEU (LOAI_DLIEU, KY_HIEU, KIEU_DLIEU, GDN_ID, KY_HIEU_CTIEU)
values ('48_01_CDKT13', '15', 'N', 6048, '129');

insert into RCV_MAP_CTIEU (LOAI_DLIEU, KY_HIEU, KIEU_DLIEU, GDN_ID, KY_HIEU_CTIEU)
values ('48_01_CDKT13', '150', 'N', 6094, '322');

insert into RCV_MAP_CTIEU (LOAI_DLIEU, KY_HIEU, KIEU_DLIEU, GDN_ID, KY_HIEU_CTIEU)
values ('48_01_CDKT13', '151', 'C', 6095, null);

insert into RCV_MAP_CTIEU (LOAI_DLIEU, KY_HIEU, KIEU_DLIEU, GDN_ID, KY_HIEU_CTIEU)
values ('48_01_CDKT13', '152', 'N', 6095, null);

insert into RCV_MAP_CTIEU (LOAI_DLIEU, KY_HIEU, KIEU_DLIEU, GDN_ID, KY_HIEU_CTIEU)
values ('48_01_CDKT13', '153', 'N', 6095, null);

insert into RCV_MAP_CTIEU (LOAI_DLIEU, KY_HIEU, KIEU_DLIEU, GDN_ID, KY_HIEU_CTIEU)
values ('48_01_CDKT13', '154', 'C', 6096, null);

insert into RCV_MAP_CTIEU (LOAI_DLIEU, KY_HIEU, KIEU_DLIEU, GDN_ID, KY_HIEU_CTIEU)
values ('48_01_CDKT13', '155', 'N', 6096, null);

insert into RCV_MAP_CTIEU (LOAI_DLIEU, KY_HIEU, KIEU_DLIEU, GDN_ID, KY_HIEU_CTIEU)
values ('48_01_CDKT13', '156', 'N', 6096, null);

insert into RCV_MAP_CTIEU (LOAI_DLIEU, KY_HIEU, KIEU_DLIEU, GDN_ID, KY_HIEU_CTIEU)
values ('48_01_CDKT13', '157', 'C', 6097, '328');

insert into RCV_MAP_CTIEU (LOAI_DLIEU, KY_HIEU, KIEU_DLIEU, GDN_ID, KY_HIEU_CTIEU)
values ('48_01_CDKT13', '158', 'N', 6097, '328');

insert into RCV_MAP_CTIEU (LOAI_DLIEU, KY_HIEU, KIEU_DLIEU, GDN_ID, KY_HIEU_CTIEU)
values ('48_01_CDKT13', '159', 'N', 6097, '328');

insert into RCV_MAP_CTIEU (LOAI_DLIEU, KY_HIEU, KIEU_DLIEU, GDN_ID, KY_HIEU_CTIEU)
values ('48_01_CDKT13', '16', 'C', 6049, '130');

insert into RCV_MAP_CTIEU (LOAI_DLIEU, KY_HIEU, KIEU_DLIEU, GDN_ID, KY_HIEU_CTIEU)
values ('48_01_CDKT13', '160', 'C', 6098, '329');

insert into RCV_MAP_CTIEU (LOAI_DLIEU, KY_HIEU, KIEU_DLIEU, GDN_ID, KY_HIEU_CTIEU)
values ('48_01_CDKT13', '161', 'N', 6098, '329');

insert into RCV_MAP_CTIEU (LOAI_DLIEU, KY_HIEU, KIEU_DLIEU, GDN_ID, KY_HIEU_CTIEU)
values ('48_01_CDKT13', '162', 'N', 6098, '329');

insert into RCV_MAP_CTIEU (LOAI_DLIEU, KY_HIEU, KIEU_DLIEU, GDN_ID, KY_HIEU_CTIEU)
values ('48_01_CDKT13', '163', 'C', 6099, '400');

insert into RCV_MAP_CTIEU (LOAI_DLIEU, KY_HIEU, KIEU_DLIEU, GDN_ID, KY_HIEU_CTIEU)
values ('48_01_CDKT13', '164', 'N', 6099, '400');

insert into RCV_MAP_CTIEU (LOAI_DLIEU, KY_HIEU, KIEU_DLIEU, GDN_ID, KY_HIEU_CTIEU)
values ('48_01_CDKT13', '165', 'N', 6099, '400');

insert into RCV_MAP_CTIEU (LOAI_DLIEU, KY_HIEU, KIEU_DLIEU, GDN_ID, KY_HIEU_CTIEU)
values ('48_01_CDKT13', '166', 'C', 6100, '410');

insert into RCV_MAP_CTIEU (LOAI_DLIEU, KY_HIEU, KIEU_DLIEU, GDN_ID, KY_HIEU_CTIEU)
values ('48_01_CDKT13', '167', 'N', 6100, '410');

insert into RCV_MAP_CTIEU (LOAI_DLIEU, KY_HIEU, KIEU_DLIEU, GDN_ID, KY_HIEU_CTIEU)
values ('48_01_CDKT13', '168', 'N', 6100, '410');

insert into RCV_MAP_CTIEU (LOAI_DLIEU, KY_HIEU, KIEU_DLIEU, GDN_ID, KY_HIEU_CTIEU)
values ('48_01_CDKT13', '169', 'C', 6101, '411');

insert into RCV_MAP_CTIEU (LOAI_DLIEU, KY_HIEU, KIEU_DLIEU, GDN_ID, KY_HIEU_CTIEU)
values ('48_01_CDKT13', '17', 'N', 6049, '130');

insert into RCV_MAP_CTIEU (LOAI_DLIEU, KY_HIEU, KIEU_DLIEU, GDN_ID, KY_HIEU_CTIEU)
values ('48_01_CDKT13', '170', 'N', 6101, '411');

insert into RCV_MAP_CTIEU (LOAI_DLIEU, KY_HIEU, KIEU_DLIEU, GDN_ID, KY_HIEU_CTIEU)
values ('48_01_CDKT13', '171', 'N', 6101, '411');

insert into RCV_MAP_CTIEU (LOAI_DLIEU, KY_HIEU, KIEU_DLIEU, GDN_ID, KY_HIEU_CTIEU)
values ('48_01_CDKT13', '172', 'C', 6102, '412');

insert into RCV_MAP_CTIEU (LOAI_DLIEU, KY_HIEU, KIEU_DLIEU, GDN_ID, KY_HIEU_CTIEU)
values ('48_01_CDKT13', '173', 'N', 6102, '412');

insert into RCV_MAP_CTIEU (LOAI_DLIEU, KY_HIEU, KIEU_DLIEU, GDN_ID, KY_HIEU_CTIEU)
values ('48_01_CDKT13', '174', 'N', 6102, '412');

insert into RCV_MAP_CTIEU (LOAI_DLIEU, KY_HIEU, KIEU_DLIEU, GDN_ID, KY_HIEU_CTIEU)
values ('48_01_CDKT13', '175', 'C', 6103, '413');

insert into RCV_MAP_CTIEU (LOAI_DLIEU, KY_HIEU, KIEU_DLIEU, GDN_ID, KY_HIEU_CTIEU)
values ('48_01_CDKT13', '176', 'N', 6103, '413');

insert into RCV_MAP_CTIEU (LOAI_DLIEU, KY_HIEU, KIEU_DLIEU, GDN_ID, KY_HIEU_CTIEU)
values ('48_01_CDKT13', '177', 'N', 6103, '413');

insert into RCV_MAP_CTIEU (LOAI_DLIEU, KY_HIEU, KIEU_DLIEU, GDN_ID, KY_HIEU_CTIEU)
values ('48_01_CDKT13', '178', 'C', 6104, '414');

insert into RCV_MAP_CTIEU (LOAI_DLIEU, KY_HIEU, KIEU_DLIEU, GDN_ID, KY_HIEU_CTIEU)
values ('48_01_CDKT13', '179', 'N', 6104, '414');

insert into RCV_MAP_CTIEU (LOAI_DLIEU, KY_HIEU, KIEU_DLIEU, GDN_ID, KY_HIEU_CTIEU)
values ('48_01_CDKT13', '18', 'N', 6049, '130');

insert into RCV_MAP_CTIEU (LOAI_DLIEU, KY_HIEU, KIEU_DLIEU, GDN_ID, KY_HIEU_CTIEU)
values ('48_01_CDKT13', '180', 'N', 6104, '414');

insert into RCV_MAP_CTIEU (LOAI_DLIEU, KY_HIEU, KIEU_DLIEU, GDN_ID, KY_HIEU_CTIEU)
values ('48_01_CDKT13', '181', 'C', 6105, '415');

insert into RCV_MAP_CTIEU (LOAI_DLIEU, KY_HIEU, KIEU_DLIEU, GDN_ID, KY_HIEU_CTIEU)
values ('48_01_CDKT13', '182', 'N', 6105, '415');

insert into RCV_MAP_CTIEU (LOAI_DLIEU, KY_HIEU, KIEU_DLIEU, GDN_ID, KY_HIEU_CTIEU)
values ('48_01_CDKT13', '183', 'N', 6105, '415');

insert into RCV_MAP_CTIEU (LOAI_DLIEU, KY_HIEU, KIEU_DLIEU, GDN_ID, KY_HIEU_CTIEU)
values ('48_01_CDKT13', '184', 'C', 6106, '416');

insert into RCV_MAP_CTIEU (LOAI_DLIEU, KY_HIEU, KIEU_DLIEU, GDN_ID, KY_HIEU_CTIEU)
values ('48_01_CDKT13', '185', 'N', 6106, '416');

insert into RCV_MAP_CTIEU (LOAI_DLIEU, KY_HIEU, KIEU_DLIEU, GDN_ID, KY_HIEU_CTIEU)
values ('48_01_CDKT13', '186', 'N', 6106, '416');

insert into RCV_MAP_CTIEU (LOAI_DLIEU, KY_HIEU, KIEU_DLIEU, GDN_ID, KY_HIEU_CTIEU)
values ('48_01_CDKT13', '187', 'C', 6107, '417');

insert into RCV_MAP_CTIEU (LOAI_DLIEU, KY_HIEU, KIEU_DLIEU, GDN_ID, KY_HIEU_CTIEU)
values ('48_01_CDKT13', '188', 'N', 6107, '417');

insert into RCV_MAP_CTIEU (LOAI_DLIEU, KY_HIEU, KIEU_DLIEU, GDN_ID, KY_HIEU_CTIEU)
values ('48_01_CDKT13', '189', 'N', 6107, '417');

insert into RCV_MAP_CTIEU (LOAI_DLIEU, KY_HIEU, KIEU_DLIEU, GDN_ID, KY_HIEU_CTIEU)
values ('48_01_CDKT13', '19', 'C', 6050, '131');

insert into RCV_MAP_CTIEU (LOAI_DLIEU, KY_HIEU, KIEU_DLIEU, GDN_ID, KY_HIEU_CTIEU)
values ('48_01_CDKT13', '190', 'C', 6108, '440');

insert into RCV_MAP_CTIEU (LOAI_DLIEU, KY_HIEU, KIEU_DLIEU, GDN_ID, KY_HIEU_CTIEU)
values ('48_01_CDKT13', '191', 'N', 6108, '440');

insert into RCV_MAP_CTIEU (LOAI_DLIEU, KY_HIEU, KIEU_DLIEU, GDN_ID, KY_HIEU_CTIEU)
values ('48_01_CDKT13', '192', 'N', 6108, '440');

insert into RCV_MAP_CTIEU (LOAI_DLIEU, KY_HIEU, KIEU_DLIEU, GDN_ID, KY_HIEU_CTIEU)
values ('48_01_CDKT13', '193', 'C', 6110, null);

insert into RCV_MAP_CTIEU (LOAI_DLIEU, KY_HIEU, KIEU_DLIEU, GDN_ID, KY_HIEU_CTIEU)
values ('48_01_CDKT13', '194', 'N', 6110, null);

insert into RCV_MAP_CTIEU (LOAI_DLIEU, KY_HIEU, KIEU_DLIEU, GDN_ID, KY_HIEU_CTIEU)
values ('48_01_CDKT13', '195', 'N', 6110, null);

insert into RCV_MAP_CTIEU (LOAI_DLIEU, KY_HIEU, KIEU_DLIEU, GDN_ID, KY_HIEU_CTIEU)
values ('48_01_CDKT13', '196', 'C', 6111, null);

insert into RCV_MAP_CTIEU (LOAI_DLIEU, KY_HIEU, KIEU_DLIEU, GDN_ID, KY_HIEU_CTIEU)
values ('48_01_CDKT13', '197', 'N', 6111, null);

insert into RCV_MAP_CTIEU (LOAI_DLIEU, KY_HIEU, KIEU_DLIEU, GDN_ID, KY_HIEU_CTIEU)
values ('48_01_CDKT13', '198', 'N', 6111, null);

insert into RCV_MAP_CTIEU (LOAI_DLIEU, KY_HIEU, KIEU_DLIEU, GDN_ID, KY_HIEU_CTIEU)
values ('48_01_CDKT13', '199', 'C', 6112, null);

insert into RCV_MAP_CTIEU (LOAI_DLIEU, KY_HIEU, KIEU_DLIEU, GDN_ID, KY_HIEU_CTIEU)
values ('48_01_CDKT13', '2', 'N', 6044, '100');

insert into RCV_MAP_CTIEU (LOAI_DLIEU, KY_HIEU, KIEU_DLIEU, GDN_ID, KY_HIEU_CTIEU)
values ('48_01_CDKT13', '20', 'N', 6050, '131');

insert into RCV_MAP_CTIEU (LOAI_DLIEU, KY_HIEU, KIEU_DLIEU, GDN_ID, KY_HIEU_CTIEU)
values ('48_01_CDKT13', '200', 'N', 6112, null);

insert into RCV_MAP_CTIEU (LOAI_DLIEU, KY_HIEU, KIEU_DLIEU, GDN_ID, KY_HIEU_CTIEU)
values ('48_01_CDKT13', '201', 'N', 6112, null);

insert into RCV_MAP_CTIEU (LOAI_DLIEU, KY_HIEU, KIEU_DLIEU, GDN_ID, KY_HIEU_CTIEU)
values ('48_01_CDKT13', '202', 'C', 6113, null);

insert into RCV_MAP_CTIEU (LOAI_DLIEU, KY_HIEU, KIEU_DLIEU, GDN_ID, KY_HIEU_CTIEU)
values ('48_01_CDKT13', '203', 'N', 6113, null);

insert into RCV_MAP_CTIEU (LOAI_DLIEU, KY_HIEU, KIEU_DLIEU, GDN_ID, KY_HIEU_CTIEU)
values ('48_01_CDKT13', '204', 'N', 6113, null);

insert into RCV_MAP_CTIEU (LOAI_DLIEU, KY_HIEU, KIEU_DLIEU, GDN_ID, KY_HIEU_CTIEU)
values ('48_01_CDKT13', '205', 'C', 6114, null);

insert into RCV_MAP_CTIEU (LOAI_DLIEU, KY_HIEU, KIEU_DLIEU, GDN_ID, KY_HIEU_CTIEU)
values ('48_01_CDKT13', '206', 'N', 6114, null);

insert into RCV_MAP_CTIEU (LOAI_DLIEU, KY_HIEU, KIEU_DLIEU, GDN_ID, KY_HIEU_CTIEU)
values ('48_01_CDKT13', '207', 'N', 6114, null);

insert into RCV_MAP_CTIEU (LOAI_DLIEU, KY_HIEU, KIEU_DLIEU, GDN_ID, KY_HIEU_CTIEU)
values ('48_01_CDKT13', '21', 'N', 6050, '131');

insert into RCV_MAP_CTIEU (LOAI_DLIEU, KY_HIEU, KIEU_DLIEU, GDN_ID, KY_HIEU_CTIEU)
values ('48_01_CDKT13', '22', 'C', 6051, '132');

insert into RCV_MAP_CTIEU (LOAI_DLIEU, KY_HIEU, KIEU_DLIEU, GDN_ID, KY_HIEU_CTIEU)
values ('48_01_CDKT13', '23', 'N', 6051, '132');

insert into RCV_MAP_CTIEU (LOAI_DLIEU, KY_HIEU, KIEU_DLIEU, GDN_ID, KY_HIEU_CTIEU)
values ('48_01_CDKT13', '24', 'N', 6051, '132');

insert into RCV_MAP_CTIEU (LOAI_DLIEU, KY_HIEU, KIEU_DLIEU, GDN_ID, KY_HIEU_CTIEU)
values ('48_01_CDKT13', '25', 'C', 6052, '138');

insert into RCV_MAP_CTIEU (LOAI_DLIEU, KY_HIEU, KIEU_DLIEU, GDN_ID, KY_HIEU_CTIEU)
values ('48_01_CDKT13', '26', 'N', 6052, '138');

insert into RCV_MAP_CTIEU (LOAI_DLIEU, KY_HIEU, KIEU_DLIEU, GDN_ID, KY_HIEU_CTIEU)
values ('48_01_CDKT13', '27', 'N', 6052, '138');

insert into RCV_MAP_CTIEU (LOAI_DLIEU, KY_HIEU, KIEU_DLIEU, GDN_ID, KY_HIEU_CTIEU)
values ('48_01_CDKT13', '28', 'C', 6053, '139');

insert into RCV_MAP_CTIEU (LOAI_DLIEU, KY_HIEU, KIEU_DLIEU, GDN_ID, KY_HIEU_CTIEU)
values ('48_01_CDKT13', '29', 'N', 6053, '139');

insert into RCV_MAP_CTIEU (LOAI_DLIEU, KY_HIEU, KIEU_DLIEU, GDN_ID, KY_HIEU_CTIEU)
values ('48_01_CDKT13', '3', 'N', 6044, '100');

insert into RCV_MAP_CTIEU (LOAI_DLIEU, KY_HIEU, KIEU_DLIEU, GDN_ID, KY_HIEU_CTIEU)
values ('48_01_CDKT13', '30', 'N', 6053, '139');

insert into RCV_MAP_CTIEU (LOAI_DLIEU, KY_HIEU, KIEU_DLIEU, GDN_ID, KY_HIEU_CTIEU)
values ('48_01_CDKT13', '31', 'C', 6054, '140');

insert into RCV_MAP_CTIEU (LOAI_DLIEU, KY_HIEU, KIEU_DLIEU, GDN_ID, KY_HIEU_CTIEU)
values ('48_01_CDKT13', '32', 'N', 6054, '140');

insert into RCV_MAP_CTIEU (LOAI_DLIEU, KY_HIEU, KIEU_DLIEU, GDN_ID, KY_HIEU_CTIEU)
values ('48_01_CDKT13', '33', 'N', 6054, '140');

insert into RCV_MAP_CTIEU (LOAI_DLIEU, KY_HIEU, KIEU_DLIEU, GDN_ID, KY_HIEU_CTIEU)
values ('48_01_CDKT13', '34', 'C', 6055, '141');

insert into RCV_MAP_CTIEU (LOAI_DLIEU, KY_HIEU, KIEU_DLIEU, GDN_ID, KY_HIEU_CTIEU)
values ('48_01_CDKT13', '35', 'N', 6055, '141');

insert into RCV_MAP_CTIEU (LOAI_DLIEU, KY_HIEU, KIEU_DLIEU, GDN_ID, KY_HIEU_CTIEU)
values ('48_01_CDKT13', '36', 'N', 6055, '141');

insert into RCV_MAP_CTIEU (LOAI_DLIEU, KY_HIEU, KIEU_DLIEU, GDN_ID, KY_HIEU_CTIEU)
values ('48_01_CDKT13', '37', 'C', 6056, '149');

insert into RCV_MAP_CTIEU (LOAI_DLIEU, KY_HIEU, KIEU_DLIEU, GDN_ID, KY_HIEU_CTIEU)
values ('48_01_CDKT13', '38', 'N', 6056, '149');

insert into RCV_MAP_CTIEU (LOAI_DLIEU, KY_HIEU, KIEU_DLIEU, GDN_ID, KY_HIEU_CTIEU)
values ('48_01_CDKT13', '39', 'N', 6056, '149');

insert into RCV_MAP_CTIEU (LOAI_DLIEU, KY_HIEU, KIEU_DLIEU, GDN_ID, KY_HIEU_CTIEU)
values ('48_01_CDKT13', '4', 'C', 6045, '110');

insert into RCV_MAP_CTIEU (LOAI_DLIEU, KY_HIEU, KIEU_DLIEU, GDN_ID, KY_HIEU_CTIEU)
values ('48_01_CDKT13', '40', 'C', 6057, '150');

insert into RCV_MAP_CTIEU (LOAI_DLIEU, KY_HIEU, KIEU_DLIEU, GDN_ID, KY_HIEU_CTIEU)
values ('48_01_CDKT13', '41', 'N', 6057, '150');

insert into RCV_MAP_CTIEU (LOAI_DLIEU, KY_HIEU, KIEU_DLIEU, GDN_ID, KY_HIEU_CTIEU)
values ('48_01_CDKT13', '42', 'N', 6057, '150');

insert into RCV_MAP_CTIEU (LOAI_DLIEU, KY_HIEU, KIEU_DLIEU, GDN_ID, KY_HIEU_CTIEU)
values ('48_01_CDKT13', '43', 'C', 6058, '151');

insert into RCV_MAP_CTIEU (LOAI_DLIEU, KY_HIEU, KIEU_DLIEU, GDN_ID, KY_HIEU_CTIEU)
values ('48_01_CDKT13', '44', 'N', 6058, '151');

insert into RCV_MAP_CTIEU (LOAI_DLIEU, KY_HIEU, KIEU_DLIEU, GDN_ID, KY_HIEU_CTIEU)
values ('48_01_CDKT13', '45', 'N', 6058, '151');

insert into RCV_MAP_CTIEU (LOAI_DLIEU, KY_HIEU, KIEU_DLIEU, GDN_ID, KY_HIEU_CTIEU)
values ('48_01_CDKT13', '46', 'C', 6059, '152');

insert into RCV_MAP_CTIEU (LOAI_DLIEU, KY_HIEU, KIEU_DLIEU, GDN_ID, KY_HIEU_CTIEU)
values ('48_01_CDKT13', '47', 'N', 6059, '152');

insert into RCV_MAP_CTIEU (LOAI_DLIEU, KY_HIEU, KIEU_DLIEU, GDN_ID, KY_HIEU_CTIEU)
values ('48_01_CDKT13', '48', 'N', 6059, '152');

insert into RCV_MAP_CTIEU (LOAI_DLIEU, KY_HIEU, KIEU_DLIEU, GDN_ID, KY_HIEU_CTIEU)
values ('48_01_CDKT13', '49', 'C', 6060, null);

insert into RCV_MAP_CTIEU (LOAI_DLIEU, KY_HIEU, KIEU_DLIEU, GDN_ID, KY_HIEU_CTIEU)
values ('48_01_CDKT13', '5', 'N', 6045, '110');

insert into RCV_MAP_CTIEU (LOAI_DLIEU, KY_HIEU, KIEU_DLIEU, GDN_ID, KY_HIEU_CTIEU)
values ('48_01_CDKT13', '50', 'N', 6060, null);

insert into RCV_MAP_CTIEU (LOAI_DLIEU, KY_HIEU, KIEU_DLIEU, GDN_ID, KY_HIEU_CTIEU)
values ('48_01_CDKT13', '51', 'N', 6060, null);

insert into RCV_MAP_CTIEU (LOAI_DLIEU, KY_HIEU, KIEU_DLIEU, GDN_ID, KY_HIEU_CTIEU)
values ('48_01_CDKT13', '52', 'C', 6061, '158');

insert into RCV_MAP_CTIEU (LOAI_DLIEU, KY_HIEU, KIEU_DLIEU, GDN_ID, KY_HIEU_CTIEU)
values ('48_01_CDKT13', '53', 'N', 6061, '158');

insert into RCV_MAP_CTIEU (LOAI_DLIEU, KY_HIEU, KIEU_DLIEU, GDN_ID, KY_HIEU_CTIEU)
values ('48_01_CDKT13', '54', 'N', 6061, '158');

insert into RCV_MAP_CTIEU (LOAI_DLIEU, KY_HIEU, KIEU_DLIEU, GDN_ID, KY_HIEU_CTIEU)
values ('48_01_CDKT13', '55', 'C', 6062, '200');

insert into RCV_MAP_CTIEU (LOAI_DLIEU, KY_HIEU, KIEU_DLIEU, GDN_ID, KY_HIEU_CTIEU)
values ('48_01_CDKT13', '56', 'N', 6062, '200');

insert into RCV_MAP_CTIEU (LOAI_DLIEU, KY_HIEU, KIEU_DLIEU, GDN_ID, KY_HIEU_CTIEU)
values ('48_01_CDKT13', '57', 'N', 6062, '200');

insert into RCV_MAP_CTIEU (LOAI_DLIEU, KY_HIEU, KIEU_DLIEU, GDN_ID, KY_HIEU_CTIEU)
values ('48_01_CDKT13', '58', 'C', 6063, '210');

insert into RCV_MAP_CTIEU (LOAI_DLIEU, KY_HIEU, KIEU_DLIEU, GDN_ID, KY_HIEU_CTIEU)
values ('48_01_CDKT13', '59', 'N', 6063, '210');

insert into RCV_MAP_CTIEU (LOAI_DLIEU, KY_HIEU, KIEU_DLIEU, GDN_ID, KY_HIEU_CTIEU)
values ('48_01_CDKT13', '6', 'N', 6045, '110');

insert into RCV_MAP_CTIEU (LOAI_DLIEU, KY_HIEU, KIEU_DLIEU, GDN_ID, KY_HIEU_CTIEU)
values ('48_01_CDKT13', '60', 'N', 6063, '210');

insert into RCV_MAP_CTIEU (LOAI_DLIEU, KY_HIEU, KIEU_DLIEU, GDN_ID, KY_HIEU_CTIEU)
values ('48_01_CDKT13', '61', 'C', 6064, '211');

insert into RCV_MAP_CTIEU (LOAI_DLIEU, KY_HIEU, KIEU_DLIEU, GDN_ID, KY_HIEU_CTIEU)
values ('48_01_CDKT13', '62', 'N', 6064, '211');

insert into RCV_MAP_CTIEU (LOAI_DLIEU, KY_HIEU, KIEU_DLIEU, GDN_ID, KY_HIEU_CTIEU)
values ('48_01_CDKT13', '63', 'N', 6064, '211');

insert into RCV_MAP_CTIEU (LOAI_DLIEU, KY_HIEU, KIEU_DLIEU, GDN_ID, KY_HIEU_CTIEU)
values ('48_01_CDKT13', '64', 'C', 6065, '212');

insert into RCV_MAP_CTIEU (LOAI_DLIEU, KY_HIEU, KIEU_DLIEU, GDN_ID, KY_HIEU_CTIEU)
values ('48_01_CDKT13', '65', 'N', 6065, '212');

insert into RCV_MAP_CTIEU (LOAI_DLIEU, KY_HIEU, KIEU_DLIEU, GDN_ID, KY_HIEU_CTIEU)
values ('48_01_CDKT13', '66', 'N', 6065, '212');

insert into RCV_MAP_CTIEU (LOAI_DLIEU, KY_HIEU, KIEU_DLIEU, GDN_ID, KY_HIEU_CTIEU)
values ('48_01_CDKT13', '67', 'C', 6066, '213');

insert into RCV_MAP_CTIEU (LOAI_DLIEU, KY_HIEU, KIEU_DLIEU, GDN_ID, KY_HIEU_CTIEU)
values ('48_01_CDKT13', '68', 'N', 6066, '213');

insert into RCV_MAP_CTIEU (LOAI_DLIEU, KY_HIEU, KIEU_DLIEU, GDN_ID, KY_HIEU_CTIEU)
values ('48_01_CDKT13', '69', 'N', 6066, '213');

insert into RCV_MAP_CTIEU (LOAI_DLIEU, KY_HIEU, KIEU_DLIEU, GDN_ID, KY_HIEU_CTIEU)
values ('48_01_CDKT13', '7', 'C', 6046, '120');

insert into RCV_MAP_CTIEU (LOAI_DLIEU, KY_HIEU, KIEU_DLIEU, GDN_ID, KY_HIEU_CTIEU)
values ('48_01_CDKT13', '70', 'C', 6067, '220');

insert into RCV_MAP_CTIEU (LOAI_DLIEU, KY_HIEU, KIEU_DLIEU, GDN_ID, KY_HIEU_CTIEU)
values ('48_01_CDKT13', '71', 'N', 6067, '220');

insert into RCV_MAP_CTIEU (LOAI_DLIEU, KY_HIEU, KIEU_DLIEU, GDN_ID, KY_HIEU_CTIEU)
values ('48_01_CDKT13', '72', 'N', 6067, '220');

insert into RCV_MAP_CTIEU (LOAI_DLIEU, KY_HIEU, KIEU_DLIEU, GDN_ID, KY_HIEU_CTIEU)
values ('48_01_CDKT13', '73', 'C', 6068, '221');

insert into RCV_MAP_CTIEU (LOAI_DLIEU, KY_HIEU, KIEU_DLIEU, GDN_ID, KY_HIEU_CTIEU)
values ('48_01_CDKT13', '74', 'N', 6068, '221');

insert into RCV_MAP_CTIEU (LOAI_DLIEU, KY_HIEU, KIEU_DLIEU, GDN_ID, KY_HIEU_CTIEU)
values ('48_01_CDKT13', '75', 'N', 6068, '221');

insert into RCV_MAP_CTIEU (LOAI_DLIEU, KY_HIEU, KIEU_DLIEU, GDN_ID, KY_HIEU_CTIEU)
values ('48_01_CDKT13', '76', 'C', 6069, '222');

insert into RCV_MAP_CTIEU (LOAI_DLIEU, KY_HIEU, KIEU_DLIEU, GDN_ID, KY_HIEU_CTIEU)
values ('48_01_CDKT13', '77', 'N', 6069, '222');

insert into RCV_MAP_CTIEU (LOAI_DLIEU, KY_HIEU, KIEU_DLIEU, GDN_ID, KY_HIEU_CTIEU)
values ('48_01_CDKT13', '78', 'N', 6069, '222');

insert into RCV_MAP_CTIEU (LOAI_DLIEU, KY_HIEU, KIEU_DLIEU, GDN_ID, KY_HIEU_CTIEU)
values ('48_01_CDKT13', '79', 'C', 6070, '230');

insert into RCV_MAP_CTIEU (LOAI_DLIEU, KY_HIEU, KIEU_DLIEU, GDN_ID, KY_HIEU_CTIEU)
values ('48_01_CDKT13', '8', 'N', 6046, '120');

insert into RCV_MAP_CTIEU (LOAI_DLIEU, KY_HIEU, KIEU_DLIEU, GDN_ID, KY_HIEU_CTIEU)
values ('48_01_CDKT13', '80', 'N', 6070, '230');

insert into RCV_MAP_CTIEU (LOAI_DLIEU, KY_HIEU, KIEU_DLIEU, GDN_ID, KY_HIEU_CTIEU)
values ('48_01_CDKT13', '81', 'N', 6070, '230');

insert into RCV_MAP_CTIEU (LOAI_DLIEU, KY_HIEU, KIEU_DLIEU, GDN_ID, KY_HIEU_CTIEU)
values ('48_01_CDKT13', '82', 'C', 6071, '231');

insert into RCV_MAP_CTIEU (LOAI_DLIEU, KY_HIEU, KIEU_DLIEU, GDN_ID, KY_HIEU_CTIEU)
values ('48_01_CDKT13', '83', 'N', 6071, '231');

insert into RCV_MAP_CTIEU (LOAI_DLIEU, KY_HIEU, KIEU_DLIEU, GDN_ID, KY_HIEU_CTIEU)
values ('48_01_CDKT13', '84', 'N', 6071, '231');

insert into RCV_MAP_CTIEU (LOAI_DLIEU, KY_HIEU, KIEU_DLIEU, GDN_ID, KY_HIEU_CTIEU)
values ('48_01_CDKT13', '85', 'C', 6072, '239');

insert into RCV_MAP_CTIEU (LOAI_DLIEU, KY_HIEU, KIEU_DLIEU, GDN_ID, KY_HIEU_CTIEU)
values ('48_01_CDKT13', '86', 'N', 6072, '239');

insert into RCV_MAP_CTIEU (LOAI_DLIEU, KY_HIEU, KIEU_DLIEU, GDN_ID, KY_HIEU_CTIEU)
values ('48_01_CDKT13', '87', 'N', 6072, '239');

insert into RCV_MAP_CTIEU (LOAI_DLIEU, KY_HIEU, KIEU_DLIEU, GDN_ID, KY_HIEU_CTIEU)
values ('48_01_CDKT13', '88', 'C', 6073, '240');

insert into RCV_MAP_CTIEU (LOAI_DLIEU, KY_HIEU, KIEU_DLIEU, GDN_ID, KY_HIEU_CTIEU)
values ('48_01_CDKT13', '89', 'N', 6073, '240');

insert into RCV_MAP_CTIEU (LOAI_DLIEU, KY_HIEU, KIEU_DLIEU, GDN_ID, KY_HIEU_CTIEU)
values ('48_01_CDKT13', '9', 'N', 6046, '120');

insert into RCV_MAP_CTIEU (LOAI_DLIEU, KY_HIEU, KIEU_DLIEU, GDN_ID, KY_HIEU_CTIEU)
values ('48_01_CDKT13', '90', 'N', 6073, '240');

insert into RCV_MAP_CTIEU (LOAI_DLIEU, KY_HIEU, KIEU_DLIEU, GDN_ID, KY_HIEU_CTIEU)
values ('48_01_CDKT13', '91', 'C', 6074, '241');

insert into RCV_MAP_CTIEU (LOAI_DLIEU, KY_HIEU, KIEU_DLIEU, GDN_ID, KY_HIEU_CTIEU)
values ('48_01_CDKT13', '92', 'N', 6074, '241');

insert into RCV_MAP_CTIEU (LOAI_DLIEU, KY_HIEU, KIEU_DLIEU, GDN_ID, KY_HIEU_CTIEU)
values ('48_01_CDKT13', '93', 'N', 6074, '241');

insert into RCV_MAP_CTIEU (LOAI_DLIEU, KY_HIEU, KIEU_DLIEU, GDN_ID, KY_HIEU_CTIEU)
values ('48_01_CDKT13', '94', 'C', 6075, '248');

insert into RCV_MAP_CTIEU (LOAI_DLIEU, KY_HIEU, KIEU_DLIEU, GDN_ID, KY_HIEU_CTIEU)
values ('48_01_CDKT13', '95', 'N', 6075, '248');

insert into RCV_MAP_CTIEU (LOAI_DLIEU, KY_HIEU, KIEU_DLIEU, GDN_ID, KY_HIEU_CTIEU)
values ('48_01_CDKT13', '96', 'N', 6075, '248');

insert into RCV_MAP_CTIEU (LOAI_DLIEU, KY_HIEU, KIEU_DLIEU, GDN_ID, KY_HIEU_CTIEU)
values ('48_01_CDKT13', '97', 'C', 6076, '249');

insert into RCV_MAP_CTIEU (LOAI_DLIEU, KY_HIEU, KIEU_DLIEU, GDN_ID, KY_HIEU_CTIEU)
values ('48_01_CDKT13', '98', 'N', 6076, '249');

insert into RCV_MAP_CTIEU (LOAI_DLIEU, KY_HIEU, KIEU_DLIEU, GDN_ID, KY_HIEU_CTIEU)
values ('48_01_CDKT13', '99', 'N', 6076, '249');
	
-------------------------
--PL 48: 01-4: CDTK13----
-------------------------
insert into RCV_DM_TKHAI (MA, TEN, KIEU_KY, PHIEN_BAN, START_DATE, END_DATE)
values ('48_05_CDTK13', 'B࠮g c࠮ ߿i kߠto࠮ theo Qߴ8/BTC', 'Y', '320', to_date('14-09-2006', 'dd-mm-yyyy'), null);

	--RCV_GDIEN_TKHAI
insert into RCV_GDIEN_TKHAI (ID, TEN_CTIEU, COT_01, COT_02, COT_03, COT_04, COT_05, COT_06, COT_07, COT_08, COT_09, COT_10, COT_11, SO_TT, LOAI_DLIEU, MA_CTIEU, COT_12, COT_13, COT_14, COT_15, COT_16, COT_17, COT_18, COT_19, COT_20, COT_21, COT_22)
values (6115, ' Ti¿n m¿t', '1', '2', '3', '4', '5', '6', null, null, null, null, null, 1, '48_05_CDTK13', null, null, null, null, null, null, null, null, null, null, null, null);

insert into RCV_GDIEN_TKHAI (ID, TEN_CTIEU, COT_01, COT_02, COT_03, COT_04, COT_05, COT_06, COT_07, COT_08, COT_09, COT_10, COT_11, SO_TT, LOAI_DLIEU, MA_CTIEU, COT_12, COT_13, COT_14, COT_15, COT_16, COT_17, COT_18, COT_19, COT_20, COT_21, COT_22)
values (6116, ' Ti¿n Vi¿t Nam', '7', '8', '9', '10', '11', '12', null, null, null, null, null, 2, '48_05_CDTK13', null, null, null, null, null, null, null, null, null, null, null, null);

insert into RCV_GDIEN_TKHAI (ID, TEN_CTIEU, COT_01, COT_02, COT_03, COT_04, COT_05, COT_06, COT_07, COT_08, COT_09, COT_10, COT_11, SO_TT, LOAI_DLIEU, MA_CTIEU, COT_12, COT_13, COT_14, COT_15, COT_16, COT_17, COT_18, COT_19, COT_20, COT_21, COT_22)
values (6117, ' Ngo¿i t¿', '13', '14', '15', '16', '17', '18', null, null, null, null, null, 3, '48_05_CDTK13', null, null, null, null, null, null, null, null, null, null, null, null);

insert into RCV_GDIEN_TKHAI (ID, TEN_CTIEU, COT_01, COT_02, COT_03, COT_04, COT_05, COT_06, COT_07, COT_08, COT_09, COT_10, COT_11, SO_TT, LOAI_DLIEU, MA_CTIEU, COT_12, COT_13, COT_14, COT_15, COT_16, COT_17, COT_18, COT_19, COT_20, COT_21, COT_22)
values (6118, ' V¿ng, b¿c, kim kh¿ qu¿, ¿¿ qu¿', '19', '20', '21', '22', '23', '24', null, null, null, null, null, 4, '48_05_CDTK13', null, null, null, null, null, null, null, null, null, null, null, null);

insert into RCV_GDIEN_TKHAI (ID, TEN_CTIEU, COT_01, COT_02, COT_03, COT_04, COT_05, COT_06, COT_07, COT_08, COT_09, COT_10, COT_11, SO_TT, LOAI_DLIEU, MA_CTIEU, COT_12, COT_13, COT_14, COT_15, COT_16, COT_17, COT_18, COT_19, COT_20, COT_21, COT_22)
values (6120, 'Ti¿n Vi¿t Nam', '31', '32', '33', '34', '35', '36', null, null, null, null, null, 6, '48_05_CDTK13', null, null, null, null, null, null, null, null, null, null, null, null);

insert into RCV_GDIEN_TKHAI (ID, TEN_CTIEU, COT_01, COT_02, COT_03, COT_04, COT_05, COT_06, COT_07, COT_08, COT_09, COT_10, COT_11, SO_TT, LOAI_DLIEU, MA_CTIEU, COT_12, COT_13, COT_14, COT_15, COT_16, COT_17, COT_18, COT_19, COT_20, COT_21, COT_22)
values (6121, 'Ngo¿i t¿', '37', '38', '39', '40', '41', '42', null, null, null, null, null, 7, '48_05_CDTK13', null, null, null, null, null, null, null, null, null, null, null, null);

insert into RCV_GDIEN_TKHAI (ID, TEN_CTIEU, COT_01, COT_02, COT_03, COT_04, COT_05, COT_06, COT_07, COT_08, COT_09, COT_10, COT_11, SO_TT, LOAI_DLIEU, MA_CTIEU, COT_12, COT_13, COT_14, COT_15, COT_16, COT_17, COT_18, COT_19, COT_20, COT_21, COT_22)
values (6122, 'V¿ng, b¿c, kim kh¿ qu¿, ¿¿ qu¿', '43', '44', '45', '46', '47', '48', null, null, null, null, null, 8, '48_05_CDTK13', null, null, null, null, null, null, null, null, null, null, null, null);

insert into RCV_GDIEN_TKHAI (ID, TEN_CTIEU, COT_01, COT_02, COT_03, COT_04, COT_05, COT_06, COT_07, COT_08, COT_09, COT_10, COT_11, SO_TT, LOAI_DLIEU, MA_CTIEU, COT_12, COT_13, COT_14, COT_15, COT_16, COT_17, COT_18, COT_19, COT_20, COT_21, COT_22)
values (6123, '¿¿u t¿ t¿i ch¿nh ng¿n h¿n ', '49', '50', '51', '52', '53', '54', null, null, null, null, null, 9, '48_05_CDTK13', null, null, null, null, null, null, null, null, null, null, null, null);

insert into RCV_GDIEN_TKHAI (ID, TEN_CTIEU, COT_01, COT_02, COT_03, COT_04, COT_05, COT_06, COT_07, COT_08, COT_09, COT_10, COT_11, SO_TT, LOAI_DLIEU, MA_CTIEU, COT_12, COT_13, COT_14, COT_15, COT_16, COT_17, COT_18, COT_19, COT_20, COT_21, COT_22)
values (6125, 'Thu¿ GTGT ¿¿¿c kh¿u tr¿', '61', '62', '63', '64', '65', '66', null, null, null, null, null, 11, '48_05_CDTK13', null, null, null, null, null, null, null, null, null, null, null, null);

insert into RCV_GDIEN_TKHAI (ID, TEN_CTIEU, COT_01, COT_02, COT_03, COT_04, COT_05, COT_06, COT_07, COT_08, COT_09, COT_10, COT_11, SO_TT, LOAI_DLIEU, MA_CTIEU, COT_12, COT_13, COT_14, COT_15, COT_16, COT_17, COT_18, COT_19, COT_20, COT_21, COT_22)
values (6126, 'Thu¿ GTGT ¿¿¿c kh¿u tr¿ c¿a h¿ng ho¿, d¿ch v¿', '67', '68', '69', '70', '71', '72', null, null, null, null, null, 12, '48_05_CDTK13', null, null, null, null, null, null, null, null, null, null, null, null);

insert into RCV_GDIEN_TKHAI (ID, TEN_CTIEU, COT_01, COT_02, COT_03, COT_04, COT_05, COT_06, COT_07, COT_08, COT_09, COT_10, COT_11, SO_TT, LOAI_DLIEU, MA_CTIEU, COT_12, COT_13, COT_14, COT_15, COT_16, COT_17, COT_18, COT_19, COT_20, COT_21, COT_22)
values (6127, 'Thu¿ GTGT ¿¿¿c kh¿u tr¿ c¿a TSC¿', '73', '74', '75', '76', '77', '78', null, null, null, null, null, 13, '48_05_CDTK13', null, null, null, null, null, null, null, null, null, null, null, null);

insert into RCV_GDIEN_TKHAI (ID, TEN_CTIEU, COT_01, COT_02, COT_03, COT_04, COT_05, COT_06, COT_07, COT_08, COT_09, COT_10, COT_11, SO_TT, LOAI_DLIEU, MA_CTIEU, COT_12, COT_13, COT_14, COT_15, COT_16, COT_17, COT_18, COT_19, COT_20, COT_21, COT_22)
values (6128, 'Ph¿i thu kh¿c', '79', '80', '81', '82', '83', '84', null, null, null, null, null, 14, '48_05_CDTK13', null, null, null, null, null, null, null, null, null, null, null, null);

insert into RCV_GDIEN_TKHAI (ID, TEN_CTIEU, COT_01, COT_02, COT_03, COT_04, COT_05, COT_06, COT_07, COT_08, COT_09, COT_10, COT_11, SO_TT, LOAI_DLIEU, MA_CTIEU, COT_12, COT_13, COT_14, COT_15, COT_16, COT_17, COT_18, COT_19, COT_20, COT_21, COT_22)
values (6130, 'Ph¿i thu kh¿c', '91', '92', '93', '94', '95', '96', null, null, null, null, null, 16, '48_05_CDTK13', null, null, null, null, null, null, null, null, null, null, null, null);

insert into RCV_GDIEN_TKHAI (ID, TEN_CTIEU, COT_01, COT_02, COT_03, COT_04, COT_05, COT_06, COT_07, COT_08, COT_09, COT_10, COT_11, SO_TT, LOAI_DLIEU, MA_CTIEU, COT_12, COT_13, COT_14, COT_15, COT_16, COT_17, COT_18, COT_19, COT_20, COT_21, COT_22)
values (6131, 'T¿m ¿ng', '97', '98', '99', '100', '101', '102', null, null, null, null, null, 17, '48_05_CDTK13', null, null, null, null, null, null, null, null, null, null, null, null);

insert into RCV_GDIEN_TKHAI (ID, TEN_CTIEU, COT_01, COT_02, COT_03, COT_04, COT_05, COT_06, COT_07, COT_08, COT_09, COT_10, COT_11, SO_TT, LOAI_DLIEU, MA_CTIEU, COT_12, COT_13, COT_14, COT_15, COT_16, COT_17, COT_18, COT_19, COT_20, COT_21, COT_22)
values (6132, 'Chi ph¿ tr¿ tr¿¿c ng¿n h¿n', '103', '104', '105', '106', '107', '108', null, null, null, null, null, 18, '48_05_CDTK13', null, null, null, null, null, null, null, null, null, null, null, null);

insert into RCV_GDIEN_TKHAI (ID, TEN_CTIEU, COT_01, COT_02, COT_03, COT_04, COT_05, COT_06, COT_07, COT_08, COT_09, COT_10, COT_11, SO_TT, LOAI_DLIEU, MA_CTIEU, COT_12, COT_13, COT_14, COT_15, COT_16, COT_17, COT_18, COT_19, COT_20, COT_21, COT_22)
values (6134, 'C¿ng c¿, d¿ng c¿', '115', '116', '117', '118', '119', '120', null, null, null, null, null, 20, '48_05_CDTK13', null, null, null, null, null, null, null, null, null, null, null, null);

insert into RCV_GDIEN_TKHAI (ID, TEN_CTIEU, COT_01, COT_02, COT_03, COT_04, COT_05, COT_06, COT_07, COT_08, COT_09, COT_10, COT_11, SO_TT, LOAI_DLIEU, MA_CTIEU, COT_12, COT_13, COT_14, COT_15, COT_16, COT_17, COT_18, COT_19, COT_20, COT_21, COT_22)
values (6136, 'Th¿nh ph¿m', '127', '128', '129', '130', '131', '132', null, null, null, null, null, 22, '48_05_CDTK13', null, null, null, null, null, null, null, null, null, null, null, null);

insert into RCV_GDIEN_TKHAI (ID, TEN_CTIEU, COT_01, COT_02, COT_03, COT_04, COT_05, COT_06, COT_07, COT_08, COT_09, COT_10, COT_11, SO_TT, LOAI_DLIEU, MA_CTIEU, COT_12, COT_13, COT_14, COT_15, COT_16, COT_17, COT_18, COT_19, COT_20, COT_21, COT_22)
values (6139, 'C¿c kho¿n d¿ ph¿ng ', '145', '146', '147', '148', '149', '150', null, null, null, null, null, 25, '48_05_CDTK13', null, null, null, null, null, null, null, null, null, null, null, null);

insert into RCV_GDIEN_TKHAI (ID, TEN_CTIEU, COT_01, COT_02, COT_03, COT_04, COT_05, COT_06, COT_07, COT_08, COT_09, COT_10, COT_11, SO_TT, LOAI_DLIEU, MA_CTIEU, COT_12, COT_13, COT_14, COT_15, COT_16, COT_17, COT_18, COT_19, COT_20, COT_21, COT_22)
values (6141, 'D¿ ph¿ng ph¿i thu kh¿ ¿¿i', '157', '158', '159', '160', '161', '162', null, null, null, null, null, 27, '48_05_CDTK13', null, null, null, null, null, null, null, null, null, null, null, null);

insert into RCV_GDIEN_TKHAI (ID, TEN_CTIEU, COT_01, COT_02, COT_03, COT_04, COT_05, COT_06, COT_07, COT_08, COT_09, COT_10, COT_11, SO_TT, LOAI_DLIEU, MA_CTIEU, COT_12, COT_13, COT_14, COT_15, COT_16, COT_17, COT_18, COT_19, COT_20, COT_21, COT_22)
values (6145, 'TSC¿ h¿u h¿nh', '181', '182', '183', '184', '185', '186', null, null, null, null, null, 31, '48_05_CDTK13', null, null, null, null, null, null, null, null, null, null, null, null);

insert into RCV_GDIEN_TKHAI (ID, TEN_CTIEU, COT_01, COT_02, COT_03, COT_04, COT_05, COT_06, COT_07, COT_08, COT_09, COT_10, COT_11, SO_TT, LOAI_DLIEU, MA_CTIEU, COT_12, COT_13, COT_14, COT_15, COT_16, COT_17, COT_18, COT_19, COT_20, COT_21, COT_22)
values (6147, 'TSC¿ v¿ h¿nh', '193', '194', '195', '196', '197', '198', null, null, null, null, null, 33, '48_05_CDTK13', null, null, null, null, null, null, null, null, null, null, null, null);

insert into RCV_GDIEN_TKHAI (ID, TEN_CTIEU, COT_01, COT_02, COT_03, COT_04, COT_05, COT_06, COT_07, COT_08, COT_09, COT_10, COT_11, SO_TT, LOAI_DLIEU, MA_CTIEU, COT_12, COT_13, COT_14, COT_15, COT_16, COT_17, COT_18, COT_19, COT_20, COT_21, COT_22)
values (6148, 'Hao m¿n TSC¿', '199', '200', '201', '202', '203', '204', null, null, null, null, null, 34, '48_05_CDTK13', null, null, null, null, null, null, null, null, null, null, null, null);

insert into RCV_GDIEN_TKHAI (ID, TEN_CTIEU, COT_01, COT_02, COT_03, COT_04, COT_05, COT_06, COT_07, COT_08, COT_09, COT_10, COT_11, SO_TT, LOAI_DLIEU, MA_CTIEU, COT_12, COT_13, COT_14, COT_15, COT_16, COT_17, COT_18, COT_19, COT_20, COT_21, COT_22)
values (6150, 'Hao m¿n TSC¿ thu¿ t¿i ch¿nh', '211', '212', '213', '214', '215', '216', null, null, null, null, null, 36, '48_05_CDTK13', null, null, null, null, null, null, null, null, null, null, null, null);

insert into RCV_GDIEN_TKHAI (ID, TEN_CTIEU, COT_01, COT_02, COT_03, COT_04, COT_05, COT_06, COT_07, COT_08, COT_09, COT_10, COT_11, SO_TT, LOAI_DLIEU, MA_CTIEU, COT_12, COT_13, COT_14, COT_15, COT_16, COT_17, COT_18, COT_19, COT_20, COT_21, COT_22)
values (6154, '¿¿u t¿ t¿i ch¿nh d¿i h¿n ', '235', '236', '237', '238', '239', '240', null, null, null, null, null, 40, '48_05_CDTK13', null, null, null, null, null, null, null, null, null, null, null, null);

insert into RCV_GDIEN_TKHAI (ID, TEN_CTIEU, COT_01, COT_02, COT_03, COT_04, COT_05, COT_06, COT_07, COT_08, COT_09, COT_10, COT_11, SO_TT, LOAI_DLIEU, MA_CTIEU, COT_12, COT_13, COT_14, COT_15, COT_16, COT_17, COT_18, COT_19, COT_20, COT_21, COT_22)
values (6156, '¿¿u t¿ v¿o c¿ng ty li¿n k¿t', '247', '248', '249', '250', '251', '252', null, null, null, null, null, 42, '48_05_CDTK13', null, null, null, null, null, null, null, null, null, null, null, null);

insert into RCV_GDIEN_TKHAI (ID, TEN_CTIEU, COT_01, COT_02, COT_03, COT_04, COT_05, COT_06, COT_07, COT_08, COT_09, COT_10, COT_11, SO_TT, LOAI_DLIEU, MA_CTIEU, COT_12, COT_13, COT_14, COT_15, COT_16, COT_17, COT_18, COT_19, COT_20, COT_21, COT_22)
values (6157, '¿¿u t¿ t¿i ch¿nh d¿i h¿n kh¿c', '253', '254', '255', '256', '257', '258', null, null, null, null, null, 43, '48_05_CDTK13', null, null, null, null, null, null, null, null, null, null, null, null);

insert into RCV_GDIEN_TKHAI (ID, TEN_CTIEU, COT_01, COT_02, COT_03, COT_04, COT_05, COT_06, COT_07, COT_08, COT_09, COT_10, COT_11, SO_TT, LOAI_DLIEU, MA_CTIEU, COT_12, COT_13, COT_14, COT_15, COT_16, COT_17, COT_18, COT_19, COT_20, COT_21, COT_22)
values (6159, 'X¿y d¿ng c¿ b¿n d¿ dang ', '265', '266', '267', '268', '269', '270', null, null, null, null, null, 45, '48_05_CDTK13', null, null, null, null, null, null, null, null, null, null, null, null);

insert into RCV_GDIEN_TKHAI (ID, TEN_CTIEU, COT_01, COT_02, COT_03, COT_04, COT_05, COT_06, COT_07, COT_08, COT_09, COT_10, COT_11, SO_TT, LOAI_DLIEU, MA_CTIEU, COT_12, COT_13, COT_14, COT_15, COT_16, COT_17, COT_18, COT_19, COT_20, COT_21, COT_22)
values (6160, 'Mua s¿m TSC¿', '271', '272', '273', '274', '275', '276', null, null, null, null, null, 46, '48_05_CDTK13', null, null, null, null, null, null, null, null, null, null, null, null);

insert into RCV_GDIEN_TKHAI (ID, TEN_CTIEU, COT_01, COT_02, COT_03, COT_04, COT_05, COT_06, COT_07, COT_08, COT_09, COT_10, COT_11, SO_TT, LOAI_DLIEU, MA_CTIEU, COT_12, COT_13, COT_14, COT_15, COT_16, COT_17, COT_18, COT_19, COT_20, COT_21, COT_22)
values (6161, 'X¿y d¿ng c¿ b¿n d¿ dang', '277', '278', '279', '280', '281', '282', null, null, null, null, null, 47, '48_05_CDTK13', null, null, null, null, null, null, null, null, null, null, null, null);

insert into RCV_GDIEN_TKHAI (ID, TEN_CTIEU, COT_01, COT_02, COT_03, COT_04, COT_05, COT_06, COT_07, COT_08, COT_09, COT_10, COT_11, SO_TT, LOAI_DLIEU, MA_CTIEU, COT_12, COT_13, COT_14, COT_15, COT_16, COT_17, COT_18, COT_19, COT_20, COT_21, COT_22)
values (6162, 'S¿a ch¿a l¿n TSC¿', '283', '284', '285', '286', '287', '288', null, null, null, null, null, 48, '48_05_CDTK13', null, null, null, null, null, null, null, null, null, null, null, null);

insert into RCV_GDIEN_TKHAI (ID, TEN_CTIEU, COT_01, COT_02, COT_03, COT_04, COT_05, COT_06, COT_07, COT_08, COT_09, COT_10, COT_11, SO_TT, LOAI_DLIEU, MA_CTIEU, COT_12, COT_13, COT_14, COT_15, COT_16, COT_17, COT_18, COT_19, COT_20, COT_21, COT_22)
values (6164, 'K¿ qu¿, k¿ c¿¿c d¿i h¿n', '295', '296', '297', '298', '299', '300', null, null, null, null, null, 50, '48_05_CDTK13', null, null, null, null, null, null, null, null, null, null, null, null);

insert into RCV_GDIEN_TKHAI (ID, TEN_CTIEU, COT_01, COT_02, COT_03, COT_04, COT_05, COT_06, COT_07, COT_08, COT_09, COT_10, COT_11, SO_TT, LOAI_DLIEU, MA_CTIEU, COT_12, COT_13, COT_14, COT_15, COT_16, COT_17, COT_18, COT_19, COT_20, COT_21, COT_22)
values (6165, 'Vay ng¿n h¿n', '301', '302', '303', '304', '305', '306', null, null, null, null, null, 51, '48_05_CDTK13', null, null, null, null, null, null, null, null, null, null, null, null);

insert into RCV_GDIEN_TKHAI (ID, TEN_CTIEU, COT_01, COT_02, COT_03, COT_04, COT_05, COT_06, COT_07, COT_08, COT_09, COT_10, COT_11, SO_TT, LOAI_DLIEU, MA_CTIEU, COT_12, COT_13, COT_14, COT_15, COT_16, COT_17, COT_18, COT_19, COT_20, COT_21, COT_22)
values (6166, 'N¿ d¿i h¿n ¿¿n h¿n tr¿', '307', '308', '309', '310', '311', '312', null, null, null, null, null, 52, '48_05_CDTK13', null, null, null, null, null, null, null, null, null, null, null, null);

insert into RCV_GDIEN_TKHAI (ID, TEN_CTIEU, COT_01, COT_02, COT_03, COT_04, COT_05, COT_06, COT_07, COT_08, COT_09, COT_10, COT_11, SO_TT, LOAI_DLIEU, MA_CTIEU, COT_12, COT_13, COT_14, COT_15, COT_16, COT_17, COT_18, COT_19, COT_20, COT_21, COT_22)
values (6168, 'Thu¿ v¿ c¿c kho¿n ph¿i n¿p Nh¿ n¿¿c', '319', '320', '321', '322', '323', '324', null, null, null, null, null, 54, '48_05_CDTK13', null, null, null, null, null, null, null, null, null, null, null, null);

insert into RCV_GDIEN_TKHAI (ID, TEN_CTIEU, COT_01, COT_02, COT_03, COT_04, COT_05, COT_06, COT_07, COT_08, COT_09, COT_10, COT_11, SO_TT, LOAI_DLIEU, MA_CTIEU, COT_12, COT_13, COT_14, COT_15, COT_16, COT_17, COT_18, COT_19, COT_20, COT_21, COT_22)
values (6169, 'Thu¿ gi¿ tr¿ gia t¿ng ph¿i n¿p', '325', '326', '327', '328', '329', '330', null, null, null, null, null, 55, '48_05_CDTK13', null, null, null, null, null, null, null, null, null, null, null, null);

insert into RCV_GDIEN_TKHAI (ID, TEN_CTIEU, COT_01, COT_02, COT_03, COT_04, COT_05, COT_06, COT_07, COT_08, COT_09, COT_10, COT_11, SO_TT, LOAI_DLIEU, MA_CTIEU, COT_12, COT_13, COT_14, COT_15, COT_16, COT_17, COT_18, COT_19, COT_20, COT_21, COT_22)
values (6171, 'Thu¿ GTGT h¿ng nh¿p kh¿u', '337', '338', '339', '340', '341', '342', null, null, null, null, null, 57, '48_05_CDTK13', null, null, null, null, null, null, null, null, null, null, null, null);

insert into RCV_GDIEN_TKHAI (ID, TEN_CTIEU, COT_01, COT_02, COT_03, COT_04, COT_05, COT_06, COT_07, COT_08, COT_09, COT_10, COT_11, SO_TT, LOAI_DLIEU, MA_CTIEU, COT_12, COT_13, COT_14, COT_15, COT_16, COT_17, COT_18, COT_19, COT_20, COT_21, COT_22)
values (6172, 'Thu¿ ti¿u th¿ ¿¿c bi¿t', '343', '344', '345', '346', '347', '348', null, null, null, null, null, 58, '48_05_CDTK13', null, null, null, null, null, null, null, null, null, null, null, null);

insert into RCV_GDIEN_TKHAI (ID, TEN_CTIEU, COT_01, COT_02, COT_03, COT_04, COT_05, COT_06, COT_07, COT_08, COT_09, COT_10, COT_11, SO_TT, LOAI_DLIEU, MA_CTIEU, COT_12, COT_13, COT_14, COT_15, COT_16, COT_17, COT_18, COT_19, COT_20, COT_21, COT_22)
values (6174, 'Thu¿ thu nh¿p doanh nghi¿p', '355', '356', '357', '358', '359', '360', null, null, null, null, null, 60, '48_05_CDTK13', null, null, null, null, null, null, null, null, null, null, null, null);

insert into RCV_GDIEN_TKHAI (ID, TEN_CTIEU, COT_01, COT_02, COT_03, COT_04, COT_05, COT_06, COT_07, COT_08, COT_09, COT_10, COT_11, SO_TT, LOAI_DLIEU, MA_CTIEU, COT_12, COT_13, COT_14, COT_15, COT_16, COT_17, COT_18, COT_19, COT_20, COT_21, COT_22)
values (6177, 'Thu¿ nh¿ ¿¿t, ti¿n thu¿ ¿¿t', '373', '374', '375', '376', '377', '378', null, null, null, null, null, 63, '48_05_CDTK13', null, null, null, null, null, null, null, null, null, null, null, null);

insert into RCV_GDIEN_TKHAI (ID, TEN_CTIEU, COT_01, COT_02, COT_03, COT_04, COT_05, COT_06, COT_07, COT_08, COT_09, COT_10, COT_11, SO_TT, LOAI_DLIEU, MA_CTIEU, COT_12, COT_13, COT_14, COT_15, COT_16, COT_17, COT_18, COT_19, COT_20, COT_21, COT_22)
values (6180, 'Ph¿i tr¿ ng¿¿i lao ¿¿ng', '391', '392', '393', '394', '395', '396', null, null, null, null, null, 66, '48_05_CDTK13', null, null, null, null, null, null, null, null, null, null, null, null);

insert into RCV_GDIEN_TKHAI (ID, TEN_CTIEU, COT_01, COT_02, COT_03, COT_04, COT_05, COT_06, COT_07, COT_08, COT_09, COT_10, COT_11, SO_TT, LOAI_DLIEU, MA_CTIEU, COT_12, COT_13, COT_14, COT_15, COT_16, COT_17, COT_18, COT_19, COT_20, COT_21, COT_22)
values (6183, 'T¿i s¿n th¿a ch¿ gi¿i quy¿t', '409', '410', '411', '412', '413', '414', null, null, null, null, null, 69, '48_05_CDTK13', null, null, null, null, null, null, null, null, null, null, null, null);

insert into RCV_GDIEN_TKHAI (ID, TEN_CTIEU, COT_01, COT_02, COT_03, COT_04, COT_05, COT_06, COT_07, COT_08, COT_09, COT_10, COT_11, SO_TT, LOAI_DLIEU, MA_CTIEU, COT_12, COT_13, COT_14, COT_15, COT_16, COT_17, COT_18, COT_19, COT_20, COT_21, COT_22)
values (6185, 'B¿o hi¿m x¿ h¿i', '421', '422', '423', '424', '425', '426', null, null, null, null, null, 71, '48_05_CDTK13', null, null, null, null, null, null, null, null, null, null, null, null);

insert into RCV_GDIEN_TKHAI (ID, TEN_CTIEU, COT_01, COT_02, COT_03, COT_04, COT_05, COT_06, COT_07, COT_08, COT_09, COT_10, COT_11, SO_TT, LOAI_DLIEU, MA_CTIEU, COT_12, COT_13, COT_14, COT_15, COT_16, COT_17, COT_18, COT_19, COT_20, COT_21, COT_22)
values (6188, 'Doanh thu ch¿a th¿c hi¿n', '439', '440', '441', '442', '443', '444', null, null, null, null, null, 74, '48_05_CDTK13', null, null, null, null, null, null, null, null, null, null, null, null);

insert into RCV_GDIEN_TKHAI (ID, TEN_CTIEU, COT_01, COT_02, COT_03, COT_04, COT_05, COT_06, COT_07, COT_08, COT_09, COT_10, COT_11, SO_TT, LOAI_DLIEU, MA_CTIEU, COT_12, COT_13, COT_14, COT_15, COT_16, COT_17, COT_18, COT_19, COT_20, COT_21, COT_22)
values (6190, 'B¿o hi¿m th¿t nghi¿p', '451', '452', '453', '454', '455', '456', null, null, null, null, null, 76, '48_05_CDTK13', null, null, null, null, null, null, null, null, null, null, null, null);

insert into RCV_GDIEN_TKHAI (ID, TEN_CTIEU, COT_01, COT_02, COT_03, COT_04, COT_05, COT_06, COT_07, COT_08, COT_09, COT_10, COT_11, SO_TT, LOAI_DLIEU, MA_CTIEU, COT_12, COT_13, COT_14, COT_15, COT_16, COT_17, COT_18, COT_19, COT_20, COT_21, COT_22)
values (6191, 'Vay, n¿ d¿i h¿n', '457', '458', '459', '460', '461', '462', null, null, null, null, null, 77, '48_05_CDTK13', null, null, null, null, null, null, null, null, null, null, null, null);

insert into RCV_GDIEN_TKHAI (ID, TEN_CTIEU, COT_01, COT_02, COT_03, COT_04, COT_05, COT_06, COT_07, COT_08, COT_09, COT_10, COT_11, SO_TT, LOAI_DLIEU, MA_CTIEU, COT_12, COT_13, COT_14, COT_15, COT_16, COT_17, COT_18, COT_19, COT_20, COT_21, COT_22)
values (6194, 'Tr¿i phi¿u ph¿t h¿nh', '475', '476', '477', '478', '479', '480', null, null, null, null, null, 80, '48_05_CDTK13', null, null, null, null, null, null, null, null, null, null, null, null);

insert into RCV_GDIEN_TKHAI (ID, TEN_CTIEU, COT_01, COT_02, COT_03, COT_04, COT_05, COT_06, COT_07, COT_08, COT_09, COT_10, COT_11, SO_TT, LOAI_DLIEU, MA_CTIEU, COT_12, COT_13, COT_14, COT_15, COT_16, COT_17, COT_18, COT_19, COT_20, COT_21, COT_22)
values (6196, 'Chi¿t kh¿u tr¿i phi¿u', '487', '488', '489', '490', '491', '492', null, null, null, null, null, 82, '48_05_CDTK13', null, null, null, null, null, null, null, null, null, null, null, null);

insert into RCV_GDIEN_TKHAI (ID, TEN_CTIEU, COT_01, COT_02, COT_03, COT_04, COT_05, COT_06, COT_07, COT_08, COT_09, COT_10, COT_11, SO_TT, LOAI_DLIEU, MA_CTIEU, COT_12, COT_13, COT_14, COT_15, COT_16, COT_17, COT_18, COT_19, COT_20, COT_21, COT_22)
values (6200, 'D¿ ph¿ng ph¿i tr¿', '511', '512', '513', '514', '515', '516', null, null, null, null, null, 86, '48_05_CDTK13', null, null, null, null, null, null, null, null, null, null, null, null);

insert into RCV_GDIEN_TKHAI (ID, TEN_CTIEU, COT_01, COT_02, COT_03, COT_04, COT_05, COT_06, COT_07, COT_08, COT_09, COT_10, COT_11, SO_TT, LOAI_DLIEU, MA_CTIEU, COT_12, COT_13, COT_14, COT_15, COT_16, COT_17, COT_18, COT_19, COT_20, COT_21, COT_22)
values (6202, 'Qu¿ khen th¿¿ng', '523', '524', '525', '526', '527', '528', null, null, null, null, null, 88, '48_05_CDTK13', null, null, null, null, null, null, null, null, null, null, null, null);

insert into RCV_GDIEN_TKHAI (ID, TEN_CTIEU, COT_01, COT_02, COT_03, COT_04, COT_05, COT_06, COT_07, COT_08, COT_09, COT_10, COT_11, SO_TT, LOAI_DLIEU, MA_CTIEU, COT_12, COT_13, COT_14, COT_15, COT_16, COT_17, COT_18, COT_19, COT_20, COT_21, COT_22)
values (6203, 'Qu¿ ph¿c l¿i', '529', '530', '531', '532', '533', '534', null, null, null, null, null, 89, '48_05_CDTK13', null, null, null, null, null, null, null, null, null, null, null, null);

insert into RCV_GDIEN_TKHAI (ID, TEN_CTIEU, COT_01, COT_02, COT_03, COT_04, COT_05, COT_06, COT_07, COT_08, COT_09, COT_10, COT_11, SO_TT, LOAI_DLIEU, MA_CTIEU, COT_12, COT_13, COT_14, COT_15, COT_16, COT_17, COT_18, COT_19, COT_20, COT_21, COT_22)
values (6209, 'Ngu¿n v¿n  kinh doanh', '565', '566', '567', '568', '569', '570', null, null, null, null, null, 95, '48_05_CDTK13', null, null, null, null, null, null, null, null, null, null, null, null);

insert into RCV_GDIEN_TKHAI (ID, TEN_CTIEU, COT_01, COT_02, COT_03, COT_04, COT_05, COT_06, COT_07, COT_08, COT_09, COT_10, COT_11, SO_TT, LOAI_DLIEU, MA_CTIEU, COT_12, COT_13, COT_14, COT_15, COT_16, COT_17, COT_18, COT_19, COT_20, COT_21, COT_22)
values (6210, 'V¿n ¿¿u t¿ c¿a ch¿ s¿ h¿u ', '571', '572', '573', '574', '575', '576', null, null, null, null, null, 96, '48_05_CDTK13', null, null, null, null, null, null, null, null, null, null, null, null);

insert into RCV_GDIEN_TKHAI (ID, TEN_CTIEU, COT_01, COT_02, COT_03, COT_04, COT_05, COT_06, COT_07, COT_08, COT_09, COT_10, COT_11, SO_TT, LOAI_DLIEU, MA_CTIEU, COT_12, COT_13, COT_14, COT_15, COT_16, COT_17, COT_18, COT_19, COT_20, COT_21, COT_22)
values (6211, 'Th¿ng d¿ v¿n c¿ ph¿n', '577', '578', '579', '580', '581', '582', null, null, null, null, null, 97, '48_05_CDTK13', null, null, null, null, null, null, null, null, null, null, null, null);

insert into RCV_GDIEN_TKHAI (ID, TEN_CTIEU, COT_01, COT_02, COT_03, COT_04, COT_05, COT_06, COT_07, COT_08, COT_09, COT_10, COT_11, SO_TT, LOAI_DLIEU, MA_CTIEU, COT_12, COT_13, COT_14, COT_15, COT_16, COT_17, COT_18, COT_19, COT_20, COT_21, COT_22)
values (6214, 'C¿c qu¿ thu¿c v¿n ch¿ s¿ h¿u', '595', '596', '597', '598', '599', '600', null, null, null, null, null, 100, '48_05_CDTK13', null, null, null, null, null, null, null, null, null, null, null, null);

insert into RCV_GDIEN_TKHAI (ID, TEN_CTIEU, COT_01, COT_02, COT_03, COT_04, COT_05, COT_06, COT_07, COT_08, COT_09, COT_10, COT_11, SO_TT, LOAI_DLIEU, MA_CTIEU, COT_12, COT_13, COT_14, COT_15, COT_16, COT_17, COT_18, COT_19, COT_20, COT_21, COT_22)
values (6216, 'L¿i nhu¿n ch¿a ph¿n ph¿i', '607', '608', '609', '610', '611', '612', null, null, null, null, null, 102, '48_05_CDTK13', null, null, null, null, null, null, null, null, null, null, null, null);

insert into RCV_GDIEN_TKHAI (ID, TEN_CTIEU, COT_01, COT_02, COT_03, COT_04, COT_05, COT_06, COT_07, COT_08, COT_09, COT_10, COT_11, SO_TT, LOAI_DLIEU, MA_CTIEU, COT_12, COT_13, COT_14, COT_15, COT_16, COT_17, COT_18, COT_19, COT_20, COT_21, COT_22)
values (6220, 'Doanh thu b¿n h¿ng ho¿', '631', '632', '633', '634', '635', '636', null, null, null, null, null, 106, '48_05_CDTK13', null, null, null, null, null, null, null, null, null, null, null, null);

insert into RCV_GDIEN_TKHAI (ID, TEN_CTIEU, COT_01, COT_02, COT_03, COT_04, COT_05, COT_06, COT_07, COT_08, COT_09, COT_10, COT_11, SO_TT, LOAI_DLIEU, MA_CTIEU, COT_12, COT_13, COT_14, COT_15, COT_16, COT_17, COT_18, COT_19, COT_20, COT_21, COT_22)
values (6222, 'Doanh thu cung c¿p d¿ch v¿', '643', '644', '645', '646', '647', '648', null, null, null, null, null, 108, '48_05_CDTK13', null, null, null, null, null, null, null, null, null, null, null, null);

insert into RCV_GDIEN_TKHAI (ID, TEN_CTIEU, COT_01, COT_02, COT_03, COT_04, COT_05, COT_06, COT_07, COT_08, COT_09, COT_10, COT_11, SO_TT, LOAI_DLIEU, MA_CTIEU, COT_12, COT_13, COT_14, COT_15, COT_16, COT_17, COT_18, COT_19, COT_20, COT_21, COT_22)
values (6224, 'Doanh thu ho¿t ¿¿ng t¿i ch¿nh', '655', '656', '657', '658', '659', '660', null, null, null, null, null, 110, '48_05_CDTK13', null, null, null, null, null, null, null, null, null, null, null, null);

insert into RCV_GDIEN_TKHAI (ID, TEN_CTIEU, COT_01, COT_02, COT_03, COT_04, COT_05, COT_06, COT_07, COT_08, COT_09, COT_10, COT_11, SO_TT, LOAI_DLIEU, MA_CTIEU, COT_12, COT_13, COT_14, COT_15, COT_16, COT_17, COT_18, COT_19, COT_20, COT_21, COT_22)
values (6228, 'Gi¿m gi¿ h¿ng b¿n', '679', '680', '681', '682', '683', '684', null, null, null, null, null, 114, '48_05_CDTK13', null, null, null, null, null, null, null, null, null, null, null, null);

insert into RCV_GDIEN_TKHAI (ID, TEN_CTIEU, COT_01, COT_02, COT_03, COT_04, COT_05, COT_06, COT_07, COT_08, COT_09, COT_10, COT_11, SO_TT, LOAI_DLIEU, MA_CTIEU, COT_12, COT_13, COT_14, COT_15, COT_16, COT_17, COT_18, COT_19, COT_20, COT_21, COT_22)
values (6229, 'Mua h¿ng', '685', '686', '687', '688', '689', '690', null, null, null, null, null, 115, '48_05_CDTK13', null, null, null, null, null, null, null, null, null, null, null, null);

insert into RCV_GDIEN_TKHAI (ID, TEN_CTIEU, COT_01, COT_02, COT_03, COT_04, COT_05, COT_06, COT_07, COT_08, COT_09, COT_10, COT_11, SO_TT, LOAI_DLIEU, MA_CTIEU, COT_12, COT_13, COT_14, COT_15, COT_16, COT_17, COT_18, COT_19, COT_20, COT_21, COT_22)
values (6231, 'Gi¿ v¿n h¿ng b¿n', '697', '698', '699', '700', '701', '702', null, null, null, null, null, 117, '48_05_CDTK13', null, null, null, null, null, null, null, null, null, null, null, null);

insert into RCV_GDIEN_TKHAI (ID, TEN_CTIEU, COT_01, COT_02, COT_03, COT_04, COT_05, COT_06, COT_07, COT_08, COT_09, COT_10, COT_11, SO_TT, LOAI_DLIEU, MA_CTIEU, COT_12, COT_13, COT_14, COT_15, COT_16, COT_17, COT_18, COT_19, COT_20, COT_21, COT_22)
values (6234, 'Chi ph¿ b¿n h¿ng', '715', '716', '717', '718', '719', '720', null, null, null, null, null, 120, '48_05_CDTK13', null, null, null, null, null, null, null, null, null, null, null, null);

insert into RCV_GDIEN_TKHAI (ID, TEN_CTIEU, COT_01, COT_02, COT_03, COT_04, COT_05, COT_06, COT_07, COT_08, COT_09, COT_10, COT_11, SO_TT, LOAI_DLIEU, MA_CTIEU, COT_12, COT_13, COT_14, COT_15, COT_16, COT_17, COT_18, COT_19, COT_20, COT_21, COT_22)
values (6236, 'Thu nh¿p kh¿c', '727', '728', '729', '730', '731', '732', null, null, null, null, null, 122, '48_05_CDTK13', null, null, null, null, null, null, null, null, null, null, null, null);

insert into RCV_GDIEN_TKHAI (ID, TEN_CTIEU, COT_01, COT_02, COT_03, COT_04, COT_05, COT_06, COT_07, COT_08, COT_09, COT_10, COT_11, SO_TT, LOAI_DLIEU, MA_CTIEU, COT_12, COT_13, COT_14, COT_15, COT_16, COT_17, COT_18, COT_19, COT_20, COT_21, COT_22)
values (6239, 'X¿c ¿¿nh k¿t qu¿ kinh doanh', '745', '746', '747', '748', '749', '750', null, null, null, null, null, 125, '48_05_CDTK13', null, null, null, null, null, null, null, null, null, null, null, null);

insert into RCV_GDIEN_TKHAI (ID, TEN_CTIEU, COT_01, COT_02, COT_03, COT_04, COT_05, COT_06, COT_07, COT_08, COT_09, COT_10, COT_11, SO_TT, LOAI_DLIEU, MA_CTIEU, COT_12, COT_13, COT_14, COT_15, COT_16, COT_17, COT_18, COT_19, COT_20, COT_21, COT_22)
values (6240, 'T¿ng c¿ng', null, null, null, null, null, null, null, null, null, null, null, 126, '48_05_CDTK13', null, null, null, null, null, null, null, null, null, null, null, null);

insert into RCV_GDIEN_TKHAI (ID, TEN_CTIEU, COT_01, COT_02, COT_03, COT_04, COT_05, COT_06, COT_07, COT_08, COT_09, COT_10, COT_11, SO_TT, LOAI_DLIEU, MA_CTIEU, COT_12, COT_13, COT_14, COT_15, COT_16, COT_17, COT_18, COT_19, COT_20, COT_21, COT_22)
values (6243, 'H¿ng ho¿ nh¿n b¿n h¿, nh¿n k¿ g¿i, k¿ c¿¿c', '763', '764', '765', '766', '767', '768', null, null, null, null, null, 129, '48_05_CDTK13', null, null, null, null, null, null, null, null, null, null, null, null);

insert into RCV_GDIEN_TKHAI (ID, TEN_CTIEU, COT_01, COT_02, COT_03, COT_04, COT_05, COT_06, COT_07, COT_08, COT_09, COT_10, COT_11, SO_TT, LOAI_DLIEU, MA_CTIEU, COT_12, COT_13, COT_14, COT_15, COT_16, COT_17, COT_18, COT_19, COT_20, COT_21, COT_22)
values (6244, 'N¿ kh¿ ¿¿i ¿¿ x¿ l¿', '769', '770', '771', '772', '773', '774', null, null, null, null, null, 130, '48_05_CDTK13', null, null, null, null, null, null, null, null, null, null, null, null);

insert into RCV_GDIEN_TKHAI (ID, TEN_CTIEU, COT_01, COT_02, COT_03, COT_04, COT_05, COT_06, COT_07, COT_08, COT_09, COT_10, COT_11, SO_TT, LOAI_DLIEU, MA_CTIEU, COT_12, COT_13, COT_14, COT_15, COT_16, COT_17, COT_18, COT_19, COT_20, COT_21, COT_22)
values (6135, 'Chi ph¿ s¿n xu¿t, kinh doanh d¿ dang', '121', '122', '123', '124', '125', '126', null, null, null, null, null, 21, '48_05_CDTK13', null, null, null, null, null, null, null, null, null, null, null, null);

insert into RCV_GDIEN_TKHAI (ID, TEN_CTIEU, COT_01, COT_02, COT_03, COT_04, COT_05, COT_06, COT_07, COT_08, COT_09, COT_10, COT_11, SO_TT, LOAI_DLIEU, MA_CTIEU, COT_12, COT_13, COT_14, COT_15, COT_16, COT_17, COT_18, COT_19, COT_20, COT_21, COT_22)
values (6140, 'D¿ ph¿ng gi¿m gi¿ ¿¿u t¿ t¿i ch¿nh ng¿n h¿n', '151', '152', '153', '154', '155', '156', null, null, null, null, null, 26, '48_05_CDTK13', null, null, null, null, null, null, null, null, null, null, null, null);

insert into RCV_GDIEN_TKHAI (ID, TEN_CTIEU, COT_01, COT_02, COT_03, COT_04, COT_05, COT_06, COT_07, COT_08, COT_09, COT_10, COT_11, SO_TT, LOAI_DLIEU, MA_CTIEU, COT_12, COT_13, COT_14, COT_15, COT_16, COT_17, COT_18, COT_19, COT_20, COT_21, COT_22)
values (6142, 'D¿ ph¿ng gi¿m gi¿ h¿ng t¿n kho', '163', '164', '165', '166', '167', '168', null, null, null, null, null, 28, '48_05_CDTK13', null, null, null, null, null, null, null, null, null, null, null, null);

insert into RCV_GDIEN_TKHAI (ID, TEN_CTIEU, COT_01, COT_02, COT_03, COT_04, COT_05, COT_06, COT_07, COT_08, COT_09, COT_10, COT_11, SO_TT, LOAI_DLIEU, MA_CTIEU, COT_12, COT_13, COT_14, COT_15, COT_16, COT_17, COT_18, COT_19, COT_20, COT_21, COT_22)
values (6144, 'T¿i s¿n c¿ ¿¿nh', '175', '176', '177', '178', '179', '180', null, null, null, null, null, 30, '48_05_CDTK13', null, null, null, null, null, null, null, null, null, null, null, null);

insert into RCV_GDIEN_TKHAI (ID, TEN_CTIEU, COT_01, COT_02, COT_03, COT_04, COT_05, COT_06, COT_07, COT_08, COT_09, COT_10, COT_11, SO_TT, LOAI_DLIEU, MA_CTIEU, COT_12, COT_13, COT_14, COT_15, COT_16, COT_17, COT_18, COT_19, COT_20, COT_21, COT_22)
values (6146, 'TSC¿ thu¿ t¿i ch¿nh', '187', '188', '189', '190', '191', '192', null, null, null, null, null, 32, '48_05_CDTK13', null, null, null, null, null, null, null, null, null, null, null, null);

insert into RCV_GDIEN_TKHAI (ID, TEN_CTIEU, COT_01, COT_02, COT_03, COT_04, COT_05, COT_06, COT_07, COT_08, COT_09, COT_10, COT_11, SO_TT, LOAI_DLIEU, MA_CTIEU, COT_12, COT_13, COT_14, COT_15, COT_16, COT_17, COT_18, COT_19, COT_20, COT_21, COT_22)
values (6149, 'Hao m¿n TSC¿ h¿u h¿nh', '205', '206', '207', '208', '209', '210', null, null, null, null, null, 35, '48_05_CDTK13', null, null, null, null, null, null, null, null, null, null, null, null);

insert into RCV_GDIEN_TKHAI (ID, TEN_CTIEU, COT_01, COT_02, COT_03, COT_04, COT_05, COT_06, COT_07, COT_08, COT_09, COT_10, COT_11, SO_TT, LOAI_DLIEU, MA_CTIEU, COT_12, COT_13, COT_14, COT_15, COT_16, COT_17, COT_18, COT_19, COT_20, COT_21, COT_22)
values (6151, 'Hao m¿n TSC¿ v¿ h¿nh ', '217', '218', '219', '220', '221', '222', null, null, null, null, null, 37, '48_05_CDTK13', null, null, null, null, null, null, null, null, null, null, null, null);

insert into RCV_GDIEN_TKHAI (ID, TEN_CTIEU, COT_01, COT_02, COT_03, COT_04, COT_05, COT_06, COT_07, COT_08, COT_09, COT_10, COT_11, SO_TT, LOAI_DLIEU, MA_CTIEU, COT_12, COT_13, COT_14, COT_15, COT_16, COT_17, COT_18, COT_19, COT_20, COT_21, COT_22)
values (6153, 'B¿t ¿¿ng s¿n ¿¿u t¿', '229', '230', '231', '232', '233', '234', null, null, null, null, null, 39, '48_05_CDTK13', null, null, null, null, null, null, null, null, null, null, null, null);

insert into RCV_GDIEN_TKHAI (ID, TEN_CTIEU, COT_01, COT_02, COT_03, COT_04, COT_05, COT_06, COT_07, COT_08, COT_09, COT_10, COT_11, SO_TT, LOAI_DLIEU, MA_CTIEU, COT_12, COT_13, COT_14, COT_15, COT_16, COT_17, COT_18, COT_19, COT_20, COT_21, COT_22)
values (6155, 'V¿n g¿p li¿n doanh', '241', '242', '243', '244', '245', '246', null, null, null, null, null, 41, '48_05_CDTK13', null, null, null, null, null, null, null, null, null, null, null, null);

insert into RCV_GDIEN_TKHAI (ID, TEN_CTIEU, COT_01, COT_02, COT_03, COT_04, COT_05, COT_06, COT_07, COT_08, COT_09, COT_10, COT_11, SO_TT, LOAI_DLIEU, MA_CTIEU, COT_12, COT_13, COT_14, COT_15, COT_16, COT_17, COT_18, COT_19, COT_20, COT_21, COT_22)
values (6173, 'Thu¿ xu¿t, nh¿p kh¿u', '349', '350', '351', '352', '353', '354', null, null, null, null, null, 59, '48_05_CDTK13', null, null, null, null, null, null, null, null, null, null, null, null);

insert into RCV_GDIEN_TKHAI (ID, TEN_CTIEU, COT_01, COT_02, COT_03, COT_04, COT_05, COT_06, COT_07, COT_08, COT_09, COT_10, COT_11, SO_TT, LOAI_DLIEU, MA_CTIEU, COT_12, COT_13, COT_14, COT_15, COT_16, COT_17, COT_18, COT_19, COT_20, COT_21, COT_22)
values (6175, 'Thu¿ thu nh¿p c¿ nh¿n', '361', '362', '363', '364', '365', '366', null, null, null, null, null, 61, '48_05_CDTK13', null, null, null, null, null, null, null, null, null, null, null, null);

insert into RCV_GDIEN_TKHAI (ID, TEN_CTIEU, COT_01, COT_02, COT_03, COT_04, COT_05, COT_06, COT_07, COT_08, COT_09, COT_10, COT_11, SO_TT, LOAI_DLIEU, MA_CTIEU, COT_12, COT_13, COT_14, COT_15, COT_16, COT_17, COT_18, COT_19, COT_20, COT_21, COT_22)
values (6178, 'C¿c lo¿i thu¿ kh¿c', '379', '380', '381', '382', '383', '384', null, null, null, null, null, 64, '48_05_CDTK13', null, null, null, null, null, null, null, null, null, null, null, null);

insert into RCV_GDIEN_TKHAI (ID, TEN_CTIEU, COT_01, COT_02, COT_03, COT_04, COT_05, COT_06, COT_07, COT_08, COT_09, COT_10, COT_11, SO_TT, LOAI_DLIEU, MA_CTIEU, COT_12, COT_13, COT_14, COT_15, COT_16, COT_17, COT_18, COT_19, COT_20, COT_21, COT_22)
values (6179, 'Ph¿, l¿ ph¿ v¿ c¿c kho¿n ph¿i n¿p kh¿c', '385', '386', '387', '388', '389', '390', null, null, null, null, null, 65, '48_05_CDTK13', null, null, null, null, null, null, null, null, null, null, null, null);

insert into RCV_GDIEN_TKHAI (ID, TEN_CTIEU, COT_01, COT_02, COT_03, COT_04, COT_05, COT_06, COT_07, COT_08, COT_09, COT_10, COT_11, SO_TT, LOAI_DLIEU, MA_CTIEU, COT_12, COT_13, COT_14, COT_15, COT_16, COT_17, COT_18, COT_19, COT_20, COT_21, COT_22)
values (6182, 'Ph¿i tr¿, ph¿i n¿p kh¿c', '403', '404', '405', '406', '407', '408', null, null, null, null, null, 68, '48_05_CDTK13', null, null, null, null, null, null, null, null, null, null, null, null);

insert into RCV_GDIEN_TKHAI (ID, TEN_CTIEU, COT_01, COT_02, COT_03, COT_04, COT_05, COT_06, COT_07, COT_08, COT_09, COT_10, COT_11, SO_TT, LOAI_DLIEU, MA_CTIEU, COT_12, COT_13, COT_14, COT_15, COT_16, COT_17, COT_18, COT_19, COT_20, COT_21, COT_22)
values (6184, 'Kinh ph¿ c¿ng ¿o¿n', '415', '416', '417', '418', '419', '420', null, null, null, null, null, 70, '48_05_CDTK13', null, null, null, null, null, null, null, null, null, null, null, null);

insert into RCV_GDIEN_TKHAI (ID, TEN_CTIEU, COT_01, COT_02, COT_03, COT_04, COT_05, COT_06, COT_07, COT_08, COT_09, COT_10, COT_11, SO_TT, LOAI_DLIEU, MA_CTIEU, COT_12, COT_13, COT_14, COT_15, COT_16, COT_17, COT_18, COT_19, COT_20, COT_21, COT_22)
values (6187, 'Nh¿n k¿ qu¿, k¿ c¿¿c ng¿n h¿n', '433', '434', '435', '436', '437', '438', null, null, null, null, null, 73, '48_05_CDTK13', null, null, null, null, null, null, null, null, null, null, null, null);

insert into RCV_GDIEN_TKHAI (ID, TEN_CTIEU, COT_01, COT_02, COT_03, COT_04, COT_05, COT_06, COT_07, COT_08, COT_09, COT_10, COT_11, SO_TT, LOAI_DLIEU, MA_CTIEU, COT_12, COT_13, COT_14, COT_15, COT_16, COT_17, COT_18, COT_19, COT_20, COT_21, COT_22)
values (6189, 'Ph¿i tr¿, ph¿i n¿p kh¿c', '445', '446', '447', '448', '449', '450', null, null, null, null, null, 75, '48_05_CDTK13', null, null, null, null, null, null, null, null, null, null, null, null);

insert into RCV_GDIEN_TKHAI (ID, TEN_CTIEU, COT_01, COT_02, COT_03, COT_04, COT_05, COT_06, COT_07, COT_08, COT_09, COT_10, COT_11, SO_TT, LOAI_DLIEU, MA_CTIEU, COT_12, COT_13, COT_14, COT_15, COT_16, COT_17, COT_18, COT_19, COT_20, COT_21, COT_22)
values (6192, 'Vay d¿i h¿n', '463', '464', '465', '466', '467', '468', null, null, null, null, null, 78, '48_05_CDTK13', null, null, null, null, null, null, null, null, null, null, null, null);

insert into RCV_GDIEN_TKHAI (ID, TEN_CTIEU, COT_01, COT_02, COT_03, COT_04, COT_05, COT_06, COT_07, COT_08, COT_09, COT_10, COT_11, SO_TT, LOAI_DLIEU, MA_CTIEU, COT_12, COT_13, COT_14, COT_15, COT_16, COT_17, COT_18, COT_19, COT_20, COT_21, COT_22)
values (6195, 'M¿nh gi¿ tr¿i phi¿u', '481', '482', '483', '484', '485', '486', null, null, null, null, null, 81, '48_05_CDTK13', null, null, null, null, null, null, null, null, null, null, null, null);

insert into RCV_GDIEN_TKHAI (ID, TEN_CTIEU, COT_01, COT_02, COT_03, COT_04, COT_05, COT_06, COT_07, COT_08, COT_09, COT_10, COT_11, SO_TT, LOAI_DLIEU, MA_CTIEU, COT_12, COT_13, COT_14, COT_15, COT_16, COT_17, COT_18, COT_19, COT_20, COT_21, COT_22)
values (6197, 'Ph¿ tr¿i tr¿i phi¿u', '493', '494', '495', '496', '497', '498', null, null, null, null, null, 83, '48_05_CDTK13', null, null, null, null, null, null, null, null, null, null, null, null);

insert into RCV_GDIEN_TKHAI (ID, TEN_CTIEU, COT_01, COT_02, COT_03, COT_04, COT_05, COT_06, COT_07, COT_08, COT_09, COT_10, COT_11, SO_TT, LOAI_DLIEU, MA_CTIEU, COT_12, COT_13, COT_14, COT_15, COT_16, COT_17, COT_18, COT_19, COT_20, COT_21, COT_22)
values (6199, 'Qu¿ d¿ ph¿ng tr¿ c¿p m¿t vi¿c l¿m', '505', '506', '507', '508', '509', '510', null, null, null, null, null, 85, '48_05_CDTK13', null, null, null, null, null, null, null, null, null, null, null, null);

insert into RCV_GDIEN_TKHAI (ID, TEN_CTIEU, COT_01, COT_02, COT_03, COT_04, COT_05, COT_06, COT_07, COT_08, COT_09, COT_10, COT_11, SO_TT, LOAI_DLIEU, MA_CTIEU, COT_12, COT_13, COT_14, COT_15, COT_16, COT_17, COT_18, COT_19, COT_20, COT_21, COT_22)
values (6201, 'Qu¿ khen th¿¿ng, ph¿c l¿i', '517', '518', '519', '520', '521', '522', null, null, null, null, null, 87, '48_05_CDTK13', null, null, null, null, null, null, null, null, null, null, null, null);

insert into RCV_GDIEN_TKHAI (ID, TEN_CTIEU, COT_01, COT_02, COT_03, COT_04, COT_05, COT_06, COT_07, COT_08, COT_09, COT_10, COT_11, SO_TT, LOAI_DLIEU, MA_CTIEU, COT_12, COT_13, COT_14, COT_15, COT_16, COT_17, COT_18, COT_19, COT_20, COT_21, COT_22)
values (6204, 'Qu¿ ph¿c l¿i ¿¿ h¿nh th¿nh TSC¿', '535', '536', '537', '538', '539', '540', null, null, null, null, null, 90, '48_05_CDTK13', null, null, null, null, null, null, null, null, null, null, null, null);

insert into RCV_GDIEN_TKHAI (ID, TEN_CTIEU, COT_01, COT_02, COT_03, COT_04, COT_05, COT_06, COT_07, COT_08, COT_09, COT_10, COT_11, SO_TT, LOAI_DLIEU, MA_CTIEU, COT_12, COT_13, COT_14, COT_15, COT_16, COT_17, COT_18, COT_19, COT_20, COT_21, COT_22)
values (6205, 'Qu¿ th¿¿ng ban qu¿n l¿ ¿i¿u h¿nh c¿ng ty', '541', '542', '543', '544', '545', '546', null, null, null, null, null, 91, '48_05_CDTK13', null, null, null, null, null, null, null, null, null, null, null, null);

insert into RCV_GDIEN_TKHAI (ID, TEN_CTIEU, COT_01, COT_02, COT_03, COT_04, COT_05, COT_06, COT_07, COT_08, COT_09, COT_10, COT_11, SO_TT, LOAI_DLIEU, MA_CTIEU, COT_12, COT_13, COT_14, COT_15, COT_16, COT_17, COT_18, COT_19, COT_20, COT_21, COT_22)
values (6207, 'Qu¿ ph¿t tri¿n khoa h¿c v¿ c¿ng ngh¿', '553', '554', '555', '556', '557', '558', null, null, null, null, null, 93, '48_05_CDTK13', null, null, null, null, null, null, null, null, null, null, null, null);

insert into RCV_GDIEN_TKHAI (ID, TEN_CTIEU, COT_01, COT_02, COT_03, COT_04, COT_05, COT_06, COT_07, COT_08, COT_09, COT_10, COT_11, SO_TT, LOAI_DLIEU, MA_CTIEU, COT_12, COT_13, COT_14, COT_15, COT_16, COT_17, COT_18, COT_19, COT_20, COT_21, COT_22)
values (6208, 'Qu¿ ph¿t tri¿n khoa h¿c v¿ c¿ng ngh¿ ¿¿ h¿nh th¿nh TSC¿', '559', '560', '561', '562', '563', '564', null, null, null, null, null, 94, '48_05_CDTK13', null, null, null, null, null, null, null, null, null, null, null, null);

insert into RCV_GDIEN_TKHAI (ID, TEN_CTIEU, COT_01, COT_02, COT_03, COT_04, COT_05, COT_06, COT_07, COT_08, COT_09, COT_10, COT_11, SO_TT, LOAI_DLIEU, MA_CTIEU, COT_12, COT_13, COT_14, COT_15, COT_16, COT_17, COT_18, COT_19, COT_20, COT_21, COT_22)
values (6213, 'Ch¿nh l¿ch t¿ gi¿ h¿i ¿o¿i', '589', '590', '591', '592', '593', '594', null, null, null, null, null, 99, '48_05_CDTK13', null, null, null, null, null, null, null, null, null, null, null, null);

insert into RCV_GDIEN_TKHAI (ID, TEN_CTIEU, COT_01, COT_02, COT_03, COT_04, COT_05, COT_06, COT_07, COT_08, COT_09, COT_10, COT_11, SO_TT, LOAI_DLIEU, MA_CTIEU, COT_12, COT_13, COT_14, COT_15, COT_16, COT_17, COT_18, COT_19, COT_20, COT_21, COT_22)
values (6215, 'C¿ phi¿u qu¿', '601', '602', '603', '604', '605', '606', null, null, null, null, null, 101, '48_05_CDTK13', null, null, null, null, null, null, null, null, null, null, null, null);

insert into RCV_GDIEN_TKHAI (ID, TEN_CTIEU, COT_01, COT_02, COT_03, COT_04, COT_05, COT_06, COT_07, COT_08, COT_09, COT_10, COT_11, SO_TT, LOAI_DLIEU, MA_CTIEU, COT_12, COT_13, COT_14, COT_15, COT_16, COT_17, COT_18, COT_19, COT_20, COT_21, COT_22)
values (6217, 'L¿i nhu¿n ch¿a ph¿n ph¿i n¿m tr¿¿c', '613', '614', '615', '616', '617', '618', null, null, null, null, null, 103, '48_05_CDTK13', null, null, null, null, null, null, null, null, null, null, null, null);

insert into RCV_GDIEN_TKHAI (ID, TEN_CTIEU, COT_01, COT_02, COT_03, COT_04, COT_05, COT_06, COT_07, COT_08, COT_09, COT_10, COT_11, SO_TT, LOAI_DLIEU, MA_CTIEU, COT_12, COT_13, COT_14, COT_15, COT_16, COT_17, COT_18, COT_19, COT_20, COT_21, COT_22)
values (6219, 'Doanh thu b¿n h¿ng v¿ cung c¿p d¿ch v¿', '625', '626', '627', '628', '629', '630', null, null, null, null, null, 105, '48_05_CDTK13', null, null, null, null, null, null, null, null, null, null, null, null);

insert into RCV_GDIEN_TKHAI (ID, TEN_CTIEU, COT_01, COT_02, COT_03, COT_04, COT_05, COT_06, COT_07, COT_08, COT_09, COT_10, COT_11, SO_TT, LOAI_DLIEU, MA_CTIEU, COT_12, COT_13, COT_14, COT_15, COT_16, COT_17, COT_18, COT_19, COT_20, COT_21, COT_22)
values (6221, 'Doanh thu b¿n c¿c th¿nh ph¿m', '637', '638', '639', '640', '641', '642', null, null, null, null, null, 107, '48_05_CDTK13', null, null, null, null, null, null, null, null, null, null, null, null);

insert into RCV_GDIEN_TKHAI (ID, TEN_CTIEU, COT_01, COT_02, COT_03, COT_04, COT_05, COT_06, COT_07, COT_08, COT_09, COT_10, COT_11, SO_TT, LOAI_DLIEU, MA_CTIEU, COT_12, COT_13, COT_14, COT_15, COT_16, COT_17, COT_18, COT_19, COT_20, COT_21, COT_22)
values (6223, 'Doanh thu kh¿c', '649', '650', '651', '652', '653', '654', null, null, null, null, null, 109, '48_05_CDTK13', null, null, null, null, null, null, null, null, null, null, null, null);

insert into RCV_GDIEN_TKHAI (ID, TEN_CTIEU, COT_01, COT_02, COT_03, COT_04, COT_05, COT_06, COT_07, COT_08, COT_09, COT_10, COT_11, SO_TT, LOAI_DLIEU, MA_CTIEU, COT_12, COT_13, COT_14, COT_15, COT_16, COT_17, COT_18, COT_19, COT_20, COT_21, COT_22)
values (6225, 'C¿c kho¿n gi¿m tr¿ doanh thu', '661', '662', '663', '664', '665', '666', null, null, null, null, null, 111, '48_05_CDTK13', null, null, null, null, null, null, null, null, null, null, null, null);

insert into RCV_GDIEN_TKHAI (ID, TEN_CTIEU, COT_01, COT_02, COT_03, COT_04, COT_05, COT_06, COT_07, COT_08, COT_09, COT_10, COT_11, SO_TT, LOAI_DLIEU, MA_CTIEU, COT_12, COT_13, COT_14, COT_15, COT_16, COT_17, COT_18, COT_19, COT_20, COT_21, COT_22)
values (6227, 'H¿ng b¿n b¿ tr¿ l¿i', '673', '674', '675', '676', '677', '678', null, null, null, null, null, 113, '48_05_CDTK13', null, null, null, null, null, null, null, null, null, null, null, null);

insert into RCV_GDIEN_TKHAI (ID, TEN_CTIEU, COT_01, COT_02, COT_03, COT_04, COT_05, COT_06, COT_07, COT_08, COT_09, COT_10, COT_11, SO_TT, LOAI_DLIEU, MA_CTIEU, COT_12, COT_13, COT_14, COT_15, COT_16, COT_17, COT_18, COT_19, COT_20, COT_21, COT_22)
values (6233, 'Chi ph¿ qu¿n l¿ kinh doanh ', '709', '710', '711', '712', '713', '714', null, null, null, null, null, 119, '48_05_CDTK13', null, null, null, null, null, null, null, null, null, null, null, null);

insert into RCV_GDIEN_TKHAI (ID, TEN_CTIEU, COT_01, COT_02, COT_03, COT_04, COT_05, COT_06, COT_07, COT_08, COT_09, COT_10, COT_11, SO_TT, LOAI_DLIEU, MA_CTIEU, COT_12, COT_13, COT_14, COT_15, COT_16, COT_17, COT_18, COT_19, COT_20, COT_21, COT_22)
values (6235, 'Chi ph¿ qu¿n l¿ doanh nghi¿p', '721', '722', '723', '724', '725', '726', null, null, null, null, null, 121, '48_05_CDTK13', null, null, null, null, null, null, null, null, null, null, null, null);

insert into RCV_GDIEN_TKHAI (ID, TEN_CTIEU, COT_01, COT_02, COT_03, COT_04, COT_05, COT_06, COT_07, COT_08, COT_09, COT_10, COT_11, SO_TT, LOAI_DLIEU, MA_CTIEU, COT_12, COT_13, COT_14, COT_15, COT_16, COT_17, COT_18, COT_19, COT_20, COT_21, COT_22)
values (6238, 'Chi ph¿ thu¿ thu nh¿p doanh nghi¿p', '739', '740', '741', '742', '743', '744', null, null, null, null, null, 124, '48_05_CDTK13', null, null, null, null, null, null, null, null, null, null, null, null);

insert into RCV_GDIEN_TKHAI (ID, TEN_CTIEU, COT_01, COT_02, COT_03, COT_04, COT_05, COT_06, COT_07, COT_08, COT_09, COT_10, COT_11, SO_TT, LOAI_DLIEU, MA_CTIEU, COT_12, COT_13, COT_14, COT_15, COT_16, COT_17, COT_18, COT_19, COT_20, COT_21, COT_22)
values (6242, 'V¿t t¿, h¿ng ho¿ nh¿n gi¿ h¿, nh¿n gia c¿ng ', '757', '758', '759', '760', '761', '762', null, null, null, null, null, 128, '48_05_CDTK13', null, null, null, null, null, null, null, null, null, null, null, null);

insert into RCV_GDIEN_TKHAI (ID, TEN_CTIEU, COT_01, COT_02, COT_03, COT_04, COT_05, COT_06, COT_07, COT_08, COT_09, COT_10, COT_11, SO_TT, LOAI_DLIEU, MA_CTIEU, COT_12, COT_13, COT_14, COT_15, COT_16, COT_17, COT_18, COT_19, COT_20, COT_21, COT_22)
values (6245, 'Ngo¿i t¿ c¿c lo¿i', '775', '776', '777', '778', '779', '780', null, null, null, null, null, 131, '48_05_CDTK13', null, null, null, null, null, null, null, null, null, null, null, null);

insert into RCV_GDIEN_TKHAI (ID, TEN_CTIEU, COT_01, COT_02, COT_03, COT_04, COT_05, COT_06, COT_07, COT_08, COT_09, COT_10, COT_11, SO_TT, LOAI_DLIEU, MA_CTIEU, COT_12, COT_13, COT_14, COT_15, COT_16, COT_17, COT_18, COT_19, COT_20, COT_21, COT_22)
values (6119, 'Ti¿n g¿i Ng¿n h¿ng', '25', '26', '27', '28', '29', '30', null, null, null, null, null, 5, '48_05_CDTK13', null, null, null, null, null, null, null, null, null, null, null, null);

insert into RCV_GDIEN_TKHAI (ID, TEN_CTIEU, COT_01, COT_02, COT_03, COT_04, COT_05, COT_06, COT_07, COT_08, COT_09, COT_10, COT_11, SO_TT, LOAI_DLIEU, MA_CTIEU, COT_12, COT_13, COT_14, COT_15, COT_16, COT_17, COT_18, COT_19, COT_20, COT_21, COT_22)
values (6124, 'Ph¿i thu c¿a kh¿ch h¿ng', '55', '56', '57', '58', '59', '60', null, null, null, null, null, 10, '48_05_CDTK13', null, null, null, null, null, null, null, null, null, null, null, null);

insert into RCV_GDIEN_TKHAI (ID, TEN_CTIEU, COT_01, COT_02, COT_03, COT_04, COT_05, COT_06, COT_07, COT_08, COT_09, COT_10, COT_11, SO_TT, LOAI_DLIEU, MA_CTIEU, COT_12, COT_13, COT_14, COT_15, COT_16, COT_17, COT_18, COT_19, COT_20, COT_21, COT_22)
values (6129, 'T¿i s¿n thi¿u ch¿ x¿ l¿', '85', '86', '87', '88', '89', '90', null, null, null, null, null, 15, '48_05_CDTK13', null, null, null, null, null, null, null, null, null, null, null, null);

insert into RCV_GDIEN_TKHAI (ID, TEN_CTIEU, COT_01, COT_02, COT_03, COT_04, COT_05, COT_06, COT_07, COT_08, COT_09, COT_10, COT_11, SO_TT, LOAI_DLIEU, MA_CTIEU, COT_12, COT_13, COT_14, COT_15, COT_16, COT_17, COT_18, COT_19, COT_20, COT_21, COT_22)
values (6133, 'Nguy¿n li¿u, v¿t li¿u', '109', '110', '111', '112', '113', '114', null, null, null, null, null, 19, '48_05_CDTK13', null, null, null, null, null, null, null, null, null, null, null, null);

insert into RCV_GDIEN_TKHAI (ID, TEN_CTIEU, COT_01, COT_02, COT_03, COT_04, COT_05, COT_06, COT_07, COT_08, COT_09, COT_10, COT_11, SO_TT, LOAI_DLIEU, MA_CTIEU, COT_12, COT_13, COT_14, COT_15, COT_16, COT_17, COT_18, COT_19, COT_20, COT_21, COT_22)
values (6137, 'H¿ng ho¿', '133', '134', '135', '136', '137', '138', null, null, null, null, null, 23, '48_05_CDTK13', null, null, null, null, null, null, null, null, null, null, null, null);

insert into RCV_GDIEN_TKHAI (ID, TEN_CTIEU, COT_01, COT_02, COT_03, COT_04, COT_05, COT_06, COT_07, COT_08, COT_09, COT_10, COT_11, SO_TT, LOAI_DLIEU, MA_CTIEU, COT_12, COT_13, COT_14, COT_15, COT_16, COT_17, COT_18, COT_19, COT_20, COT_21, COT_22)
values (6138, 'H¿ng g¿i ¿i b¿n', '139', '140', '141', '142', '143', '144', null, null, null, null, null, 24, '48_05_CDTK13', null, null, null, null, null, null, null, null, null, null, null, null);

insert into RCV_GDIEN_TKHAI (ID, TEN_CTIEU, COT_01, COT_02, COT_03, COT_04, COT_05, COT_06, COT_07, COT_08, COT_09, COT_10, COT_11, SO_TT, LOAI_DLIEU, MA_CTIEU, COT_12, COT_13, COT_14, COT_15, COT_16, COT_17, COT_18, COT_19, COT_20, COT_21, COT_22)
values (6143, 'Giao d¿ch mua b¿n l¿i tr¿i phi¿u Ch¿nh ph¿', '169', '170', '171', '172', '173', '174', null, null, null, null, null, 29, '48_05_CDTK13', null, null, null, null, null, null, null, null, null, null, null, null);

insert into RCV_GDIEN_TKHAI (ID, TEN_CTIEU, COT_01, COT_02, COT_03, COT_04, COT_05, COT_06, COT_07, COT_08, COT_09, COT_10, COT_11, SO_TT, LOAI_DLIEU, MA_CTIEU, COT_12, COT_13, COT_14, COT_15, COT_16, COT_17, COT_18, COT_19, COT_20, COT_21, COT_22)
values (6152, 'Hao m¿n b¿t ¿¿ng s¿n ¿¿u t¿', '223', '224', '225', '226', '227', '228', null, null, null, null, null, 38, '48_05_CDTK13', null, null, null, null, null, null, null, null, null, null, null, null);

insert into RCV_GDIEN_TKHAI (ID, TEN_CTIEU, COT_01, COT_02, COT_03, COT_04, COT_05, COT_06, COT_07, COT_08, COT_09, COT_10, COT_11, SO_TT, LOAI_DLIEU, MA_CTIEU, COT_12, COT_13, COT_14, COT_15, COT_16, COT_17, COT_18, COT_19, COT_20, COT_21, COT_22)
values (6158, 'D¿ ph¿ng gi¿m gi¿ ¿¿u t¿ t¿i ch¿nh d¿i h¿n', '259', '260', '261', '262', '263', '264', null, null, null, null, null, 44, '48_05_CDTK13', null, null, null, null, null, null, null, null, null, null, null, null);

insert into RCV_GDIEN_TKHAI (ID, TEN_CTIEU, COT_01, COT_02, COT_03, COT_04, COT_05, COT_06, COT_07, COT_08, COT_09, COT_10, COT_11, SO_TT, LOAI_DLIEU, MA_CTIEU, COT_12, COT_13, COT_14, COT_15, COT_16, COT_17, COT_18, COT_19, COT_20, COT_21, COT_22)
values (6163, 'Chi ph¿ tr¿ tr¿¿c d¿i h¿n', '289', '290', '291', '292', '293', '294', null, null, null, null, null, 49, '48_05_CDTK13', null, null, null, null, null, null, null, null, null, null, null, null);

insert into RCV_GDIEN_TKHAI (ID, TEN_CTIEU, COT_01, COT_02, COT_03, COT_04, COT_05, COT_06, COT_07, COT_08, COT_09, COT_10, COT_11, SO_TT, LOAI_DLIEU, MA_CTIEU, COT_12, COT_13, COT_14, COT_15, COT_16, COT_17, COT_18, COT_19, COT_20, COT_21, COT_22)
values (6167, 'Ph¿i tr¿ cho ng¿¿i b¿n', '313', '314', '315', '316', '317', '318', null, null, null, null, null, 53, '48_05_CDTK13', null, null, null, null, null, null, null, null, null, null, null, null);

insert into RCV_GDIEN_TKHAI (ID, TEN_CTIEU, COT_01, COT_02, COT_03, COT_04, COT_05, COT_06, COT_07, COT_08, COT_09, COT_10, COT_11, SO_TT, LOAI_DLIEU, MA_CTIEU, COT_12, COT_13, COT_14, COT_15, COT_16, COT_17, COT_18, COT_19, COT_20, COT_21, COT_22)
values (6170, 'Thu¿ GTGT ¿¿u ra', '331', '332', '333', '334', '335', '336', null, null, null, null, null, 56, '48_05_CDTK13', null, null, null, null, null, null, null, null, null, null, null, null);

insert into RCV_GDIEN_TKHAI (ID, TEN_CTIEU, COT_01, COT_02, COT_03, COT_04, COT_05, COT_06, COT_07, COT_08, COT_09, COT_10, COT_11, SO_TT, LOAI_DLIEU, MA_CTIEU, COT_12, COT_13, COT_14, COT_15, COT_16, COT_17, COT_18, COT_19, COT_20, COT_21, COT_22)
values (6176, 'Thu¿ t¿i nguy¿n', '367', '368', '369', '370', '371', '372', null, null, null, null, null, 62, '48_05_CDTK13', null, null, null, null, null, null, null, null, null, null, null, null);

insert into RCV_GDIEN_TKHAI (ID, TEN_CTIEU, COT_01, COT_02, COT_03, COT_04, COT_05, COT_06, COT_07, COT_08, COT_09, COT_10, COT_11, SO_TT, LOAI_DLIEU, MA_CTIEU, COT_12, COT_13, COT_14, COT_15, COT_16, COT_17, COT_18, COT_19, COT_20, COT_21, COT_22)
values (6181, 'Chi ph¿ ph¿i tr¿', '397', '398', '399', '400', '401', '402', null, null, null, null, null, 67, '48_05_CDTK13', null, null, null, null, null, null, null, null, null, null, null, null);

insert into RCV_GDIEN_TKHAI (ID, TEN_CTIEU, COT_01, COT_02, COT_03, COT_04, COT_05, COT_06, COT_07, COT_08, COT_09, COT_10, COT_11, SO_TT, LOAI_DLIEU, MA_CTIEU, COT_12, COT_13, COT_14, COT_15, COT_16, COT_17, COT_18, COT_19, COT_20, COT_21, COT_22)
values (6186, 'B¿o hi¿m y t¿', '427', '428', '429', '430', '431', '432', null, null, null, null, null, 72, '48_05_CDTK13', null, null, null, null, null, null, null, null, null, null, null, null);

insert into RCV_GDIEN_TKHAI (ID, TEN_CTIEU, COT_01, COT_02, COT_03, COT_04, COT_05, COT_06, COT_07, COT_08, COT_09, COT_10, COT_11, SO_TT, LOAI_DLIEU, MA_CTIEU, COT_12, COT_13, COT_14, COT_15, COT_16, COT_17, COT_18, COT_19, COT_20, COT_21, COT_22)
values (6193, 'N¿ d¿i h¿n ', '469', '470', '471', '472', '473', '474', null, null, null, null, null, 79, '48_05_CDTK13', null, null, null, null, null, null, null, null, null, null, null, null);

insert into RCV_GDIEN_TKHAI (ID, TEN_CTIEU, COT_01, COT_02, COT_03, COT_04, COT_05, COT_06, COT_07, COT_08, COT_09, COT_10, COT_11, SO_TT, LOAI_DLIEU, MA_CTIEU, COT_12, COT_13, COT_14, COT_15, COT_16, COT_17, COT_18, COT_19, COT_20, COT_21, COT_22)
values (6198, 'Nh¿n k¿ qu¿, k¿ c¿¿c d¿i h¿n', '499', '500', '501', '502', '503', '504', null, null, null, null, null, 84, '48_05_CDTK13', null, null, null, null, null, null, null, null, null, null, null, null);

insert into RCV_GDIEN_TKHAI (ID, TEN_CTIEU, COT_01, COT_02, COT_03, COT_04, COT_05, COT_06, COT_07, COT_08, COT_09, COT_10, COT_11, SO_TT, LOAI_DLIEU, MA_CTIEU, COT_12, COT_13, COT_14, COT_15, COT_16, COT_17, COT_18, COT_19, COT_20, COT_21, COT_22)
values (6206, 'Qu¿ ph¿t tri¿n khoa h¿c v¿ c¿ng ngh¿', '547', '548', '549', '550', '551', '552', null, null, null, null, null, 92, '48_05_CDTK13', null, null, null, null, null, null, null, null, null, null, null, null);

insert into RCV_GDIEN_TKHAI (ID, TEN_CTIEU, COT_01, COT_02, COT_03, COT_04, COT_05, COT_06, COT_07, COT_08, COT_09, COT_10, COT_11, SO_TT, LOAI_DLIEU, MA_CTIEU, COT_12, COT_13, COT_14, COT_15, COT_16, COT_17, COT_18, COT_19, COT_20, COT_21, COT_22)
values (6212, 'V¿n kh¿c', '583', '584', '585', '586', '587', '588', null, null, null, null, null, 98, '48_05_CDTK13', null, null, null, null, null, null, null, null, null, null, null, null);

insert into RCV_GDIEN_TKHAI (ID, TEN_CTIEU, COT_01, COT_02, COT_03, COT_04, COT_05, COT_06, COT_07, COT_08, COT_09, COT_10, COT_11, SO_TT, LOAI_DLIEU, MA_CTIEU, COT_12, COT_13, COT_14, COT_15, COT_16, COT_17, COT_18, COT_19, COT_20, COT_21, COT_22)
values (6218, 'L¿i nhu¿n ch¿a ph¿n ph¿i n¿m nay', '619', '620', '621', '622', '623', '624', null, null, null, null, null, 104, '48_05_CDTK13', null, null, null, null, null, null, null, null, null, null, null, null);

insert into RCV_GDIEN_TKHAI (ID, TEN_CTIEU, COT_01, COT_02, COT_03, COT_04, COT_05, COT_06, COT_07, COT_08, COT_09, COT_10, COT_11, SO_TT, LOAI_DLIEU, MA_CTIEU, COT_12, COT_13, COT_14, COT_15, COT_16, COT_17, COT_18, COT_19, COT_20, COT_21, COT_22)
values (6226, 'Chi¿t kh¿u th¿¿ng m¿i', '667', '668', '669', '670', '671', '672', null, null, null, null, null, 112, '48_05_CDTK13', null, null, null, null, null, null, null, null, null, null, null, null);

insert into RCV_GDIEN_TKHAI (ID, TEN_CTIEU, COT_01, COT_02, COT_03, COT_04, COT_05, COT_06, COT_07, COT_08, COT_09, COT_10, COT_11, SO_TT, LOAI_DLIEU, MA_CTIEU, COT_12, COT_13, COT_14, COT_15, COT_16, COT_17, COT_18, COT_19, COT_20, COT_21, COT_22)
values (6230, 'Gi¿ th¿nh s¿n xu¿t', '691', '692', '693', '694', '695', '696', null, null, null, null, null, 116, '48_05_CDTK13', null, null, null, null, null, null, null, null, null, null, null, null);

insert into RCV_GDIEN_TKHAI (ID, TEN_CTIEU, COT_01, COT_02, COT_03, COT_04, COT_05, COT_06, COT_07, COT_08, COT_09, COT_10, COT_11, SO_TT, LOAI_DLIEU, MA_CTIEU, COT_12, COT_13, COT_14, COT_15, COT_16, COT_17, COT_18, COT_19, COT_20, COT_21, COT_22)
values (6232, 'Chi ph¿ t¿i ch¿nh', '703', '704', '705', '706', '707', '708', null, null, null, null, null, 118, '48_05_CDTK13', null, null, null, null, null, null, null, null, null, null, null, null);

insert into RCV_GDIEN_TKHAI (ID, TEN_CTIEU, COT_01, COT_02, COT_03, COT_04, COT_05, COT_06, COT_07, COT_08, COT_09, COT_10, COT_11, SO_TT, LOAI_DLIEU, MA_CTIEU, COT_12, COT_13, COT_14, COT_15, COT_16, COT_17, COT_18, COT_19, COT_20, COT_21, COT_22)
values (6237, 'Chi ph¿ kh¿c', '733', '734', '735', '736', '737', '738', null, null, null, null, null, 123, '48_05_CDTK13', null, null, null, null, null, null, null, null, null, null, null, null);

insert into RCV_GDIEN_TKHAI (ID, TEN_CTIEU, COT_01, COT_02, COT_03, COT_04, COT_05, COT_06, COT_07, COT_08, COT_09, COT_10, COT_11, SO_TT, LOAI_DLIEU, MA_CTIEU, COT_12, COT_13, COT_14, COT_15, COT_16, COT_17, COT_18, COT_19, COT_20, COT_21, COT_22)
values (6241, 'T¿i s¿n thu¿ ngo¿i', '751', '752', '753', '754', '755', '756', null, null, null, null, null, 127, '48_05_CDTK13', null, null, null, null, null, null, null, null, null, null, null, null);

	--RCV_MAP_CTIEU		
insert into RCV_MAP_CTIEU (LOAI_DLIEU, KY_HIEU, KIEU_DLIEU, GDN_ID, KY_HIEU_CTIEU)
values ('48_05_CDTK13', '1', 'N', 6115, null);

insert into RCV_MAP_CTIEU (LOAI_DLIEU, KY_HIEU, KIEU_DLIEU, GDN_ID, KY_HIEU_CTIEU)
values ('48_05_CDTK13', '10', 'N', 6116, null);

insert into RCV_MAP_CTIEU (LOAI_DLIEU, KY_HIEU, KIEU_DLIEU, GDN_ID, KY_HIEU_CTIEU)
values ('48_05_CDTK13', '100', 'N', 6131, null);

insert into RCV_MAP_CTIEU (LOAI_DLIEU, KY_HIEU, KIEU_DLIEU, GDN_ID, KY_HIEU_CTIEU)
values ('48_05_CDTK13', '101', 'N', 6131, null);

insert into RCV_MAP_CTIEU (LOAI_DLIEU, KY_HIEU, KIEU_DLIEU, GDN_ID, KY_HIEU_CTIEU)
values ('48_05_CDTK13', '102', 'N', 6131, null);

insert into RCV_MAP_CTIEU (LOAI_DLIEU, KY_HIEU, KIEU_DLIEU, GDN_ID, KY_HIEU_CTIEU)
values ('48_05_CDTK13', '103', 'N', 6132, null);

insert into RCV_MAP_CTIEU (LOAI_DLIEU, KY_HIEU, KIEU_DLIEU, GDN_ID, KY_HIEU_CTIEU)
values ('48_05_CDTK13', '104', 'N', 6132, null);

insert into RCV_MAP_CTIEU (LOAI_DLIEU, KY_HIEU, KIEU_DLIEU, GDN_ID, KY_HIEU_CTIEU)
values ('48_05_CDTK13', '105', 'N', 6132, null);

insert into RCV_MAP_CTIEU (LOAI_DLIEU, KY_HIEU, KIEU_DLIEU, GDN_ID, KY_HIEU_CTIEU)
values ('48_05_CDTK13', '106', 'N', 6132, null);

insert into RCV_MAP_CTIEU (LOAI_DLIEU, KY_HIEU, KIEU_DLIEU, GDN_ID, KY_HIEU_CTIEU)
values ('48_05_CDTK13', '107', 'N', 6132, null);

insert into RCV_MAP_CTIEU (LOAI_DLIEU, KY_HIEU, KIEU_DLIEU, GDN_ID, KY_HIEU_CTIEU)
values ('48_05_CDTK13', '108', 'N', 6132, null);

insert into RCV_MAP_CTIEU (LOAI_DLIEU, KY_HIEU, KIEU_DLIEU, GDN_ID, KY_HIEU_CTIEU)
values ('48_05_CDTK13', '109', 'N', 6133, null);

insert into RCV_MAP_CTIEU (LOAI_DLIEU, KY_HIEU, KIEU_DLIEU, GDN_ID, KY_HIEU_CTIEU)
values ('48_05_CDTK13', '11', 'N', 6116, null);

insert into RCV_MAP_CTIEU (LOAI_DLIEU, KY_HIEU, KIEU_DLIEU, GDN_ID, KY_HIEU_CTIEU)
values ('48_05_CDTK13', '110', 'N', 6133, null);

insert into RCV_MAP_CTIEU (LOAI_DLIEU, KY_HIEU, KIEU_DLIEU, GDN_ID, KY_HIEU_CTIEU)
values ('48_05_CDTK13', '111', 'N', 6133, null);

insert into RCV_MAP_CTIEU (LOAI_DLIEU, KY_HIEU, KIEU_DLIEU, GDN_ID, KY_HIEU_CTIEU)
values ('48_05_CDTK13', '112', 'N', 6133, null);

insert into RCV_MAP_CTIEU (LOAI_DLIEU, KY_HIEU, KIEU_DLIEU, GDN_ID, KY_HIEU_CTIEU)
values ('48_05_CDTK13', '113', 'N', 6133, null);

insert into RCV_MAP_CTIEU (LOAI_DLIEU, KY_HIEU, KIEU_DLIEU, GDN_ID, KY_HIEU_CTIEU)
values ('48_05_CDTK13', '114', 'N', 6133, null);

insert into RCV_MAP_CTIEU (LOAI_DLIEU, KY_HIEU, KIEU_DLIEU, GDN_ID, KY_HIEU_CTIEU)
values ('48_05_CDTK13', '115', 'N', 6134, null);

insert into RCV_MAP_CTIEU (LOAI_DLIEU, KY_HIEU, KIEU_DLIEU, GDN_ID, KY_HIEU_CTIEU)
values ('48_05_CDTK13', '116', 'N', 6134, null);

insert into RCV_MAP_CTIEU (LOAI_DLIEU, KY_HIEU, KIEU_DLIEU, GDN_ID, KY_HIEU_CTIEU)
values ('48_05_CDTK13', '117', 'N', 6134, null);

insert into RCV_MAP_CTIEU (LOAI_DLIEU, KY_HIEU, KIEU_DLIEU, GDN_ID, KY_HIEU_CTIEU)
values ('48_05_CDTK13', '118', 'N', 6134, null);

insert into RCV_MAP_CTIEU (LOAI_DLIEU, KY_HIEU, KIEU_DLIEU, GDN_ID, KY_HIEU_CTIEU)
values ('48_05_CDTK13', '119', 'N', 6134, null);

insert into RCV_MAP_CTIEU (LOAI_DLIEU, KY_HIEU, KIEU_DLIEU, GDN_ID, KY_HIEU_CTIEU)
values ('48_05_CDTK13', '12', 'N', 6116, null);

insert into RCV_MAP_CTIEU (LOAI_DLIEU, KY_HIEU, KIEU_DLIEU, GDN_ID, KY_HIEU_CTIEU)
values ('48_05_CDTK13', '120', 'N', 6134, null);

insert into RCV_MAP_CTIEU (LOAI_DLIEU, KY_HIEU, KIEU_DLIEU, GDN_ID, KY_HIEU_CTIEU)
values ('48_05_CDTK13', '121', 'N', 6135, null);

insert into RCV_MAP_CTIEU (LOAI_DLIEU, KY_HIEU, KIEU_DLIEU, GDN_ID, KY_HIEU_CTIEU)
values ('48_05_CDTK13', '122', 'N', 6135, null);

insert into RCV_MAP_CTIEU (LOAI_DLIEU, KY_HIEU, KIEU_DLIEU, GDN_ID, KY_HIEU_CTIEU)
values ('48_05_CDTK13', '123', 'N', 6135, null);

insert into RCV_MAP_CTIEU (LOAI_DLIEU, KY_HIEU, KIEU_DLIEU, GDN_ID, KY_HIEU_CTIEU)
values ('48_05_CDTK13', '124', 'N', 6135, null);

insert into RCV_MAP_CTIEU (LOAI_DLIEU, KY_HIEU, KIEU_DLIEU, GDN_ID, KY_HIEU_CTIEU)
values ('48_05_CDTK13', '125', 'N', 6135, null);

insert into RCV_MAP_CTIEU (LOAI_DLIEU, KY_HIEU, KIEU_DLIEU, GDN_ID, KY_HIEU_CTIEU)
values ('48_05_CDTK13', '126', 'N', 6135, null);

insert into RCV_MAP_CTIEU (LOAI_DLIEU, KY_HIEU, KIEU_DLIEU, GDN_ID, KY_HIEU_CTIEU)
values ('48_05_CDTK13', '127', 'N', 6136, null);

insert into RCV_MAP_CTIEU (LOAI_DLIEU, KY_HIEU, KIEU_DLIEU, GDN_ID, KY_HIEU_CTIEU)
values ('48_05_CDTK13', '128', 'N', 6136, null);

insert into RCV_MAP_CTIEU (LOAI_DLIEU, KY_HIEU, KIEU_DLIEU, GDN_ID, KY_HIEU_CTIEU)
values ('48_05_CDTK13', '129', 'N', 6136, null);

insert into RCV_MAP_CTIEU (LOAI_DLIEU, KY_HIEU, KIEU_DLIEU, GDN_ID, KY_HIEU_CTIEU)
values ('48_05_CDTK13', '13', 'N', 6117, null);

insert into RCV_MAP_CTIEU (LOAI_DLIEU, KY_HIEU, KIEU_DLIEU, GDN_ID, KY_HIEU_CTIEU)
values ('48_05_CDTK13', '130', 'N', 6136, null);

insert into RCV_MAP_CTIEU (LOAI_DLIEU, KY_HIEU, KIEU_DLIEU, GDN_ID, KY_HIEU_CTIEU)
values ('48_05_CDTK13', '131', 'N', 6136, null);

insert into RCV_MAP_CTIEU (LOAI_DLIEU, KY_HIEU, KIEU_DLIEU, GDN_ID, KY_HIEU_CTIEU)
values ('48_05_CDTK13', '132', 'N', 6136, null);

insert into RCV_MAP_CTIEU (LOAI_DLIEU, KY_HIEU, KIEU_DLIEU, GDN_ID, KY_HIEU_CTIEU)
values ('48_05_CDTK13', '133', 'N', 6137, null);

insert into RCV_MAP_CTIEU (LOAI_DLIEU, KY_HIEU, KIEU_DLIEU, GDN_ID, KY_HIEU_CTIEU)
values ('48_05_CDTK13', '134', 'N', 6137, null);

insert into RCV_MAP_CTIEU (LOAI_DLIEU, KY_HIEU, KIEU_DLIEU, GDN_ID, KY_HIEU_CTIEU)
values ('48_05_CDTK13', '135', 'N', 6137, null);

insert into RCV_MAP_CTIEU (LOAI_DLIEU, KY_HIEU, KIEU_DLIEU, GDN_ID, KY_HIEU_CTIEU)
values ('48_05_CDTK13', '136', 'N', 6137, null);

insert into RCV_MAP_CTIEU (LOAI_DLIEU, KY_HIEU, KIEU_DLIEU, GDN_ID, KY_HIEU_CTIEU)
values ('48_05_CDTK13', '137', 'N', 6137, null);

insert into RCV_MAP_CTIEU (LOAI_DLIEU, KY_HIEU, KIEU_DLIEU, GDN_ID, KY_HIEU_CTIEU)
values ('48_05_CDTK13', '138', 'N', 6137, null);

insert into RCV_MAP_CTIEU (LOAI_DLIEU, KY_HIEU, KIEU_DLIEU, GDN_ID, KY_HIEU_CTIEU)
values ('48_05_CDTK13', '139', 'N', 6138, null);

insert into RCV_MAP_CTIEU (LOAI_DLIEU, KY_HIEU, KIEU_DLIEU, GDN_ID, KY_HIEU_CTIEU)
values ('48_05_CDTK13', '14', 'N', 6117, null);

insert into RCV_MAP_CTIEU (LOAI_DLIEU, KY_HIEU, KIEU_DLIEU, GDN_ID, KY_HIEU_CTIEU)
values ('48_05_CDTK13', '140', 'N', 6138, null);

insert into RCV_MAP_CTIEU (LOAI_DLIEU, KY_HIEU, KIEU_DLIEU, GDN_ID, KY_HIEU_CTIEU)
values ('48_05_CDTK13', '141', 'N', 6138, null);

insert into RCV_MAP_CTIEU (LOAI_DLIEU, KY_HIEU, KIEU_DLIEU, GDN_ID, KY_HIEU_CTIEU)
values ('48_05_CDTK13', '142', 'N', 6138, null);

insert into RCV_MAP_CTIEU (LOAI_DLIEU, KY_HIEU, KIEU_DLIEU, GDN_ID, KY_HIEU_CTIEU)
values ('48_05_CDTK13', '143', 'N', 6138, null);

insert into RCV_MAP_CTIEU (LOAI_DLIEU, KY_HIEU, KIEU_DLIEU, GDN_ID, KY_HIEU_CTIEU)
values ('48_05_CDTK13', '144', 'N', 6138, null);

insert into RCV_MAP_CTIEU (LOAI_DLIEU, KY_HIEU, KIEU_DLIEU, GDN_ID, KY_HIEU_CTIEU)
values ('48_05_CDTK13', '145', 'N', 6139, null);

insert into RCV_MAP_CTIEU (LOAI_DLIEU, KY_HIEU, KIEU_DLIEU, GDN_ID, KY_HIEU_CTIEU)
values ('48_05_CDTK13', '146', 'N', 6139, null);

insert into RCV_MAP_CTIEU (LOAI_DLIEU, KY_HIEU, KIEU_DLIEU, GDN_ID, KY_HIEU_CTIEU)
values ('48_05_CDTK13', '147', 'N', 6139, null);

insert into RCV_MAP_CTIEU (LOAI_DLIEU, KY_HIEU, KIEU_DLIEU, GDN_ID, KY_HIEU_CTIEU)
values ('48_05_CDTK13', '148', 'N', 6139, null);

insert into RCV_MAP_CTIEU (LOAI_DLIEU, KY_HIEU, KIEU_DLIEU, GDN_ID, KY_HIEU_CTIEU)
values ('48_05_CDTK13', '149', 'N', 6139, null);

insert into RCV_MAP_CTIEU (LOAI_DLIEU, KY_HIEU, KIEU_DLIEU, GDN_ID, KY_HIEU_CTIEU)
values ('48_05_CDTK13', '15', 'N', 6117, null);

insert into RCV_MAP_CTIEU (LOAI_DLIEU, KY_HIEU, KIEU_DLIEU, GDN_ID, KY_HIEU_CTIEU)
values ('48_05_CDTK13', '150', 'N', 6139, null);

insert into RCV_MAP_CTIEU (LOAI_DLIEU, KY_HIEU, KIEU_DLIEU, GDN_ID, KY_HIEU_CTIEU)
values ('48_05_CDTK13', '151', 'N', 6140, null);

insert into RCV_MAP_CTIEU (LOAI_DLIEU, KY_HIEU, KIEU_DLIEU, GDN_ID, KY_HIEU_CTIEU)
values ('48_05_CDTK13', '152', 'N', 6140, null);

insert into RCV_MAP_CTIEU (LOAI_DLIEU, KY_HIEU, KIEU_DLIEU, GDN_ID, KY_HIEU_CTIEU)
values ('48_05_CDTK13', '153', 'N', 6140, null);

insert into RCV_MAP_CTIEU (LOAI_DLIEU, KY_HIEU, KIEU_DLIEU, GDN_ID, KY_HIEU_CTIEU)
values ('48_05_CDTK13', '154', 'N', 6140, null);

insert into RCV_MAP_CTIEU (LOAI_DLIEU, KY_HIEU, KIEU_DLIEU, GDN_ID, KY_HIEU_CTIEU)
values ('48_05_CDTK13', '155', 'N', 6140, null);

insert into RCV_MAP_CTIEU (LOAI_DLIEU, KY_HIEU, KIEU_DLIEU, GDN_ID, KY_HIEU_CTIEU)
values ('48_05_CDTK13', '156', 'N', 6140, null);

insert into RCV_MAP_CTIEU (LOAI_DLIEU, KY_HIEU, KIEU_DLIEU, GDN_ID, KY_HIEU_CTIEU)
values ('48_05_CDTK13', '157', 'N', 6141, null);

insert into RCV_MAP_CTIEU (LOAI_DLIEU, KY_HIEU, KIEU_DLIEU, GDN_ID, KY_HIEU_CTIEU)
values ('48_05_CDTK13', '158', 'N', 6141, null);

insert into RCV_MAP_CTIEU (LOAI_DLIEU, KY_HIEU, KIEU_DLIEU, GDN_ID, KY_HIEU_CTIEU)
values ('48_05_CDTK13', '159', 'N', 6141, null);

insert into RCV_MAP_CTIEU (LOAI_DLIEU, KY_HIEU, KIEU_DLIEU, GDN_ID, KY_HIEU_CTIEU)
values ('48_05_CDTK13', '16', 'N', 6117, null);

insert into RCV_MAP_CTIEU (LOAI_DLIEU, KY_HIEU, KIEU_DLIEU, GDN_ID, KY_HIEU_CTIEU)
values ('48_05_CDTK13', '160', 'N', 6141, null);

insert into RCV_MAP_CTIEU (LOAI_DLIEU, KY_HIEU, KIEU_DLIEU, GDN_ID, KY_HIEU_CTIEU)
values ('48_05_CDTK13', '161', 'N', 6141, null);

insert into RCV_MAP_CTIEU (LOAI_DLIEU, KY_HIEU, KIEU_DLIEU, GDN_ID, KY_HIEU_CTIEU)
values ('48_05_CDTK13', '162', 'N', 6141, null);

insert into RCV_MAP_CTIEU (LOAI_DLIEU, KY_HIEU, KIEU_DLIEU, GDN_ID, KY_HIEU_CTIEU)
values ('48_05_CDTK13', '163', 'N', 6142, null);

insert into RCV_MAP_CTIEU (LOAI_DLIEU, KY_HIEU, KIEU_DLIEU, GDN_ID, KY_HIEU_CTIEU)
values ('48_05_CDTK13', '164', 'N', 6142, null);

insert into RCV_MAP_CTIEU (LOAI_DLIEU, KY_HIEU, KIEU_DLIEU, GDN_ID, KY_HIEU_CTIEU)
values ('48_05_CDTK13', '165', 'N', 6142, null);

insert into RCV_MAP_CTIEU (LOAI_DLIEU, KY_HIEU, KIEU_DLIEU, GDN_ID, KY_HIEU_CTIEU)
values ('48_05_CDTK13', '166', 'N', 6142, null);

insert into RCV_MAP_CTIEU (LOAI_DLIEU, KY_HIEU, KIEU_DLIEU, GDN_ID, KY_HIEU_CTIEU)
values ('48_05_CDTK13', '167', 'N', 6142, null);

insert into RCV_MAP_CTIEU (LOAI_DLIEU, KY_HIEU, KIEU_DLIEU, GDN_ID, KY_HIEU_CTIEU)
values ('48_05_CDTK13', '168', 'N', 6142, null);

insert into RCV_MAP_CTIEU (LOAI_DLIEU, KY_HIEU, KIEU_DLIEU, GDN_ID, KY_HIEU_CTIEU)
values ('48_05_CDTK13', '169', 'N', 6143, null);

insert into RCV_MAP_CTIEU (LOAI_DLIEU, KY_HIEU, KIEU_DLIEU, GDN_ID, KY_HIEU_CTIEU)
values ('48_05_CDTK13', '17', 'N', 6117, null);

insert into RCV_MAP_CTIEU (LOAI_DLIEU, KY_HIEU, KIEU_DLIEU, GDN_ID, KY_HIEU_CTIEU)
values ('48_05_CDTK13', '170', 'N', 6143, null);

insert into RCV_MAP_CTIEU (LOAI_DLIEU, KY_HIEU, KIEU_DLIEU, GDN_ID, KY_HIEU_CTIEU)
values ('48_05_CDTK13', '171', 'N', 6143, null);

insert into RCV_MAP_CTIEU (LOAI_DLIEU, KY_HIEU, KIEU_DLIEU, GDN_ID, KY_HIEU_CTIEU)
values ('48_05_CDTK13', '172', 'N', 6143, null);

insert into RCV_MAP_CTIEU (LOAI_DLIEU, KY_HIEU, KIEU_DLIEU, GDN_ID, KY_HIEU_CTIEU)
values ('48_05_CDTK13', '173', 'N', 6143, null);

insert into RCV_MAP_CTIEU (LOAI_DLIEU, KY_HIEU, KIEU_DLIEU, GDN_ID, KY_HIEU_CTIEU)
values ('48_05_CDTK13', '174', 'N', 6143, null);

insert into RCV_MAP_CTIEU (LOAI_DLIEU, KY_HIEU, KIEU_DLIEU, GDN_ID, KY_HIEU_CTIEU)
values ('48_05_CDTK13', '175', 'N', 6144, null);

insert into RCV_MAP_CTIEU (LOAI_DLIEU, KY_HIEU, KIEU_DLIEU, GDN_ID, KY_HIEU_CTIEU)
values ('48_05_CDTK13', '176', 'N', 6144, null);

insert into RCV_MAP_CTIEU (LOAI_DLIEU, KY_HIEU, KIEU_DLIEU, GDN_ID, KY_HIEU_CTIEU)
values ('48_05_CDTK13', '177', 'N', 6144, null);

insert into RCV_MAP_CTIEU (LOAI_DLIEU, KY_HIEU, KIEU_DLIEU, GDN_ID, KY_HIEU_CTIEU)
values ('48_05_CDTK13', '178', 'N', 6144, null);

insert into RCV_MAP_CTIEU (LOAI_DLIEU, KY_HIEU, KIEU_DLIEU, GDN_ID, KY_HIEU_CTIEU)
values ('48_05_CDTK13', '179', 'N', 6144, null);

insert into RCV_MAP_CTIEU (LOAI_DLIEU, KY_HIEU, KIEU_DLIEU, GDN_ID, KY_HIEU_CTIEU)
values ('48_05_CDTK13', '18', 'N', 6117, null);

insert into RCV_MAP_CTIEU (LOAI_DLIEU, KY_HIEU, KIEU_DLIEU, GDN_ID, KY_HIEU_CTIEU)
values ('48_05_CDTK13', '180', 'N', 6144, null);

insert into RCV_MAP_CTIEU (LOAI_DLIEU, KY_HIEU, KIEU_DLIEU, GDN_ID, KY_HIEU_CTIEU)
values ('48_05_CDTK13', '181', 'N', 6145, null);

insert into RCV_MAP_CTIEU (LOAI_DLIEU, KY_HIEU, KIEU_DLIEU, GDN_ID, KY_HIEU_CTIEU)
values ('48_05_CDTK13', '182', 'N', 6145, null);

insert into RCV_MAP_CTIEU (LOAI_DLIEU, KY_HIEU, KIEU_DLIEU, GDN_ID, KY_HIEU_CTIEU)
values ('48_05_CDTK13', '183', 'N', 6145, null);

insert into RCV_MAP_CTIEU (LOAI_DLIEU, KY_HIEU, KIEU_DLIEU, GDN_ID, KY_HIEU_CTIEU)
values ('48_05_CDTK13', '184', 'N', 6145, null);

insert into RCV_MAP_CTIEU (LOAI_DLIEU, KY_HIEU, KIEU_DLIEU, GDN_ID, KY_HIEU_CTIEU)
values ('48_05_CDTK13', '185', 'N', 6145, null);

insert into RCV_MAP_CTIEU (LOAI_DLIEU, KY_HIEU, KIEU_DLIEU, GDN_ID, KY_HIEU_CTIEU)
values ('48_05_CDTK13', '186', 'N', 6145, null);

insert into RCV_MAP_CTIEU (LOAI_DLIEU, KY_HIEU, KIEU_DLIEU, GDN_ID, KY_HIEU_CTIEU)
values ('48_05_CDTK13', '187', 'N', 6146, null);

insert into RCV_MAP_CTIEU (LOAI_DLIEU, KY_HIEU, KIEU_DLIEU, GDN_ID, KY_HIEU_CTIEU)
values ('48_05_CDTK13', '188', 'N', 6146, null);

insert into RCV_MAP_CTIEU (LOAI_DLIEU, KY_HIEU, KIEU_DLIEU, GDN_ID, KY_HIEU_CTIEU)
values ('48_05_CDTK13', '189', 'N', 6146, null);

insert into RCV_MAP_CTIEU (LOAI_DLIEU, KY_HIEU, KIEU_DLIEU, GDN_ID, KY_HIEU_CTIEU)
values ('48_05_CDTK13', '19', 'N', 6118, null);

insert into RCV_MAP_CTIEU (LOAI_DLIEU, KY_HIEU, KIEU_DLIEU, GDN_ID, KY_HIEU_CTIEU)
values ('48_05_CDTK13', '190', 'N', 6146, null);

insert into RCV_MAP_CTIEU (LOAI_DLIEU, KY_HIEU, KIEU_DLIEU, GDN_ID, KY_HIEU_CTIEU)
values ('48_05_CDTK13', '191', 'N', 6146, null);

insert into RCV_MAP_CTIEU (LOAI_DLIEU, KY_HIEU, KIEU_DLIEU, GDN_ID, KY_HIEU_CTIEU)
values ('48_05_CDTK13', '192', 'N', 6146, null);

insert into RCV_MAP_CTIEU (LOAI_DLIEU, KY_HIEU, KIEU_DLIEU, GDN_ID, KY_HIEU_CTIEU)
values ('48_05_CDTK13', '193', 'N', 6147, null);

insert into RCV_MAP_CTIEU (LOAI_DLIEU, KY_HIEU, KIEU_DLIEU, GDN_ID, KY_HIEU_CTIEU)
values ('48_05_CDTK13', '194', 'N', 6147, null);

insert into RCV_MAP_CTIEU (LOAI_DLIEU, KY_HIEU, KIEU_DLIEU, GDN_ID, KY_HIEU_CTIEU)
values ('48_05_CDTK13', '195', 'N', 6147, null);

insert into RCV_MAP_CTIEU (LOAI_DLIEU, KY_HIEU, KIEU_DLIEU, GDN_ID, KY_HIEU_CTIEU)
values ('48_05_CDTK13', '196', 'N', 6147, null);

insert into RCV_MAP_CTIEU (LOAI_DLIEU, KY_HIEU, KIEU_DLIEU, GDN_ID, KY_HIEU_CTIEU)
values ('48_05_CDTK13', '197', 'N', 6147, null);

insert into RCV_MAP_CTIEU (LOAI_DLIEU, KY_HIEU, KIEU_DLIEU, GDN_ID, KY_HIEU_CTIEU)
values ('48_05_CDTK13', '198', 'N', 6147, null);

insert into RCV_MAP_CTIEU (LOAI_DLIEU, KY_HIEU, KIEU_DLIEU, GDN_ID, KY_HIEU_CTIEU)
values ('48_05_CDTK13', '199', 'N', 6148, null);

insert into RCV_MAP_CTIEU (LOAI_DLIEU, KY_HIEU, KIEU_DLIEU, GDN_ID, KY_HIEU_CTIEU)
values ('48_05_CDTK13', '2', 'N', 6115, null);

insert into RCV_MAP_CTIEU (LOAI_DLIEU, KY_HIEU, KIEU_DLIEU, GDN_ID, KY_HIEU_CTIEU)
values ('48_05_CDTK13', '20', 'N', 6118, null);

insert into RCV_MAP_CTIEU (LOAI_DLIEU, KY_HIEU, KIEU_DLIEU, GDN_ID, KY_HIEU_CTIEU)
values ('48_05_CDTK13', '200', 'N', 6148, null);

insert into RCV_MAP_CTIEU (LOAI_DLIEU, KY_HIEU, KIEU_DLIEU, GDN_ID, KY_HIEU_CTIEU)
values ('48_05_CDTK13', '201', 'N', 6148, null);

insert into RCV_MAP_CTIEU (LOAI_DLIEU, KY_HIEU, KIEU_DLIEU, GDN_ID, KY_HIEU_CTIEU)
values ('48_05_CDTK13', '202', 'N', 6148, null);

insert into RCV_MAP_CTIEU (LOAI_DLIEU, KY_HIEU, KIEU_DLIEU, GDN_ID, KY_HIEU_CTIEU)
values ('48_05_CDTK13', '203', 'N', 6148, null);

insert into RCV_MAP_CTIEU (LOAI_DLIEU, KY_HIEU, KIEU_DLIEU, GDN_ID, KY_HIEU_CTIEU)
values ('48_05_CDTK13', '204', 'N', 6148, null);

insert into RCV_MAP_CTIEU (LOAI_DLIEU, KY_HIEU, KIEU_DLIEU, GDN_ID, KY_HIEU_CTIEU)
values ('48_05_CDTK13', '205', 'N', 6149, null);

insert into RCV_MAP_CTIEU (LOAI_DLIEU, KY_HIEU, KIEU_DLIEU, GDN_ID, KY_HIEU_CTIEU)
values ('48_05_CDTK13', '206', 'N', 6149, null);

insert into RCV_MAP_CTIEU (LOAI_DLIEU, KY_HIEU, KIEU_DLIEU, GDN_ID, KY_HIEU_CTIEU)
values ('48_05_CDTK13', '207', 'N', 6149, null);

insert into RCV_MAP_CTIEU (LOAI_DLIEU, KY_HIEU, KIEU_DLIEU, GDN_ID, KY_HIEU_CTIEU)
values ('48_05_CDTK13', '208', 'N', 6149, null);

insert into RCV_MAP_CTIEU (LOAI_DLIEU, KY_HIEU, KIEU_DLIEU, GDN_ID, KY_HIEU_CTIEU)
values ('48_05_CDTK13', '209', 'N', 6149, null);

insert into RCV_MAP_CTIEU (LOAI_DLIEU, KY_HIEU, KIEU_DLIEU, GDN_ID, KY_HIEU_CTIEU)
values ('48_05_CDTK13', '21', 'N', 6118, null);

insert into RCV_MAP_CTIEU (LOAI_DLIEU, KY_HIEU, KIEU_DLIEU, GDN_ID, KY_HIEU_CTIEU)
values ('48_05_CDTK13', '210', 'N', 6149, null);

insert into RCV_MAP_CTIEU (LOAI_DLIEU, KY_HIEU, KIEU_DLIEU, GDN_ID, KY_HIEU_CTIEU)
values ('48_05_CDTK13', '211', 'N', 6150, null);

insert into RCV_MAP_CTIEU (LOAI_DLIEU, KY_HIEU, KIEU_DLIEU, GDN_ID, KY_HIEU_CTIEU)
values ('48_05_CDTK13', '212', 'N', 6150, null);

insert into RCV_MAP_CTIEU (LOAI_DLIEU, KY_HIEU, KIEU_DLIEU, GDN_ID, KY_HIEU_CTIEU)
values ('48_05_CDTK13', '213', 'N', 6150, null);

insert into RCV_MAP_CTIEU (LOAI_DLIEU, KY_HIEU, KIEU_DLIEU, GDN_ID, KY_HIEU_CTIEU)
values ('48_05_CDTK13', '214', 'N', 6150, null);

insert into RCV_MAP_CTIEU (LOAI_DLIEU, KY_HIEU, KIEU_DLIEU, GDN_ID, KY_HIEU_CTIEU)
values ('48_05_CDTK13', '215', 'N', 6150, null);

insert into RCV_MAP_CTIEU (LOAI_DLIEU, KY_HIEU, KIEU_DLIEU, GDN_ID, KY_HIEU_CTIEU)
values ('48_05_CDTK13', '216', 'N', 6150, null);

insert into RCV_MAP_CTIEU (LOAI_DLIEU, KY_HIEU, KIEU_DLIEU, GDN_ID, KY_HIEU_CTIEU)
values ('48_05_CDTK13', '217', 'N', 6151, null);

insert into RCV_MAP_CTIEU (LOAI_DLIEU, KY_HIEU, KIEU_DLIEU, GDN_ID, KY_HIEU_CTIEU)
values ('48_05_CDTK13', '218', 'N', 6151, null);

insert into RCV_MAP_CTIEU (LOAI_DLIEU, KY_HIEU, KIEU_DLIEU, GDN_ID, KY_HIEU_CTIEU)
values ('48_05_CDTK13', '219', 'N', 6151, null);

insert into RCV_MAP_CTIEU (LOAI_DLIEU, KY_HIEU, KIEU_DLIEU, GDN_ID, KY_HIEU_CTIEU)
values ('48_05_CDTK13', '22', 'N', 6118, null);

insert into RCV_MAP_CTIEU (LOAI_DLIEU, KY_HIEU, KIEU_DLIEU, GDN_ID, KY_HIEU_CTIEU)
values ('48_05_CDTK13', '220', 'N', 6151, null);

insert into RCV_MAP_CTIEU (LOAI_DLIEU, KY_HIEU, KIEU_DLIEU, GDN_ID, KY_HIEU_CTIEU)
values ('48_05_CDTK13', '221', 'N', 6151, null);

insert into RCV_MAP_CTIEU (LOAI_DLIEU, KY_HIEU, KIEU_DLIEU, GDN_ID, KY_HIEU_CTIEU)
values ('48_05_CDTK13', '222', 'N', 6151, null);

insert into RCV_MAP_CTIEU (LOAI_DLIEU, KY_HIEU, KIEU_DLIEU, GDN_ID, KY_HIEU_CTIEU)
values ('48_05_CDTK13', '223', 'N', 6152, null);

insert into RCV_MAP_CTIEU (LOAI_DLIEU, KY_HIEU, KIEU_DLIEU, GDN_ID, KY_HIEU_CTIEU)
values ('48_05_CDTK13', '224', 'N', 6152, null);

insert into RCV_MAP_CTIEU (LOAI_DLIEU, KY_HIEU, KIEU_DLIEU, GDN_ID, KY_HIEU_CTIEU)
values ('48_05_CDTK13', '225', 'N', 6152, null);

insert into RCV_MAP_CTIEU (LOAI_DLIEU, KY_HIEU, KIEU_DLIEU, GDN_ID, KY_HIEU_CTIEU)
values ('48_05_CDTK13', '226', 'N', 6152, null);

insert into RCV_MAP_CTIEU (LOAI_DLIEU, KY_HIEU, KIEU_DLIEU, GDN_ID, KY_HIEU_CTIEU)
values ('48_05_CDTK13', '227', 'N', 6152, null);

insert into RCV_MAP_CTIEU (LOAI_DLIEU, KY_HIEU, KIEU_DLIEU, GDN_ID, KY_HIEU_CTIEU)
values ('48_05_CDTK13', '228', 'N', 6152, null);

insert into RCV_MAP_CTIEU (LOAI_DLIEU, KY_HIEU, KIEU_DLIEU, GDN_ID, KY_HIEU_CTIEU)
values ('48_05_CDTK13', '229', 'N', 6153, null);

insert into RCV_MAP_CTIEU (LOAI_DLIEU, KY_HIEU, KIEU_DLIEU, GDN_ID, KY_HIEU_CTIEU)
values ('48_05_CDTK13', '23', 'N', 6118, null);

insert into RCV_MAP_CTIEU (LOAI_DLIEU, KY_HIEU, KIEU_DLIEU, GDN_ID, KY_HIEU_CTIEU)
values ('48_05_CDTK13', '230', 'N', 6153, null);

insert into RCV_MAP_CTIEU (LOAI_DLIEU, KY_HIEU, KIEU_DLIEU, GDN_ID, KY_HIEU_CTIEU)
values ('48_05_CDTK13', '231', 'N', 6153, null);

insert into RCV_MAP_CTIEU (LOAI_DLIEU, KY_HIEU, KIEU_DLIEU, GDN_ID, KY_HIEU_CTIEU)
values ('48_05_CDTK13', '232', 'N', 6153, null);

insert into RCV_MAP_CTIEU (LOAI_DLIEU, KY_HIEU, KIEU_DLIEU, GDN_ID, KY_HIEU_CTIEU)
values ('48_05_CDTK13', '233', 'N', 6153, null);

insert into RCV_MAP_CTIEU (LOAI_DLIEU, KY_HIEU, KIEU_DLIEU, GDN_ID, KY_HIEU_CTIEU)
values ('48_05_CDTK13', '234', 'N', 6153, null);

insert into RCV_MAP_CTIEU (LOAI_DLIEU, KY_HIEU, KIEU_DLIEU, GDN_ID, KY_HIEU_CTIEU)
values ('48_05_CDTK13', '235', 'N', 6154, null);

insert into RCV_MAP_CTIEU (LOAI_DLIEU, KY_HIEU, KIEU_DLIEU, GDN_ID, KY_HIEU_CTIEU)
values ('48_05_CDTK13', '236', 'N', 6154, null);

insert into RCV_MAP_CTIEU (LOAI_DLIEU, KY_HIEU, KIEU_DLIEU, GDN_ID, KY_HIEU_CTIEU)
values ('48_05_CDTK13', '237', 'N', 6154, null);

insert into RCV_MAP_CTIEU (LOAI_DLIEU, KY_HIEU, KIEU_DLIEU, GDN_ID, KY_HIEU_CTIEU)
values ('48_05_CDTK13', '238', 'N', 6154, null);

insert into RCV_MAP_CTIEU (LOAI_DLIEU, KY_HIEU, KIEU_DLIEU, GDN_ID, KY_HIEU_CTIEU)
values ('48_05_CDTK13', '239', 'N', 6154, null);

insert into RCV_MAP_CTIEU (LOAI_DLIEU, KY_HIEU, KIEU_DLIEU, GDN_ID, KY_HIEU_CTIEU)
values ('48_05_CDTK13', '24', 'N', 6118, null);

insert into RCV_MAP_CTIEU (LOAI_DLIEU, KY_HIEU, KIEU_DLIEU, GDN_ID, KY_HIEU_CTIEU)
values ('48_05_CDTK13', '240', 'N', 6154, null);

insert into RCV_MAP_CTIEU (LOAI_DLIEU, KY_HIEU, KIEU_DLIEU, GDN_ID, KY_HIEU_CTIEU)
values ('48_05_CDTK13', '241', 'N', 6155, null);

insert into RCV_MAP_CTIEU (LOAI_DLIEU, KY_HIEU, KIEU_DLIEU, GDN_ID, KY_HIEU_CTIEU)
values ('48_05_CDTK13', '242', 'N', 6155, null);

insert into RCV_MAP_CTIEU (LOAI_DLIEU, KY_HIEU, KIEU_DLIEU, GDN_ID, KY_HIEU_CTIEU)
values ('48_05_CDTK13', '243', 'N', 6155, null);

insert into RCV_MAP_CTIEU (LOAI_DLIEU, KY_HIEU, KIEU_DLIEU, GDN_ID, KY_HIEU_CTIEU)
values ('48_05_CDTK13', '244', 'N', 6155, null);

insert into RCV_MAP_CTIEU (LOAI_DLIEU, KY_HIEU, KIEU_DLIEU, GDN_ID, KY_HIEU_CTIEU)
values ('48_05_CDTK13', '245', 'N', 6155, null);

insert into RCV_MAP_CTIEU (LOAI_DLIEU, KY_HIEU, KIEU_DLIEU, GDN_ID, KY_HIEU_CTIEU)
values ('48_05_CDTK13', '246', 'N', 6155, null);

insert into RCV_MAP_CTIEU (LOAI_DLIEU, KY_HIEU, KIEU_DLIEU, GDN_ID, KY_HIEU_CTIEU)
values ('48_05_CDTK13', '247', 'N', 6156, null);

insert into RCV_MAP_CTIEU (LOAI_DLIEU, KY_HIEU, KIEU_DLIEU, GDN_ID, KY_HIEU_CTIEU)
values ('48_05_CDTK13', '248', 'N', 6156, null);

insert into RCV_MAP_CTIEU (LOAI_DLIEU, KY_HIEU, KIEU_DLIEU, GDN_ID, KY_HIEU_CTIEU)
values ('48_05_CDTK13', '249', 'N', 6156, null);

insert into RCV_MAP_CTIEU (LOAI_DLIEU, KY_HIEU, KIEU_DLIEU, GDN_ID, KY_HIEU_CTIEU)
values ('48_05_CDTK13', '25', 'N', 6119, null);

insert into RCV_MAP_CTIEU (LOAI_DLIEU, KY_HIEU, KIEU_DLIEU, GDN_ID, KY_HIEU_CTIEU)
values ('48_05_CDTK13', '250', 'N', 6156, null);

insert into RCV_MAP_CTIEU (LOAI_DLIEU, KY_HIEU, KIEU_DLIEU, GDN_ID, KY_HIEU_CTIEU)
values ('48_05_CDTK13', '251', 'N', 6156, null);

insert into RCV_MAP_CTIEU (LOAI_DLIEU, KY_HIEU, KIEU_DLIEU, GDN_ID, KY_HIEU_CTIEU)
values ('48_05_CDTK13', '252', 'N', 6156, null);

insert into RCV_MAP_CTIEU (LOAI_DLIEU, KY_HIEU, KIEU_DLIEU, GDN_ID, KY_HIEU_CTIEU)
values ('48_05_CDTK13', '253', 'N', 6157, null);

insert into RCV_MAP_CTIEU (LOAI_DLIEU, KY_HIEU, KIEU_DLIEU, GDN_ID, KY_HIEU_CTIEU)
values ('48_05_CDTK13', '254', 'N', 6157, null);

insert into RCV_MAP_CTIEU (LOAI_DLIEU, KY_HIEU, KIEU_DLIEU, GDN_ID, KY_HIEU_CTIEU)
values ('48_05_CDTK13', '255', 'N', 6157, null);

insert into RCV_MAP_CTIEU (LOAI_DLIEU, KY_HIEU, KIEU_DLIEU, GDN_ID, KY_HIEU_CTIEU)
values ('48_05_CDTK13', '256', 'N', 6157, null);

insert into RCV_MAP_CTIEU (LOAI_DLIEU, KY_HIEU, KIEU_DLIEU, GDN_ID, KY_HIEU_CTIEU)
values ('48_05_CDTK13', '257', 'N', 6157, null);

insert into RCV_MAP_CTIEU (LOAI_DLIEU, KY_HIEU, KIEU_DLIEU, GDN_ID, KY_HIEU_CTIEU)
values ('48_05_CDTK13', '258', 'N', 6157, null);

insert into RCV_MAP_CTIEU (LOAI_DLIEU, KY_HIEU, KIEU_DLIEU, GDN_ID, KY_HIEU_CTIEU)
values ('48_05_CDTK13', '259', 'N', 6158, null);

insert into RCV_MAP_CTIEU (LOAI_DLIEU, KY_HIEU, KIEU_DLIEU, GDN_ID, KY_HIEU_CTIEU)
values ('48_05_CDTK13', '26', 'N', 6119, null);

insert into RCV_MAP_CTIEU (LOAI_DLIEU, KY_HIEU, KIEU_DLIEU, GDN_ID, KY_HIEU_CTIEU)
values ('48_05_CDTK13', '260', 'N', 6158, null);

insert into RCV_MAP_CTIEU (LOAI_DLIEU, KY_HIEU, KIEU_DLIEU, GDN_ID, KY_HIEU_CTIEU)
values ('48_05_CDTK13', '261', 'N', 6158, null);

insert into RCV_MAP_CTIEU (LOAI_DLIEU, KY_HIEU, KIEU_DLIEU, GDN_ID, KY_HIEU_CTIEU)
values ('48_05_CDTK13', '262', 'N', 6158, null);

insert into RCV_MAP_CTIEU (LOAI_DLIEU, KY_HIEU, KIEU_DLIEU, GDN_ID, KY_HIEU_CTIEU)
values ('48_05_CDTK13', '263', 'N', 6158, null);

insert into RCV_MAP_CTIEU (LOAI_DLIEU, KY_HIEU, KIEU_DLIEU, GDN_ID, KY_HIEU_CTIEU)
values ('48_05_CDTK13', '264', 'N', 6158, null);

insert into RCV_MAP_CTIEU (LOAI_DLIEU, KY_HIEU, KIEU_DLIEU, GDN_ID, KY_HIEU_CTIEU)
values ('48_05_CDTK13', '265', 'N', 6159, null);

insert into RCV_MAP_CTIEU (LOAI_DLIEU, KY_HIEU, KIEU_DLIEU, GDN_ID, KY_HIEU_CTIEU)
values ('48_05_CDTK13', '266', 'N', 6159, null);

insert into RCV_MAP_CTIEU (LOAI_DLIEU, KY_HIEU, KIEU_DLIEU, GDN_ID, KY_HIEU_CTIEU)
values ('48_05_CDTK13', '267', 'N', 6159, null);

insert into RCV_MAP_CTIEU (LOAI_DLIEU, KY_HIEU, KIEU_DLIEU, GDN_ID, KY_HIEU_CTIEU)
values ('48_05_CDTK13', '268', 'N', 6159, null);

insert into RCV_MAP_CTIEU (LOAI_DLIEU, KY_HIEU, KIEU_DLIEU, GDN_ID, KY_HIEU_CTIEU)
values ('48_05_CDTK13', '269', 'N', 6159, null);

insert into RCV_MAP_CTIEU (LOAI_DLIEU, KY_HIEU, KIEU_DLIEU, GDN_ID, KY_HIEU_CTIEU)
values ('48_05_CDTK13', '27', 'N', 6119, null);

insert into RCV_MAP_CTIEU (LOAI_DLIEU, KY_HIEU, KIEU_DLIEU, GDN_ID, KY_HIEU_CTIEU)
values ('48_05_CDTK13', '270', 'N', 6159, null);

insert into RCV_MAP_CTIEU (LOAI_DLIEU, KY_HIEU, KIEU_DLIEU, GDN_ID, KY_HIEU_CTIEU)
values ('48_05_CDTK13', '271', 'N', 6160, null);

insert into RCV_MAP_CTIEU (LOAI_DLIEU, KY_HIEU, KIEU_DLIEU, GDN_ID, KY_HIEU_CTIEU)
values ('48_05_CDTK13', '272', 'N', 6160, null);

insert into RCV_MAP_CTIEU (LOAI_DLIEU, KY_HIEU, KIEU_DLIEU, GDN_ID, KY_HIEU_CTIEU)
values ('48_05_CDTK13', '273', 'N', 6160, null);

insert into RCV_MAP_CTIEU (LOAI_DLIEU, KY_HIEU, KIEU_DLIEU, GDN_ID, KY_HIEU_CTIEU)
values ('48_05_CDTK13', '274', 'N', 6160, null);

insert into RCV_MAP_CTIEU (LOAI_DLIEU, KY_HIEU, KIEU_DLIEU, GDN_ID, KY_HIEU_CTIEU)
values ('48_05_CDTK13', '275', 'N', 6160, null);

insert into RCV_MAP_CTIEU (LOAI_DLIEU, KY_HIEU, KIEU_DLIEU, GDN_ID, KY_HIEU_CTIEU)
values ('48_05_CDTK13', '276', 'N', 6160, null);

insert into RCV_MAP_CTIEU (LOAI_DLIEU, KY_HIEU, KIEU_DLIEU, GDN_ID, KY_HIEU_CTIEU)
values ('48_05_CDTK13', '277', 'N', 6161, null);

insert into RCV_MAP_CTIEU (LOAI_DLIEU, KY_HIEU, KIEU_DLIEU, GDN_ID, KY_HIEU_CTIEU)
values ('48_05_CDTK13', '278', 'N', 6161, null);

insert into RCV_MAP_CTIEU (LOAI_DLIEU, KY_HIEU, KIEU_DLIEU, GDN_ID, KY_HIEU_CTIEU)
values ('48_05_CDTK13', '279', 'N', 6161, null);

insert into RCV_MAP_CTIEU (LOAI_DLIEU, KY_HIEU, KIEU_DLIEU, GDN_ID, KY_HIEU_CTIEU)
values ('48_05_CDTK13', '28', 'N', 6119, null);

insert into RCV_MAP_CTIEU (LOAI_DLIEU, KY_HIEU, KIEU_DLIEU, GDN_ID, KY_HIEU_CTIEU)
values ('48_05_CDTK13', '280', 'N', 6161, null);

insert into RCV_MAP_CTIEU (LOAI_DLIEU, KY_HIEU, KIEU_DLIEU, GDN_ID, KY_HIEU_CTIEU)
values ('48_05_CDTK13', '281', 'N', 6161, null);

insert into RCV_MAP_CTIEU (LOAI_DLIEU, KY_HIEU, KIEU_DLIEU, GDN_ID, KY_HIEU_CTIEU)
values ('48_05_CDTK13', '282', 'N', 6161, null);

insert into RCV_MAP_CTIEU (LOAI_DLIEU, KY_HIEU, KIEU_DLIEU, GDN_ID, KY_HIEU_CTIEU)
values ('48_05_CDTK13', '283', 'N', 6162, null);

insert into RCV_MAP_CTIEU (LOAI_DLIEU, KY_HIEU, KIEU_DLIEU, GDN_ID, KY_HIEU_CTIEU)
values ('48_05_CDTK13', '284', 'N', 6162, null);

insert into RCV_MAP_CTIEU (LOAI_DLIEU, KY_HIEU, KIEU_DLIEU, GDN_ID, KY_HIEU_CTIEU)
values ('48_05_CDTK13', '285', 'N', 6162, null);

insert into RCV_MAP_CTIEU (LOAI_DLIEU, KY_HIEU, KIEU_DLIEU, GDN_ID, KY_HIEU_CTIEU)
values ('48_05_CDTK13', '286', 'N', 6162, null);

insert into RCV_MAP_CTIEU (LOAI_DLIEU, KY_HIEU, KIEU_DLIEU, GDN_ID, KY_HIEU_CTIEU)
values ('48_05_CDTK13', '287', 'N', 6162, null);

insert into RCV_MAP_CTIEU (LOAI_DLIEU, KY_HIEU, KIEU_DLIEU, GDN_ID, KY_HIEU_CTIEU)
values ('48_05_CDTK13', '288', 'N', 6162, null);

insert into RCV_MAP_CTIEU (LOAI_DLIEU, KY_HIEU, KIEU_DLIEU, GDN_ID, KY_HIEU_CTIEU)
values ('48_05_CDTK13', '289', 'N', 6163, null);

insert into RCV_MAP_CTIEU (LOAI_DLIEU, KY_HIEU, KIEU_DLIEU, GDN_ID, KY_HIEU_CTIEU)
values ('48_05_CDTK13', '29', 'N', 6119, null);

insert into RCV_MAP_CTIEU (LOAI_DLIEU, KY_HIEU, KIEU_DLIEU, GDN_ID, KY_HIEU_CTIEU)
values ('48_05_CDTK13', '290', 'N', 6163, null);

insert into RCV_MAP_CTIEU (LOAI_DLIEU, KY_HIEU, KIEU_DLIEU, GDN_ID, KY_HIEU_CTIEU)
values ('48_05_CDTK13', '291', 'N', 6163, null);

insert into RCV_MAP_CTIEU (LOAI_DLIEU, KY_HIEU, KIEU_DLIEU, GDN_ID, KY_HIEU_CTIEU)
values ('48_05_CDTK13', '292', 'N', 6163, null);

insert into RCV_MAP_CTIEU (LOAI_DLIEU, KY_HIEU, KIEU_DLIEU, GDN_ID, KY_HIEU_CTIEU)
values ('48_05_CDTK13', '293', 'N', 6163, null);

insert into RCV_MAP_CTIEU (LOAI_DLIEU, KY_HIEU, KIEU_DLIEU, GDN_ID, KY_HIEU_CTIEU)
values ('48_05_CDTK13', '294', 'N', 6163, null);

insert into RCV_MAP_CTIEU (LOAI_DLIEU, KY_HIEU, KIEU_DLIEU, GDN_ID, KY_HIEU_CTIEU)
values ('48_05_CDTK13', '295', 'N', 6164, null);

insert into RCV_MAP_CTIEU (LOAI_DLIEU, KY_HIEU, KIEU_DLIEU, GDN_ID, KY_HIEU_CTIEU)
values ('48_05_CDTK13', '296', 'N', 6164, null);

insert into RCV_MAP_CTIEU (LOAI_DLIEU, KY_HIEU, KIEU_DLIEU, GDN_ID, KY_HIEU_CTIEU)
values ('48_05_CDTK13', '297', 'N', 6164, null);

insert into RCV_MAP_CTIEU (LOAI_DLIEU, KY_HIEU, KIEU_DLIEU, GDN_ID, KY_HIEU_CTIEU)
values ('48_05_CDTK13', '298', 'N', 6164, null);

insert into RCV_MAP_CTIEU (LOAI_DLIEU, KY_HIEU, KIEU_DLIEU, GDN_ID, KY_HIEU_CTIEU)
values ('48_05_CDTK13', '299', 'N', 6164, null);

insert into RCV_MAP_CTIEU (LOAI_DLIEU, KY_HIEU, KIEU_DLIEU, GDN_ID, KY_HIEU_CTIEU)
values ('48_05_CDTK13', '3', 'N', 6115, null);

insert into RCV_MAP_CTIEU (LOAI_DLIEU, KY_HIEU, KIEU_DLIEU, GDN_ID, KY_HIEU_CTIEU)
values ('48_05_CDTK13', '30', 'N', 6119, null);

insert into RCV_MAP_CTIEU (LOAI_DLIEU, KY_HIEU, KIEU_DLIEU, GDN_ID, KY_HIEU_CTIEU)
values ('48_05_CDTK13', '300', 'N', 6164, null);

insert into RCV_MAP_CTIEU (LOAI_DLIEU, KY_HIEU, KIEU_DLIEU, GDN_ID, KY_HIEU_CTIEU)
values ('48_05_CDTK13', '301', 'N', 6165, null);

insert into RCV_MAP_CTIEU (LOAI_DLIEU, KY_HIEU, KIEU_DLIEU, GDN_ID, KY_HIEU_CTIEU)
values ('48_05_CDTK13', '302', 'N', 6165, null);

insert into RCV_MAP_CTIEU (LOAI_DLIEU, KY_HIEU, KIEU_DLIEU, GDN_ID, KY_HIEU_CTIEU)
values ('48_05_CDTK13', '303', 'N', 6165, null);

insert into RCV_MAP_CTIEU (LOAI_DLIEU, KY_HIEU, KIEU_DLIEU, GDN_ID, KY_HIEU_CTIEU)
values ('48_05_CDTK13', '304', 'N', 6165, null);

insert into RCV_MAP_CTIEU (LOAI_DLIEU, KY_HIEU, KIEU_DLIEU, GDN_ID, KY_HIEU_CTIEU)
values ('48_05_CDTK13', '305', 'N', 6165, null);

insert into RCV_MAP_CTIEU (LOAI_DLIEU, KY_HIEU, KIEU_DLIEU, GDN_ID, KY_HIEU_CTIEU)
values ('48_05_CDTK13', '306', 'N', 6165, null);

insert into RCV_MAP_CTIEU (LOAI_DLIEU, KY_HIEU, KIEU_DLIEU, GDN_ID, KY_HIEU_CTIEU)
values ('48_05_CDTK13', '307', 'N', 6166, null);

insert into RCV_MAP_CTIEU (LOAI_DLIEU, KY_HIEU, KIEU_DLIEU, GDN_ID, KY_HIEU_CTIEU)
values ('48_05_CDTK13', '308', 'N', 6166, null);

insert into RCV_MAP_CTIEU (LOAI_DLIEU, KY_HIEU, KIEU_DLIEU, GDN_ID, KY_HIEU_CTIEU)
values ('48_05_CDTK13', '309', 'N', 6166, null);

insert into RCV_MAP_CTIEU (LOAI_DLIEU, KY_HIEU, KIEU_DLIEU, GDN_ID, KY_HIEU_CTIEU)
values ('48_05_CDTK13', '31', 'N', 6120, null);

insert into RCV_MAP_CTIEU (LOAI_DLIEU, KY_HIEU, KIEU_DLIEU, GDN_ID, KY_HIEU_CTIEU)
values ('48_05_CDTK13', '310', 'N', 6166, null);

insert into RCV_MAP_CTIEU (LOAI_DLIEU, KY_HIEU, KIEU_DLIEU, GDN_ID, KY_HIEU_CTIEU)
values ('48_05_CDTK13', '311', 'N', 6166, null);

insert into RCV_MAP_CTIEU (LOAI_DLIEU, KY_HIEU, KIEU_DLIEU, GDN_ID, KY_HIEU_CTIEU)
values ('48_05_CDTK13', '312', 'N', 6166, null);

insert into RCV_MAP_CTIEU (LOAI_DLIEU, KY_HIEU, KIEU_DLIEU, GDN_ID, KY_HIEU_CTIEU)
values ('48_05_CDTK13', '313', 'N', 6167, null);

insert into RCV_MAP_CTIEU (LOAI_DLIEU, KY_HIEU, KIEU_DLIEU, GDN_ID, KY_HIEU_CTIEU)
values ('48_05_CDTK13', '314', 'N', 6167, null);

insert into RCV_MAP_CTIEU (LOAI_DLIEU, KY_HIEU, KIEU_DLIEU, GDN_ID, KY_HIEU_CTIEU)
values ('48_05_CDTK13', '315', 'N', 6167, null);

insert into RCV_MAP_CTIEU (LOAI_DLIEU, KY_HIEU, KIEU_DLIEU, GDN_ID, KY_HIEU_CTIEU)
values ('48_05_CDTK13', '316', 'N', 6167, null);

insert into RCV_MAP_CTIEU (LOAI_DLIEU, KY_HIEU, KIEU_DLIEU, GDN_ID, KY_HIEU_CTIEU)
values ('48_05_CDTK13', '317', 'N', 6167, null);

insert into RCV_MAP_CTIEU (LOAI_DLIEU, KY_HIEU, KIEU_DLIEU, GDN_ID, KY_HIEU_CTIEU)
values ('48_05_CDTK13', '318', 'N', 6167, null);

insert into RCV_MAP_CTIEU (LOAI_DLIEU, KY_HIEU, KIEU_DLIEU, GDN_ID, KY_HIEU_CTIEU)
values ('48_05_CDTK13', '319', 'N', 6168, null);

insert into RCV_MAP_CTIEU (LOAI_DLIEU, KY_HIEU, KIEU_DLIEU, GDN_ID, KY_HIEU_CTIEU)
values ('48_05_CDTK13', '32', 'N', 6120, null);

insert into RCV_MAP_CTIEU (LOAI_DLIEU, KY_HIEU, KIEU_DLIEU, GDN_ID, KY_HIEU_CTIEU)
values ('48_05_CDTK13', '320', 'N', 6168, null);

insert into RCV_MAP_CTIEU (LOAI_DLIEU, KY_HIEU, KIEU_DLIEU, GDN_ID, KY_HIEU_CTIEU)
values ('48_05_CDTK13', '321', 'N', 6168, null);

insert into RCV_MAP_CTIEU (LOAI_DLIEU, KY_HIEU, KIEU_DLIEU, GDN_ID, KY_HIEU_CTIEU)
values ('48_05_CDTK13', '322', 'N', 6168, null);

insert into RCV_MAP_CTIEU (LOAI_DLIEU, KY_HIEU, KIEU_DLIEU, GDN_ID, KY_HIEU_CTIEU)
values ('48_05_CDTK13', '323', 'N', 6168, null);

insert into RCV_MAP_CTIEU (LOAI_DLIEU, KY_HIEU, KIEU_DLIEU, GDN_ID, KY_HIEU_CTIEU)
values ('48_05_CDTK13', '324', 'N', 6168, null);

insert into RCV_MAP_CTIEU (LOAI_DLIEU, KY_HIEU, KIEU_DLIEU, GDN_ID, KY_HIEU_CTIEU)
values ('48_05_CDTK13', '325', 'N', 6169, null);

insert into RCV_MAP_CTIEU (LOAI_DLIEU, KY_HIEU, KIEU_DLIEU, GDN_ID, KY_HIEU_CTIEU)
values ('48_05_CDTK13', '326', 'N', 6169, null);

insert into RCV_MAP_CTIEU (LOAI_DLIEU, KY_HIEU, KIEU_DLIEU, GDN_ID, KY_HIEU_CTIEU)
values ('48_05_CDTK13', '327', 'N', 6169, null);

insert into RCV_MAP_CTIEU (LOAI_DLIEU, KY_HIEU, KIEU_DLIEU, GDN_ID, KY_HIEU_CTIEU)
values ('48_05_CDTK13', '328', 'N', 6169, null);

insert into RCV_MAP_CTIEU (LOAI_DLIEU, KY_HIEU, KIEU_DLIEU, GDN_ID, KY_HIEU_CTIEU)
values ('48_05_CDTK13', '329', 'N', 6169, null);

insert into RCV_MAP_CTIEU (LOAI_DLIEU, KY_HIEU, KIEU_DLIEU, GDN_ID, KY_HIEU_CTIEU)
values ('48_05_CDTK13', '33', 'N', 6120, null);

insert into RCV_MAP_CTIEU (LOAI_DLIEU, KY_HIEU, KIEU_DLIEU, GDN_ID, KY_HIEU_CTIEU)
values ('48_05_CDTK13', '330', 'N', 6169, null);

insert into RCV_MAP_CTIEU (LOAI_DLIEU, KY_HIEU, KIEU_DLIEU, GDN_ID, KY_HIEU_CTIEU)
values ('48_05_CDTK13', '331', 'N', 6170, null);

insert into RCV_MAP_CTIEU (LOAI_DLIEU, KY_HIEU, KIEU_DLIEU, GDN_ID, KY_HIEU_CTIEU)
values ('48_05_CDTK13', '332', 'N', 6170, null);

insert into RCV_MAP_CTIEU (LOAI_DLIEU, KY_HIEU, KIEU_DLIEU, GDN_ID, KY_HIEU_CTIEU)
values ('48_05_CDTK13', '333', 'N', 6170, null);

insert into RCV_MAP_CTIEU (LOAI_DLIEU, KY_HIEU, KIEU_DLIEU, GDN_ID, KY_HIEU_CTIEU)
values ('48_05_CDTK13', '334', 'N', 6170, null);

insert into RCV_MAP_CTIEU (LOAI_DLIEU, KY_HIEU, KIEU_DLIEU, GDN_ID, KY_HIEU_CTIEU)
values ('48_05_CDTK13', '335', 'N', 6170, null);

insert into RCV_MAP_CTIEU (LOAI_DLIEU, KY_HIEU, KIEU_DLIEU, GDN_ID, KY_HIEU_CTIEU)
values ('48_05_CDTK13', '336', 'N', 6170, null);

insert into RCV_MAP_CTIEU (LOAI_DLIEU, KY_HIEU, KIEU_DLIEU, GDN_ID, KY_HIEU_CTIEU)
values ('48_05_CDTK13', '337', 'N', 6171, null);

insert into RCV_MAP_CTIEU (LOAI_DLIEU, KY_HIEU, KIEU_DLIEU, GDN_ID, KY_HIEU_CTIEU)
values ('48_05_CDTK13', '338', 'N', 6171, null);

insert into RCV_MAP_CTIEU (LOAI_DLIEU, KY_HIEU, KIEU_DLIEU, GDN_ID, KY_HIEU_CTIEU)
values ('48_05_CDTK13', '339', 'N', 6171, null);

insert into RCV_MAP_CTIEU (LOAI_DLIEU, KY_HIEU, KIEU_DLIEU, GDN_ID, KY_HIEU_CTIEU)
values ('48_05_CDTK13', '34', 'N', 6120, null);

insert into RCV_MAP_CTIEU (LOAI_DLIEU, KY_HIEU, KIEU_DLIEU, GDN_ID, KY_HIEU_CTIEU)
values ('48_05_CDTK13', '340', 'N', 6171, null);

insert into RCV_MAP_CTIEU (LOAI_DLIEU, KY_HIEU, KIEU_DLIEU, GDN_ID, KY_HIEU_CTIEU)
values ('48_05_CDTK13', '341', 'N', 6171, null);

insert into RCV_MAP_CTIEU (LOAI_DLIEU, KY_HIEU, KIEU_DLIEU, GDN_ID, KY_HIEU_CTIEU)
values ('48_05_CDTK13', '342', 'N', 6171, null);

insert into RCV_MAP_CTIEU (LOAI_DLIEU, KY_HIEU, KIEU_DLIEU, GDN_ID, KY_HIEU_CTIEU)
values ('48_05_CDTK13', '343', 'N', 6172, null);

insert into RCV_MAP_CTIEU (LOAI_DLIEU, KY_HIEU, KIEU_DLIEU, GDN_ID, KY_HIEU_CTIEU)
values ('48_05_CDTK13', '344', 'N', 6172, null);

insert into RCV_MAP_CTIEU (LOAI_DLIEU, KY_HIEU, KIEU_DLIEU, GDN_ID, KY_HIEU_CTIEU)
values ('48_05_CDTK13', '345', 'N', 6172, null);

insert into RCV_MAP_CTIEU (LOAI_DLIEU, KY_HIEU, KIEU_DLIEU, GDN_ID, KY_HIEU_CTIEU)
values ('48_05_CDTK13', '346', 'N', 6172, null);

insert into RCV_MAP_CTIEU (LOAI_DLIEU, KY_HIEU, KIEU_DLIEU, GDN_ID, KY_HIEU_CTIEU)
values ('48_05_CDTK13', '347', 'N', 6172, null);

insert into RCV_MAP_CTIEU (LOAI_DLIEU, KY_HIEU, KIEU_DLIEU, GDN_ID, KY_HIEU_CTIEU)
values ('48_05_CDTK13', '348', 'N', 6172, null);

insert into RCV_MAP_CTIEU (LOAI_DLIEU, KY_HIEU, KIEU_DLIEU, GDN_ID, KY_HIEU_CTIEU)
values ('48_05_CDTK13', '349', 'N', 6173, null);

insert into RCV_MAP_CTIEU (LOAI_DLIEU, KY_HIEU, KIEU_DLIEU, GDN_ID, KY_HIEU_CTIEU)
values ('48_05_CDTK13', '35', 'N', 6120, null);

insert into RCV_MAP_CTIEU (LOAI_DLIEU, KY_HIEU, KIEU_DLIEU, GDN_ID, KY_HIEU_CTIEU)
values ('48_05_CDTK13', '350', 'N', 6173, null);

insert into RCV_MAP_CTIEU (LOAI_DLIEU, KY_HIEU, KIEU_DLIEU, GDN_ID, KY_HIEU_CTIEU)
values ('48_05_CDTK13', '351', 'N', 6173, null);

insert into RCV_MAP_CTIEU (LOAI_DLIEU, KY_HIEU, KIEU_DLIEU, GDN_ID, KY_HIEU_CTIEU)
values ('48_05_CDTK13', '352', 'N', 6173, null);

insert into RCV_MAP_CTIEU (LOAI_DLIEU, KY_HIEU, KIEU_DLIEU, GDN_ID, KY_HIEU_CTIEU)
values ('48_05_CDTK13', '353', 'N', 6173, null);

insert into RCV_MAP_CTIEU (LOAI_DLIEU, KY_HIEU, KIEU_DLIEU, GDN_ID, KY_HIEU_CTIEU)
values ('48_05_CDTK13', '354', 'N', 6173, null);

insert into RCV_MAP_CTIEU (LOAI_DLIEU, KY_HIEU, KIEU_DLIEU, GDN_ID, KY_HIEU_CTIEU)
values ('48_05_CDTK13', '355', 'N', 6174, null);

insert into RCV_MAP_CTIEU (LOAI_DLIEU, KY_HIEU, KIEU_DLIEU, GDN_ID, KY_HIEU_CTIEU)
values ('48_05_CDTK13', '356', 'N', 6174, null);

insert into RCV_MAP_CTIEU (LOAI_DLIEU, KY_HIEU, KIEU_DLIEU, GDN_ID, KY_HIEU_CTIEU)
values ('48_05_CDTK13', '357', 'N', 6174, null);

insert into RCV_MAP_CTIEU (LOAI_DLIEU, KY_HIEU, KIEU_DLIEU, GDN_ID, KY_HIEU_CTIEU)
values ('48_05_CDTK13', '358', 'N', 6174, null);

insert into RCV_MAP_CTIEU (LOAI_DLIEU, KY_HIEU, KIEU_DLIEU, GDN_ID, KY_HIEU_CTIEU)
values ('48_05_CDTK13', '359', 'N', 6174, null);

insert into RCV_MAP_CTIEU (LOAI_DLIEU, KY_HIEU, KIEU_DLIEU, GDN_ID, KY_HIEU_CTIEU)
values ('48_05_CDTK13', '36', 'N', 6120, null);

insert into RCV_MAP_CTIEU (LOAI_DLIEU, KY_HIEU, KIEU_DLIEU, GDN_ID, KY_HIEU_CTIEU)
values ('48_05_CDTK13', '360', 'N', 6174, null);

insert into RCV_MAP_CTIEU (LOAI_DLIEU, KY_HIEU, KIEU_DLIEU, GDN_ID, KY_HIEU_CTIEU)
values ('48_05_CDTK13', '361', 'N', 6175, null);

insert into RCV_MAP_CTIEU (LOAI_DLIEU, KY_HIEU, KIEU_DLIEU, GDN_ID, KY_HIEU_CTIEU)
values ('48_05_CDTK13', '362', 'N', 6175, null);

insert into RCV_MAP_CTIEU (LOAI_DLIEU, KY_HIEU, KIEU_DLIEU, GDN_ID, KY_HIEU_CTIEU)
values ('48_05_CDTK13', '363', 'N', 6175, null);

insert into RCV_MAP_CTIEU (LOAI_DLIEU, KY_HIEU, KIEU_DLIEU, GDN_ID, KY_HIEU_CTIEU)
values ('48_05_CDTK13', '364', 'N', 6175, null);

insert into RCV_MAP_CTIEU (LOAI_DLIEU, KY_HIEU, KIEU_DLIEU, GDN_ID, KY_HIEU_CTIEU)
values ('48_05_CDTK13', '365', 'N', 6175, null);

insert into RCV_MAP_CTIEU (LOAI_DLIEU, KY_HIEU, KIEU_DLIEU, GDN_ID, KY_HIEU_CTIEU)
values ('48_05_CDTK13', '366', 'N', 6175, null);

insert into RCV_MAP_CTIEU (LOAI_DLIEU, KY_HIEU, KIEU_DLIEU, GDN_ID, KY_HIEU_CTIEU)
values ('48_05_CDTK13', '367', 'N', 6176, null);

insert into RCV_MAP_CTIEU (LOAI_DLIEU, KY_HIEU, KIEU_DLIEU, GDN_ID, KY_HIEU_CTIEU)
values ('48_05_CDTK13', '368', 'N', 6176, null);

insert into RCV_MAP_CTIEU (LOAI_DLIEU, KY_HIEU, KIEU_DLIEU, GDN_ID, KY_HIEU_CTIEU)
values ('48_05_CDTK13', '369', 'N', 6176, null);

insert into RCV_MAP_CTIEU (LOAI_DLIEU, KY_HIEU, KIEU_DLIEU, GDN_ID, KY_HIEU_CTIEU)
values ('48_05_CDTK13', '37', 'N', 6121, null);

insert into RCV_MAP_CTIEU (LOAI_DLIEU, KY_HIEU, KIEU_DLIEU, GDN_ID, KY_HIEU_CTIEU)
values ('48_05_CDTK13', '370', 'N', 6176, null);

insert into RCV_MAP_CTIEU (LOAI_DLIEU, KY_HIEU, KIEU_DLIEU, GDN_ID, KY_HIEU_CTIEU)
values ('48_05_CDTK13', '371', 'N', 6176, null);

insert into RCV_MAP_CTIEU (LOAI_DLIEU, KY_HIEU, KIEU_DLIEU, GDN_ID, KY_HIEU_CTIEU)
values ('48_05_CDTK13', '372', 'N', 6176, null);

insert into RCV_MAP_CTIEU (LOAI_DLIEU, KY_HIEU, KIEU_DLIEU, GDN_ID, KY_HIEU_CTIEU)
values ('48_05_CDTK13', '373', 'N', 6177, null);

insert into RCV_MAP_CTIEU (LOAI_DLIEU, KY_HIEU, KIEU_DLIEU, GDN_ID, KY_HIEU_CTIEU)
values ('48_05_CDTK13', '374', 'N', 6177, null);

insert into RCV_MAP_CTIEU (LOAI_DLIEU, KY_HIEU, KIEU_DLIEU, GDN_ID, KY_HIEU_CTIEU)
values ('48_05_CDTK13', '375', 'N', 6177, null);

insert into RCV_MAP_CTIEU (LOAI_DLIEU, KY_HIEU, KIEU_DLIEU, GDN_ID, KY_HIEU_CTIEU)
values ('48_05_CDTK13', '376', 'N', 6177, null);

insert into RCV_MAP_CTIEU (LOAI_DLIEU, KY_HIEU, KIEU_DLIEU, GDN_ID, KY_HIEU_CTIEU)
values ('48_05_CDTK13', '377', 'N', 6177, null);

insert into RCV_MAP_CTIEU (LOAI_DLIEU, KY_HIEU, KIEU_DLIEU, GDN_ID, KY_HIEU_CTIEU)
values ('48_05_CDTK13', '378', 'N', 6177, null);

insert into RCV_MAP_CTIEU (LOAI_DLIEU, KY_HIEU, KIEU_DLIEU, GDN_ID, KY_HIEU_CTIEU)
values ('48_05_CDTK13', '379', 'N', 6178, null);

insert into RCV_MAP_CTIEU (LOAI_DLIEU, KY_HIEU, KIEU_DLIEU, GDN_ID, KY_HIEU_CTIEU)
values ('48_05_CDTK13', '38', 'N', 6121, null);

insert into RCV_MAP_CTIEU (LOAI_DLIEU, KY_HIEU, KIEU_DLIEU, GDN_ID, KY_HIEU_CTIEU)
values ('48_05_CDTK13', '380', 'N', 6178, null);

insert into RCV_MAP_CTIEU (LOAI_DLIEU, KY_HIEU, KIEU_DLIEU, GDN_ID, KY_HIEU_CTIEU)
values ('48_05_CDTK13', '381', 'N', 6178, null);

insert into RCV_MAP_CTIEU (LOAI_DLIEU, KY_HIEU, KIEU_DLIEU, GDN_ID, KY_HIEU_CTIEU)
values ('48_05_CDTK13', '382', 'N', 6178, null);

insert into RCV_MAP_CTIEU (LOAI_DLIEU, KY_HIEU, KIEU_DLIEU, GDN_ID, KY_HIEU_CTIEU)
values ('48_05_CDTK13', '383', 'N', 6178, null);

insert into RCV_MAP_CTIEU (LOAI_DLIEU, KY_HIEU, KIEU_DLIEU, GDN_ID, KY_HIEU_CTIEU)
values ('48_05_CDTK13', '384', 'N', 6178, null);

insert into RCV_MAP_CTIEU (LOAI_DLIEU, KY_HIEU, KIEU_DLIEU, GDN_ID, KY_HIEU_CTIEU)
values ('48_05_CDTK13', '385', 'N', 6179, null);

insert into RCV_MAP_CTIEU (LOAI_DLIEU, KY_HIEU, KIEU_DLIEU, GDN_ID, KY_HIEU_CTIEU)
values ('48_05_CDTK13', '386', 'N', 6179, null);

insert into RCV_MAP_CTIEU (LOAI_DLIEU, KY_HIEU, KIEU_DLIEU, GDN_ID, KY_HIEU_CTIEU)
values ('48_05_CDTK13', '387', 'N', 6179, null);

insert into RCV_MAP_CTIEU (LOAI_DLIEU, KY_HIEU, KIEU_DLIEU, GDN_ID, KY_HIEU_CTIEU)
values ('48_05_CDTK13', '388', 'N', 6179, null);

insert into RCV_MAP_CTIEU (LOAI_DLIEU, KY_HIEU, KIEU_DLIEU, GDN_ID, KY_HIEU_CTIEU)
values ('48_05_CDTK13', '389', 'N', 6179, null);

insert into RCV_MAP_CTIEU (LOAI_DLIEU, KY_HIEU, KIEU_DLIEU, GDN_ID, KY_HIEU_CTIEU)
values ('48_05_CDTK13', '39', 'N', 6121, null);

insert into RCV_MAP_CTIEU (LOAI_DLIEU, KY_HIEU, KIEU_DLIEU, GDN_ID, KY_HIEU_CTIEU)
values ('48_05_CDTK13', '390', 'N', 6179, null);

insert into RCV_MAP_CTIEU (LOAI_DLIEU, KY_HIEU, KIEU_DLIEU, GDN_ID, KY_HIEU_CTIEU)
values ('48_05_CDTK13', '391', 'N', 6180, null);

insert into RCV_MAP_CTIEU (LOAI_DLIEU, KY_HIEU, KIEU_DLIEU, GDN_ID, KY_HIEU_CTIEU)
values ('48_05_CDTK13', '392', 'N', 6180, null);

insert into RCV_MAP_CTIEU (LOAI_DLIEU, KY_HIEU, KIEU_DLIEU, GDN_ID, KY_HIEU_CTIEU)
values ('48_05_CDTK13', '393', 'N', 6180, null);

insert into RCV_MAP_CTIEU (LOAI_DLIEU, KY_HIEU, KIEU_DLIEU, GDN_ID, KY_HIEU_CTIEU)
values ('48_05_CDTK13', '394', 'N', 6180, null);

insert into RCV_MAP_CTIEU (LOAI_DLIEU, KY_HIEU, KIEU_DLIEU, GDN_ID, KY_HIEU_CTIEU)
values ('48_05_CDTK13', '395', 'N', 6180, null);

insert into RCV_MAP_CTIEU (LOAI_DLIEU, KY_HIEU, KIEU_DLIEU, GDN_ID, KY_HIEU_CTIEU)
values ('48_05_CDTK13', '396', 'N', 6180, null);

insert into RCV_MAP_CTIEU (LOAI_DLIEU, KY_HIEU, KIEU_DLIEU, GDN_ID, KY_HIEU_CTIEU)
values ('48_05_CDTK13', '397', 'N', 6181, null);

insert into RCV_MAP_CTIEU (LOAI_DLIEU, KY_HIEU, KIEU_DLIEU, GDN_ID, KY_HIEU_CTIEU)
values ('48_05_CDTK13', '398', 'N', 6181, null);

insert into RCV_MAP_CTIEU (LOAI_DLIEU, KY_HIEU, KIEU_DLIEU, GDN_ID, KY_HIEU_CTIEU)
values ('48_05_CDTK13', '399', 'N', 6181, null);

insert into RCV_MAP_CTIEU (LOAI_DLIEU, KY_HIEU, KIEU_DLIEU, GDN_ID, KY_HIEU_CTIEU)
values ('48_05_CDTK13', '4', 'N', 6115, null);

insert into RCV_MAP_CTIEU (LOAI_DLIEU, KY_HIEU, KIEU_DLIEU, GDN_ID, KY_HIEU_CTIEU)
values ('48_05_CDTK13', '40', 'N', 6121, null);

insert into RCV_MAP_CTIEU (LOAI_DLIEU, KY_HIEU, KIEU_DLIEU, GDN_ID, KY_HIEU_CTIEU)
values ('48_05_CDTK13', '400', 'N', 6181, null);

insert into RCV_MAP_CTIEU (LOAI_DLIEU, KY_HIEU, KIEU_DLIEU, GDN_ID, KY_HIEU_CTIEU)
values ('48_05_CDTK13', '401', 'N', 6181, null);

insert into RCV_MAP_CTIEU (LOAI_DLIEU, KY_HIEU, KIEU_DLIEU, GDN_ID, KY_HIEU_CTIEU)
values ('48_05_CDTK13', '402', 'N', 6181, null);

insert into RCV_MAP_CTIEU (LOAI_DLIEU, KY_HIEU, KIEU_DLIEU, GDN_ID, KY_HIEU_CTIEU)
values ('48_05_CDTK13', '403', 'N', 6182, null);

insert into RCV_MAP_CTIEU (LOAI_DLIEU, KY_HIEU, KIEU_DLIEU, GDN_ID, KY_HIEU_CTIEU)
values ('48_05_CDTK13', '404', 'N', 6182, null);

insert into RCV_MAP_CTIEU (LOAI_DLIEU, KY_HIEU, KIEU_DLIEU, GDN_ID, KY_HIEU_CTIEU)
values ('48_05_CDTK13', '405', 'N', 6182, null);

insert into RCV_MAP_CTIEU (LOAI_DLIEU, KY_HIEU, KIEU_DLIEU, GDN_ID, KY_HIEU_CTIEU)
values ('48_05_CDTK13', '406', 'N', 6182, null);

insert into RCV_MAP_CTIEU (LOAI_DLIEU, KY_HIEU, KIEU_DLIEU, GDN_ID, KY_HIEU_CTIEU)
values ('48_05_CDTK13', '407', 'N', 6182, null);

insert into RCV_MAP_CTIEU (LOAI_DLIEU, KY_HIEU, KIEU_DLIEU, GDN_ID, KY_HIEU_CTIEU)
values ('48_05_CDTK13', '408', 'N', 6182, null);

insert into RCV_MAP_CTIEU (LOAI_DLIEU, KY_HIEU, KIEU_DLIEU, GDN_ID, KY_HIEU_CTIEU)
values ('48_05_CDTK13', '409', 'N', 6183, null);

insert into RCV_MAP_CTIEU (LOAI_DLIEU, KY_HIEU, KIEU_DLIEU, GDN_ID, KY_HIEU_CTIEU)
values ('48_05_CDTK13', '41', 'N', 6121, null);

insert into RCV_MAP_CTIEU (LOAI_DLIEU, KY_HIEU, KIEU_DLIEU, GDN_ID, KY_HIEU_CTIEU)
values ('48_05_CDTK13', '410', 'N', 6183, null);

insert into RCV_MAP_CTIEU (LOAI_DLIEU, KY_HIEU, KIEU_DLIEU, GDN_ID, KY_HIEU_CTIEU)
values ('48_05_CDTK13', '411', 'N', 6183, null);

insert into RCV_MAP_CTIEU (LOAI_DLIEU, KY_HIEU, KIEU_DLIEU, GDN_ID, KY_HIEU_CTIEU)
values ('48_05_CDTK13', '412', 'N', 6183, null);

insert into RCV_MAP_CTIEU (LOAI_DLIEU, KY_HIEU, KIEU_DLIEU, GDN_ID, KY_HIEU_CTIEU)
values ('48_05_CDTK13', '413', 'N', 6183, null);

insert into RCV_MAP_CTIEU (LOAI_DLIEU, KY_HIEU, KIEU_DLIEU, GDN_ID, KY_HIEU_CTIEU)
values ('48_05_CDTK13', '414', 'N', 6183, null);

insert into RCV_MAP_CTIEU (LOAI_DLIEU, KY_HIEU, KIEU_DLIEU, GDN_ID, KY_HIEU_CTIEU)
values ('48_05_CDTK13', '415', 'N', 6184, null);

insert into RCV_MAP_CTIEU (LOAI_DLIEU, KY_HIEU, KIEU_DLIEU, GDN_ID, KY_HIEU_CTIEU)
values ('48_05_CDTK13', '416', 'N', 6184, null);

insert into RCV_MAP_CTIEU (LOAI_DLIEU, KY_HIEU, KIEU_DLIEU, GDN_ID, KY_HIEU_CTIEU)
values ('48_05_CDTK13', '417', 'N', 6184, null);

insert into RCV_MAP_CTIEU (LOAI_DLIEU, KY_HIEU, KIEU_DLIEU, GDN_ID, KY_HIEU_CTIEU)
values ('48_05_CDTK13', '418', 'N', 6184, null);

insert into RCV_MAP_CTIEU (LOAI_DLIEU, KY_HIEU, KIEU_DLIEU, GDN_ID, KY_HIEU_CTIEU)
values ('48_05_CDTK13', '419', 'N', 6184, null);

insert into RCV_MAP_CTIEU (LOAI_DLIEU, KY_HIEU, KIEU_DLIEU, GDN_ID, KY_HIEU_CTIEU)
values ('48_05_CDTK13', '42', 'N', 6121, null);

insert into RCV_MAP_CTIEU (LOAI_DLIEU, KY_HIEU, KIEU_DLIEU, GDN_ID, KY_HIEU_CTIEU)
values ('48_05_CDTK13', '420', 'N', 6184, null);

insert into RCV_MAP_CTIEU (LOAI_DLIEU, KY_HIEU, KIEU_DLIEU, GDN_ID, KY_HIEU_CTIEU)
values ('48_05_CDTK13', '421', 'N', 6185, null);

insert into RCV_MAP_CTIEU (LOAI_DLIEU, KY_HIEU, KIEU_DLIEU, GDN_ID, KY_HIEU_CTIEU)
values ('48_05_CDTK13', '422', 'N', 6185, null);

insert into RCV_MAP_CTIEU (LOAI_DLIEU, KY_HIEU, KIEU_DLIEU, GDN_ID, KY_HIEU_CTIEU)
values ('48_05_CDTK13', '423', 'N', 6185, null);

insert into RCV_MAP_CTIEU (LOAI_DLIEU, KY_HIEU, KIEU_DLIEU, GDN_ID, KY_HIEU_CTIEU)
values ('48_05_CDTK13', '424', 'N', 6185, null);

insert into RCV_MAP_CTIEU (LOAI_DLIEU, KY_HIEU, KIEU_DLIEU, GDN_ID, KY_HIEU_CTIEU)
values ('48_05_CDTK13', '425', 'N', 6185, null);

insert into RCV_MAP_CTIEU (LOAI_DLIEU, KY_HIEU, KIEU_DLIEU, GDN_ID, KY_HIEU_CTIEU)
values ('48_05_CDTK13', '426', 'N', 6185, null);

insert into RCV_MAP_CTIEU (LOAI_DLIEU, KY_HIEU, KIEU_DLIEU, GDN_ID, KY_HIEU_CTIEU)
values ('48_05_CDTK13', '427', 'N', 6186, null);

insert into RCV_MAP_CTIEU (LOAI_DLIEU, KY_HIEU, KIEU_DLIEU, GDN_ID, KY_HIEU_CTIEU)
values ('48_05_CDTK13', '428', 'N', 6186, null);

insert into RCV_MAP_CTIEU (LOAI_DLIEU, KY_HIEU, KIEU_DLIEU, GDN_ID, KY_HIEU_CTIEU)
values ('48_05_CDTK13', '429', 'N', 6186, null);

insert into RCV_MAP_CTIEU (LOAI_DLIEU, KY_HIEU, KIEU_DLIEU, GDN_ID, KY_HIEU_CTIEU)
values ('48_05_CDTK13', '43', 'N', 6122, null);

insert into RCV_MAP_CTIEU (LOAI_DLIEU, KY_HIEU, KIEU_DLIEU, GDN_ID, KY_HIEU_CTIEU)
values ('48_05_CDTK13', '430', 'N', 6186, null);

insert into RCV_MAP_CTIEU (LOAI_DLIEU, KY_HIEU, KIEU_DLIEU, GDN_ID, KY_HIEU_CTIEU)
values ('48_05_CDTK13', '431', 'N', 6186, null);

insert into RCV_MAP_CTIEU (LOAI_DLIEU, KY_HIEU, KIEU_DLIEU, GDN_ID, KY_HIEU_CTIEU)
values ('48_05_CDTK13', '432', 'N', 6186, null);

insert into RCV_MAP_CTIEU (LOAI_DLIEU, KY_HIEU, KIEU_DLIEU, GDN_ID, KY_HIEU_CTIEU)
values ('48_05_CDTK13', '433', 'N', 6187, null);

insert into RCV_MAP_CTIEU (LOAI_DLIEU, KY_HIEU, KIEU_DLIEU, GDN_ID, KY_HIEU_CTIEU)
values ('48_05_CDTK13', '434', 'N', 6187, null);

insert into RCV_MAP_CTIEU (LOAI_DLIEU, KY_HIEU, KIEU_DLIEU, GDN_ID, KY_HIEU_CTIEU)
values ('48_05_CDTK13', '435', 'N', 6187, null);

insert into RCV_MAP_CTIEU (LOAI_DLIEU, KY_HIEU, KIEU_DLIEU, GDN_ID, KY_HIEU_CTIEU)
values ('48_05_CDTK13', '436', 'N', 6187, null);

insert into RCV_MAP_CTIEU (LOAI_DLIEU, KY_HIEU, KIEU_DLIEU, GDN_ID, KY_HIEU_CTIEU)
values ('48_05_CDTK13', '437', 'N', 6187, null);

insert into RCV_MAP_CTIEU (LOAI_DLIEU, KY_HIEU, KIEU_DLIEU, GDN_ID, KY_HIEU_CTIEU)
values ('48_05_CDTK13', '438', 'N', 6187, null);

insert into RCV_MAP_CTIEU (LOAI_DLIEU, KY_HIEU, KIEU_DLIEU, GDN_ID, KY_HIEU_CTIEU)
values ('48_05_CDTK13', '439', 'N', 6188, null);

insert into RCV_MAP_CTIEU (LOAI_DLIEU, KY_HIEU, KIEU_DLIEU, GDN_ID, KY_HIEU_CTIEU)
values ('48_05_CDTK13', '44', 'N', 6122, null);

insert into RCV_MAP_CTIEU (LOAI_DLIEU, KY_HIEU, KIEU_DLIEU, GDN_ID, KY_HIEU_CTIEU)
values ('48_05_CDTK13', '440', 'N', 6188, null);

insert into RCV_MAP_CTIEU (LOAI_DLIEU, KY_HIEU, KIEU_DLIEU, GDN_ID, KY_HIEU_CTIEU)
values ('48_05_CDTK13', '441', 'N', 6188, null);

insert into RCV_MAP_CTIEU (LOAI_DLIEU, KY_HIEU, KIEU_DLIEU, GDN_ID, KY_HIEU_CTIEU)
values ('48_05_CDTK13', '442', 'N', 6188, null);

insert into RCV_MAP_CTIEU (LOAI_DLIEU, KY_HIEU, KIEU_DLIEU, GDN_ID, KY_HIEU_CTIEU)
values ('48_05_CDTK13', '443', 'N', 6188, null);

insert into RCV_MAP_CTIEU (LOAI_DLIEU, KY_HIEU, KIEU_DLIEU, GDN_ID, KY_HIEU_CTIEU)
values ('48_05_CDTK13', '444', 'N', 6188, null);

insert into RCV_MAP_CTIEU (LOAI_DLIEU, KY_HIEU, KIEU_DLIEU, GDN_ID, KY_HIEU_CTIEU)
values ('48_05_CDTK13', '445', 'N', 6189, null);

insert into RCV_MAP_CTIEU (LOAI_DLIEU, KY_HIEU, KIEU_DLIEU, GDN_ID, KY_HIEU_CTIEU)
values ('48_05_CDTK13', '446', 'N', 6189, null);

insert into RCV_MAP_CTIEU (LOAI_DLIEU, KY_HIEU, KIEU_DLIEU, GDN_ID, KY_HIEU_CTIEU)
values ('48_05_CDTK13', '447', 'N', 6189, null);

insert into RCV_MAP_CTIEU (LOAI_DLIEU, KY_HIEU, KIEU_DLIEU, GDN_ID, KY_HIEU_CTIEU)
values ('48_05_CDTK13', '448', 'N', 6189, null);

insert into RCV_MAP_CTIEU (LOAI_DLIEU, KY_HIEU, KIEU_DLIEU, GDN_ID, KY_HIEU_CTIEU)
values ('48_05_CDTK13', '449', 'N', 6189, null);

insert into RCV_MAP_CTIEU (LOAI_DLIEU, KY_HIEU, KIEU_DLIEU, GDN_ID, KY_HIEU_CTIEU)
values ('48_05_CDTK13', '45', 'N', 6122, null);

insert into RCV_MAP_CTIEU (LOAI_DLIEU, KY_HIEU, KIEU_DLIEU, GDN_ID, KY_HIEU_CTIEU)
values ('48_05_CDTK13', '450', 'N', 6189, null);

insert into RCV_MAP_CTIEU (LOAI_DLIEU, KY_HIEU, KIEU_DLIEU, GDN_ID, KY_HIEU_CTIEU)
values ('48_05_CDTK13', '451', 'N', 6190, null);

insert into RCV_MAP_CTIEU (LOAI_DLIEU, KY_HIEU, KIEU_DLIEU, GDN_ID, KY_HIEU_CTIEU)
values ('48_05_CDTK13', '452', 'N', 6190, null);

insert into RCV_MAP_CTIEU (LOAI_DLIEU, KY_HIEU, KIEU_DLIEU, GDN_ID, KY_HIEU_CTIEU)
values ('48_05_CDTK13', '453', 'N', 6190, null);

insert into RCV_MAP_CTIEU (LOAI_DLIEU, KY_HIEU, KIEU_DLIEU, GDN_ID, KY_HIEU_CTIEU)
values ('48_05_CDTK13', '454', 'N', 6190, null);

insert into RCV_MAP_CTIEU (LOAI_DLIEU, KY_HIEU, KIEU_DLIEU, GDN_ID, KY_HIEU_CTIEU)
values ('48_05_CDTK13', '455', 'N', 6190, null);

insert into RCV_MAP_CTIEU (LOAI_DLIEU, KY_HIEU, KIEU_DLIEU, GDN_ID, KY_HIEU_CTIEU)
values ('48_05_CDTK13', '456', 'N', 6190, null);

insert into RCV_MAP_CTIEU (LOAI_DLIEU, KY_HIEU, KIEU_DLIEU, GDN_ID, KY_HIEU_CTIEU)
values ('48_05_CDTK13', '457', 'N', 6191, null);

insert into RCV_MAP_CTIEU (LOAI_DLIEU, KY_HIEU, KIEU_DLIEU, GDN_ID, KY_HIEU_CTIEU)
values ('48_05_CDTK13', '458', 'N', 6191, null);

insert into RCV_MAP_CTIEU (LOAI_DLIEU, KY_HIEU, KIEU_DLIEU, GDN_ID, KY_HIEU_CTIEU)
values ('48_05_CDTK13', '459', 'N', 6191, null);

insert into RCV_MAP_CTIEU (LOAI_DLIEU, KY_HIEU, KIEU_DLIEU, GDN_ID, KY_HIEU_CTIEU)
values ('48_05_CDTK13', '46', 'N', 6122, null);

insert into RCV_MAP_CTIEU (LOAI_DLIEU, KY_HIEU, KIEU_DLIEU, GDN_ID, KY_HIEU_CTIEU)
values ('48_05_CDTK13', '460', 'N', 6191, null);

insert into RCV_MAP_CTIEU (LOAI_DLIEU, KY_HIEU, KIEU_DLIEU, GDN_ID, KY_HIEU_CTIEU)
values ('48_05_CDTK13', '461', 'N', 6191, null);

insert into RCV_MAP_CTIEU (LOAI_DLIEU, KY_HIEU, KIEU_DLIEU, GDN_ID, KY_HIEU_CTIEU)
values ('48_05_CDTK13', '462', 'N', 6191, null);

insert into RCV_MAP_CTIEU (LOAI_DLIEU, KY_HIEU, KIEU_DLIEU, GDN_ID, KY_HIEU_CTIEU)
values ('48_05_CDTK13', '463', 'N', 6192, null);

insert into RCV_MAP_CTIEU (LOAI_DLIEU, KY_HIEU, KIEU_DLIEU, GDN_ID, KY_HIEU_CTIEU)
values ('48_05_CDTK13', '464', 'N', 6192, null);

insert into RCV_MAP_CTIEU (LOAI_DLIEU, KY_HIEU, KIEU_DLIEU, GDN_ID, KY_HIEU_CTIEU)
values ('48_05_CDTK13', '465', 'N', 6192, null);

insert into RCV_MAP_CTIEU (LOAI_DLIEU, KY_HIEU, KIEU_DLIEU, GDN_ID, KY_HIEU_CTIEU)
values ('48_05_CDTK13', '466', 'N', 6192, null);

insert into RCV_MAP_CTIEU (LOAI_DLIEU, KY_HIEU, KIEU_DLIEU, GDN_ID, KY_HIEU_CTIEU)
values ('48_05_CDTK13', '467', 'N', 6192, null);

insert into RCV_MAP_CTIEU (LOAI_DLIEU, KY_HIEU, KIEU_DLIEU, GDN_ID, KY_HIEU_CTIEU)
values ('48_05_CDTK13', '468', 'N', 6192, null);

insert into RCV_MAP_CTIEU (LOAI_DLIEU, KY_HIEU, KIEU_DLIEU, GDN_ID, KY_HIEU_CTIEU)
values ('48_05_CDTK13', '469', 'N', 6193, null);

insert into RCV_MAP_CTIEU (LOAI_DLIEU, KY_HIEU, KIEU_DLIEU, GDN_ID, KY_HIEU_CTIEU)
values ('48_05_CDTK13', '47', 'N', 6122, null);

insert into RCV_MAP_CTIEU (LOAI_DLIEU, KY_HIEU, KIEU_DLIEU, GDN_ID, KY_HIEU_CTIEU)
values ('48_05_CDTK13', '470', 'N', 6193, null);

insert into RCV_MAP_CTIEU (LOAI_DLIEU, KY_HIEU, KIEU_DLIEU, GDN_ID, KY_HIEU_CTIEU)
values ('48_05_CDTK13', '471', 'N', 6193, null);

insert into RCV_MAP_CTIEU (LOAI_DLIEU, KY_HIEU, KIEU_DLIEU, GDN_ID, KY_HIEU_CTIEU)
values ('48_05_CDTK13', '472', 'N', 6193, null);

insert into RCV_MAP_CTIEU (LOAI_DLIEU, KY_HIEU, KIEU_DLIEU, GDN_ID, KY_HIEU_CTIEU)
values ('48_05_CDTK13', '473', 'N', 6193, null);

insert into RCV_MAP_CTIEU (LOAI_DLIEU, KY_HIEU, KIEU_DLIEU, GDN_ID, KY_HIEU_CTIEU)
values ('48_05_CDTK13', '474', 'N', 6193, null);

insert into RCV_MAP_CTIEU (LOAI_DLIEU, KY_HIEU, KIEU_DLIEU, GDN_ID, KY_HIEU_CTIEU)
values ('48_05_CDTK13', '475', 'N', 6194, null);

insert into RCV_MAP_CTIEU (LOAI_DLIEU, KY_HIEU, KIEU_DLIEU, GDN_ID, KY_HIEU_CTIEU)
values ('48_05_CDTK13', '476', 'N', 6194, null);

insert into RCV_MAP_CTIEU (LOAI_DLIEU, KY_HIEU, KIEU_DLIEU, GDN_ID, KY_HIEU_CTIEU)
values ('48_05_CDTK13', '477', 'N', 6194, null);

insert into RCV_MAP_CTIEU (LOAI_DLIEU, KY_HIEU, KIEU_DLIEU, GDN_ID, KY_HIEU_CTIEU)
values ('48_05_CDTK13', '478', 'N', 6194, null);

insert into RCV_MAP_CTIEU (LOAI_DLIEU, KY_HIEU, KIEU_DLIEU, GDN_ID, KY_HIEU_CTIEU)
values ('48_05_CDTK13', '479', 'N', 6194, null);

insert into RCV_MAP_CTIEU (LOAI_DLIEU, KY_HIEU, KIEU_DLIEU, GDN_ID, KY_HIEU_CTIEU)
values ('48_05_CDTK13', '48', 'N', 6122, null);

insert into RCV_MAP_CTIEU (LOAI_DLIEU, KY_HIEU, KIEU_DLIEU, GDN_ID, KY_HIEU_CTIEU)
values ('48_05_CDTK13', '480', 'N', 6194, null);

insert into RCV_MAP_CTIEU (LOAI_DLIEU, KY_HIEU, KIEU_DLIEU, GDN_ID, KY_HIEU_CTIEU)
values ('48_05_CDTK13', '481', 'N', 6195, null);

insert into RCV_MAP_CTIEU (LOAI_DLIEU, KY_HIEU, KIEU_DLIEU, GDN_ID, KY_HIEU_CTIEU)
values ('48_05_CDTK13', '482', 'N', 6195, null);

insert into RCV_MAP_CTIEU (LOAI_DLIEU, KY_HIEU, KIEU_DLIEU, GDN_ID, KY_HIEU_CTIEU)
values ('48_05_CDTK13', '483', 'N', 6195, null);

insert into RCV_MAP_CTIEU (LOAI_DLIEU, KY_HIEU, KIEU_DLIEU, GDN_ID, KY_HIEU_CTIEU)
values ('48_05_CDTK13', '484', 'N', 6195, null);

insert into RCV_MAP_CTIEU (LOAI_DLIEU, KY_HIEU, KIEU_DLIEU, GDN_ID, KY_HIEU_CTIEU)
values ('48_05_CDTK13', '485', 'N', 6195, null);

insert into RCV_MAP_CTIEU (LOAI_DLIEU, KY_HIEU, KIEU_DLIEU, GDN_ID, KY_HIEU_CTIEU)
values ('48_05_CDTK13', '486', 'N', 6195, null);

insert into RCV_MAP_CTIEU (LOAI_DLIEU, KY_HIEU, KIEU_DLIEU, GDN_ID, KY_HIEU_CTIEU)
values ('48_05_CDTK13', '487', 'N', 6196, null);

insert into RCV_MAP_CTIEU (LOAI_DLIEU, KY_HIEU, KIEU_DLIEU, GDN_ID, KY_HIEU_CTIEU)
values ('48_05_CDTK13', '488', 'N', 6196, null);

insert into RCV_MAP_CTIEU (LOAI_DLIEU, KY_HIEU, KIEU_DLIEU, GDN_ID, KY_HIEU_CTIEU)
values ('48_05_CDTK13', '489', 'N', 6196, null);

insert into RCV_MAP_CTIEU (LOAI_DLIEU, KY_HIEU, KIEU_DLIEU, GDN_ID, KY_HIEU_CTIEU)
values ('48_05_CDTK13', '49', 'N', 6123, null);

insert into RCV_MAP_CTIEU (LOAI_DLIEU, KY_HIEU, KIEU_DLIEU, GDN_ID, KY_HIEU_CTIEU)
values ('48_05_CDTK13', '490', 'N', 6196, null);

insert into RCV_MAP_CTIEU (LOAI_DLIEU, KY_HIEU, KIEU_DLIEU, GDN_ID, KY_HIEU_CTIEU)
values ('48_05_CDTK13', '491', 'N', 6196, null);

insert into RCV_MAP_CTIEU (LOAI_DLIEU, KY_HIEU, KIEU_DLIEU, GDN_ID, KY_HIEU_CTIEU)
values ('48_05_CDTK13', '492', 'N', 6196, null);

insert into RCV_MAP_CTIEU (LOAI_DLIEU, KY_HIEU, KIEU_DLIEU, GDN_ID, KY_HIEU_CTIEU)
values ('48_05_CDTK13', '493', 'N', 6197, null);

insert into RCV_MAP_CTIEU (LOAI_DLIEU, KY_HIEU, KIEU_DLIEU, GDN_ID, KY_HIEU_CTIEU)
values ('48_05_CDTK13', '494', 'N', 6197, null);

insert into RCV_MAP_CTIEU (LOAI_DLIEU, KY_HIEU, KIEU_DLIEU, GDN_ID, KY_HIEU_CTIEU)
values ('48_05_CDTK13', '495', 'N', 6197, null);

insert into RCV_MAP_CTIEU (LOAI_DLIEU, KY_HIEU, KIEU_DLIEU, GDN_ID, KY_HIEU_CTIEU)
values ('48_05_CDTK13', '496', 'N', 6197, null);

insert into RCV_MAP_CTIEU (LOAI_DLIEU, KY_HIEU, KIEU_DLIEU, GDN_ID, KY_HIEU_CTIEU)
values ('48_05_CDTK13', '497', 'N', 6197, null);

insert into RCV_MAP_CTIEU (LOAI_DLIEU, KY_HIEU, KIEU_DLIEU, GDN_ID, KY_HIEU_CTIEU)
values ('48_05_CDTK13', '498', 'N', 6197, null);

insert into RCV_MAP_CTIEU (LOAI_DLIEU, KY_HIEU, KIEU_DLIEU, GDN_ID, KY_HIEU_CTIEU)
values ('48_05_CDTK13', '499', 'N', 6198, null);

insert into RCV_MAP_CTIEU (LOAI_DLIEU, KY_HIEU, KIEU_DLIEU, GDN_ID, KY_HIEU_CTIEU)
values ('48_05_CDTK13', '5', 'N', 6115, null);

insert into RCV_MAP_CTIEU (LOAI_DLIEU, KY_HIEU, KIEU_DLIEU, GDN_ID, KY_HIEU_CTIEU)
values ('48_05_CDTK13', '50', 'N', 6123, null);

insert into RCV_MAP_CTIEU (LOAI_DLIEU, KY_HIEU, KIEU_DLIEU, GDN_ID, KY_HIEU_CTIEU)
values ('48_05_CDTK13', '500', 'N', 6198, null);

insert into RCV_MAP_CTIEU (LOAI_DLIEU, KY_HIEU, KIEU_DLIEU, GDN_ID, KY_HIEU_CTIEU)
values ('48_05_CDTK13', '501', 'N', 6198, null);

insert into RCV_MAP_CTIEU (LOAI_DLIEU, KY_HIEU, KIEU_DLIEU, GDN_ID, KY_HIEU_CTIEU)
values ('48_05_CDTK13', '502', 'N', 6198, null);

insert into RCV_MAP_CTIEU (LOAI_DLIEU, KY_HIEU, KIEU_DLIEU, GDN_ID, KY_HIEU_CTIEU)
values ('48_05_CDTK13', '503', 'N', 6198, null);

insert into RCV_MAP_CTIEU (LOAI_DLIEU, KY_HIEU, KIEU_DLIEU, GDN_ID, KY_HIEU_CTIEU)
values ('48_05_CDTK13', '504', 'N', 6198, null);

insert into RCV_MAP_CTIEU (LOAI_DLIEU, KY_HIEU, KIEU_DLIEU, GDN_ID, KY_HIEU_CTIEU)
values ('48_05_CDTK13', '505', 'N', 6199, null);

insert into RCV_MAP_CTIEU (LOAI_DLIEU, KY_HIEU, KIEU_DLIEU, GDN_ID, KY_HIEU_CTIEU)
values ('48_05_CDTK13', '506', 'N', 6199, null);

insert into RCV_MAP_CTIEU (LOAI_DLIEU, KY_HIEU, KIEU_DLIEU, GDN_ID, KY_HIEU_CTIEU)
values ('48_05_CDTK13', '507', 'N', 6199, null);

insert into RCV_MAP_CTIEU (LOAI_DLIEU, KY_HIEU, KIEU_DLIEU, GDN_ID, KY_HIEU_CTIEU)
values ('48_05_CDTK13', '508', 'N', 6199, null);

insert into RCV_MAP_CTIEU (LOAI_DLIEU, KY_HIEU, KIEU_DLIEU, GDN_ID, KY_HIEU_CTIEU)
values ('48_05_CDTK13', '509', 'N', 6199, null);

insert into RCV_MAP_CTIEU (LOAI_DLIEU, KY_HIEU, KIEU_DLIEU, GDN_ID, KY_HIEU_CTIEU)
values ('48_05_CDTK13', '51', 'N', 6123, null);

insert into RCV_MAP_CTIEU (LOAI_DLIEU, KY_HIEU, KIEU_DLIEU, GDN_ID, KY_HIEU_CTIEU)
values ('48_05_CDTK13', '510', 'N', 6199, null);

insert into RCV_MAP_CTIEU (LOAI_DLIEU, KY_HIEU, KIEU_DLIEU, GDN_ID, KY_HIEU_CTIEU)
values ('48_05_CDTK13', '511', 'N', 6200, null);

insert into RCV_MAP_CTIEU (LOAI_DLIEU, KY_HIEU, KIEU_DLIEU, GDN_ID, KY_HIEU_CTIEU)
values ('48_05_CDTK13', '512', 'N', 6200, null);

insert into RCV_MAP_CTIEU (LOAI_DLIEU, KY_HIEU, KIEU_DLIEU, GDN_ID, KY_HIEU_CTIEU)
values ('48_05_CDTK13', '513', 'N', 6200, null);

insert into RCV_MAP_CTIEU (LOAI_DLIEU, KY_HIEU, KIEU_DLIEU, GDN_ID, KY_HIEU_CTIEU)
values ('48_05_CDTK13', '514', 'N', 6200, null);

insert into RCV_MAP_CTIEU (LOAI_DLIEU, KY_HIEU, KIEU_DLIEU, GDN_ID, KY_HIEU_CTIEU)
values ('48_05_CDTK13', '515', 'N', 6200, null);

insert into RCV_MAP_CTIEU (LOAI_DLIEU, KY_HIEU, KIEU_DLIEU, GDN_ID, KY_HIEU_CTIEU)
values ('48_05_CDTK13', '516', 'N', 6200, null);

insert into RCV_MAP_CTIEU (LOAI_DLIEU, KY_HIEU, KIEU_DLIEU, GDN_ID, KY_HIEU_CTIEU)
values ('48_05_CDTK13', '517', 'N', 6201, null);

insert into RCV_MAP_CTIEU (LOAI_DLIEU, KY_HIEU, KIEU_DLIEU, GDN_ID, KY_HIEU_CTIEU)
values ('48_05_CDTK13', '518', 'N', 6201, null);

insert into RCV_MAP_CTIEU (LOAI_DLIEU, KY_HIEU, KIEU_DLIEU, GDN_ID, KY_HIEU_CTIEU)
values ('48_05_CDTK13', '519', 'N', 6201, null);

insert into RCV_MAP_CTIEU (LOAI_DLIEU, KY_HIEU, KIEU_DLIEU, GDN_ID, KY_HIEU_CTIEU)
values ('48_05_CDTK13', '52', 'N', 6123, null);

insert into RCV_MAP_CTIEU (LOAI_DLIEU, KY_HIEU, KIEU_DLIEU, GDN_ID, KY_HIEU_CTIEU)
values ('48_05_CDTK13', '520', 'N', 6201, null);

insert into RCV_MAP_CTIEU (LOAI_DLIEU, KY_HIEU, KIEU_DLIEU, GDN_ID, KY_HIEU_CTIEU)
values ('48_05_CDTK13', '521', 'N', 6201, null);

insert into RCV_MAP_CTIEU (LOAI_DLIEU, KY_HIEU, KIEU_DLIEU, GDN_ID, KY_HIEU_CTIEU)
values ('48_05_CDTK13', '522', 'N', 6201, null);

insert into RCV_MAP_CTIEU (LOAI_DLIEU, KY_HIEU, KIEU_DLIEU, GDN_ID, KY_HIEU_CTIEU)
values ('48_05_CDTK13', '523', 'N', 6202, null);

insert into RCV_MAP_CTIEU (LOAI_DLIEU, KY_HIEU, KIEU_DLIEU, GDN_ID, KY_HIEU_CTIEU)
values ('48_05_CDTK13', '524', 'N', 6202, null);

insert into RCV_MAP_CTIEU (LOAI_DLIEU, KY_HIEU, KIEU_DLIEU, GDN_ID, KY_HIEU_CTIEU)
values ('48_05_CDTK13', '525', 'N', 6202, null);

insert into RCV_MAP_CTIEU (LOAI_DLIEU, KY_HIEU, KIEU_DLIEU, GDN_ID, KY_HIEU_CTIEU)
values ('48_05_CDTK13', '526', 'N', 6202, null);

insert into RCV_MAP_CTIEU (LOAI_DLIEU, KY_HIEU, KIEU_DLIEU, GDN_ID, KY_HIEU_CTIEU)
values ('48_05_CDTK13', '527', 'N', 6202, null);

insert into RCV_MAP_CTIEU (LOAI_DLIEU, KY_HIEU, KIEU_DLIEU, GDN_ID, KY_HIEU_CTIEU)
values ('48_05_CDTK13', '528', 'N', 6202, null);

insert into RCV_MAP_CTIEU (LOAI_DLIEU, KY_HIEU, KIEU_DLIEU, GDN_ID, KY_HIEU_CTIEU)
values ('48_05_CDTK13', '529', 'N', 6203, null);

insert into RCV_MAP_CTIEU (LOAI_DLIEU, KY_HIEU, KIEU_DLIEU, GDN_ID, KY_HIEU_CTIEU)
values ('48_05_CDTK13', '53', 'N', 6123, null);

insert into RCV_MAP_CTIEU (LOAI_DLIEU, KY_HIEU, KIEU_DLIEU, GDN_ID, KY_HIEU_CTIEU)
values ('48_05_CDTK13', '530', 'N', 6203, null);

insert into RCV_MAP_CTIEU (LOAI_DLIEU, KY_HIEU, KIEU_DLIEU, GDN_ID, KY_HIEU_CTIEU)
values ('48_05_CDTK13', '531', 'N', 6203, null);

insert into RCV_MAP_CTIEU (LOAI_DLIEU, KY_HIEU, KIEU_DLIEU, GDN_ID, KY_HIEU_CTIEU)
values ('48_05_CDTK13', '532', 'N', 6203, null);

insert into RCV_MAP_CTIEU (LOAI_DLIEU, KY_HIEU, KIEU_DLIEU, GDN_ID, KY_HIEU_CTIEU)
values ('48_05_CDTK13', '533', 'N', 6203, null);

insert into RCV_MAP_CTIEU (LOAI_DLIEU, KY_HIEU, KIEU_DLIEU, GDN_ID, KY_HIEU_CTIEU)
values ('48_05_CDTK13', '534', 'N', 6203, null);

insert into RCV_MAP_CTIEU (LOAI_DLIEU, KY_HIEU, KIEU_DLIEU, GDN_ID, KY_HIEU_CTIEU)
values ('48_05_CDTK13', '535', 'N', 6204, null);

insert into RCV_MAP_CTIEU (LOAI_DLIEU, KY_HIEU, KIEU_DLIEU, GDN_ID, KY_HIEU_CTIEU)
values ('48_05_CDTK13', '536', 'N', 6204, null);

insert into RCV_MAP_CTIEU (LOAI_DLIEU, KY_HIEU, KIEU_DLIEU, GDN_ID, KY_HIEU_CTIEU)
values ('48_05_CDTK13', '537', 'N', 6204, null);

insert into RCV_MAP_CTIEU (LOAI_DLIEU, KY_HIEU, KIEU_DLIEU, GDN_ID, KY_HIEU_CTIEU)
values ('48_05_CDTK13', '538', 'N', 6204, null);

insert into RCV_MAP_CTIEU (LOAI_DLIEU, KY_HIEU, KIEU_DLIEU, GDN_ID, KY_HIEU_CTIEU)
values ('48_05_CDTK13', '539', 'N', 6204, null);

insert into RCV_MAP_CTIEU (LOAI_DLIEU, KY_HIEU, KIEU_DLIEU, GDN_ID, KY_HIEU_CTIEU)
values ('48_05_CDTK13', '54', 'N', 6123, null);

insert into RCV_MAP_CTIEU (LOAI_DLIEU, KY_HIEU, KIEU_DLIEU, GDN_ID, KY_HIEU_CTIEU)
values ('48_05_CDTK13', '540', 'N', 6204, null);

insert into RCV_MAP_CTIEU (LOAI_DLIEU, KY_HIEU, KIEU_DLIEU, GDN_ID, KY_HIEU_CTIEU)
values ('48_05_CDTK13', '541', 'N', 6205, null);

insert into RCV_MAP_CTIEU (LOAI_DLIEU, KY_HIEU, KIEU_DLIEU, GDN_ID, KY_HIEU_CTIEU)
values ('48_05_CDTK13', '542', 'N', 6205, null);

insert into RCV_MAP_CTIEU (LOAI_DLIEU, KY_HIEU, KIEU_DLIEU, GDN_ID, KY_HIEU_CTIEU)
values ('48_05_CDTK13', '543', 'N', 6205, null);

insert into RCV_MAP_CTIEU (LOAI_DLIEU, KY_HIEU, KIEU_DLIEU, GDN_ID, KY_HIEU_CTIEU)
values ('48_05_CDTK13', '544', 'N', 6205, null);

insert into RCV_MAP_CTIEU (LOAI_DLIEU, KY_HIEU, KIEU_DLIEU, GDN_ID, KY_HIEU_CTIEU)
values ('48_05_CDTK13', '545', 'N', 6205, null);

insert into RCV_MAP_CTIEU (LOAI_DLIEU, KY_HIEU, KIEU_DLIEU, GDN_ID, KY_HIEU_CTIEU)
values ('48_05_CDTK13', '546', 'N', 6205, null);

insert into RCV_MAP_CTIEU (LOAI_DLIEU, KY_HIEU, KIEU_DLIEU, GDN_ID, KY_HIEU_CTIEU)
values ('48_05_CDTK13', '547', 'N', 6206, null);

insert into RCV_MAP_CTIEU (LOAI_DLIEU, KY_HIEU, KIEU_DLIEU, GDN_ID, KY_HIEU_CTIEU)
values ('48_05_CDTK13', '548', 'N', 6206, null);

insert into RCV_MAP_CTIEU (LOAI_DLIEU, KY_HIEU, KIEU_DLIEU, GDN_ID, KY_HIEU_CTIEU)
values ('48_05_CDTK13', '549', 'N', 6206, null);

insert into RCV_MAP_CTIEU (LOAI_DLIEU, KY_HIEU, KIEU_DLIEU, GDN_ID, KY_HIEU_CTIEU)
values ('48_05_CDTK13', '55', 'N', 6124, null);

insert into RCV_MAP_CTIEU (LOAI_DLIEU, KY_HIEU, KIEU_DLIEU, GDN_ID, KY_HIEU_CTIEU)
values ('48_05_CDTK13', '550', 'N', 6206, null);

insert into RCV_MAP_CTIEU (LOAI_DLIEU, KY_HIEU, KIEU_DLIEU, GDN_ID, KY_HIEU_CTIEU)
values ('48_05_CDTK13', '551', 'N', 6206, null);

insert into RCV_MAP_CTIEU (LOAI_DLIEU, KY_HIEU, KIEU_DLIEU, GDN_ID, KY_HIEU_CTIEU)
values ('48_05_CDTK13', '552', 'N', 6206, null);

insert into RCV_MAP_CTIEU (LOAI_DLIEU, KY_HIEU, KIEU_DLIEU, GDN_ID, KY_HIEU_CTIEU)
values ('48_05_CDTK13', '553', 'N', 6207, null);

insert into RCV_MAP_CTIEU (LOAI_DLIEU, KY_HIEU, KIEU_DLIEU, GDN_ID, KY_HIEU_CTIEU)
values ('48_05_CDTK13', '554', 'N', 6207, null);

insert into RCV_MAP_CTIEU (LOAI_DLIEU, KY_HIEU, KIEU_DLIEU, GDN_ID, KY_HIEU_CTIEU)
values ('48_05_CDTK13', '555', 'N', 6207, null);

insert into RCV_MAP_CTIEU (LOAI_DLIEU, KY_HIEU, KIEU_DLIEU, GDN_ID, KY_HIEU_CTIEU)
values ('48_05_CDTK13', '556', 'N', 6207, null);

insert into RCV_MAP_CTIEU (LOAI_DLIEU, KY_HIEU, KIEU_DLIEU, GDN_ID, KY_HIEU_CTIEU)
values ('48_05_CDTK13', '557', 'N', 6207, null);

insert into RCV_MAP_CTIEU (LOAI_DLIEU, KY_HIEU, KIEU_DLIEU, GDN_ID, KY_HIEU_CTIEU)
values ('48_05_CDTK13', '558', 'N', 6207, null);

insert into RCV_MAP_CTIEU (LOAI_DLIEU, KY_HIEU, KIEU_DLIEU, GDN_ID, KY_HIEU_CTIEU)
values ('48_05_CDTK13', '559', 'N', 6208, null);

insert into RCV_MAP_CTIEU (LOAI_DLIEU, KY_HIEU, KIEU_DLIEU, GDN_ID, KY_HIEU_CTIEU)
values ('48_05_CDTK13', '56', 'N', 6124, null);

insert into RCV_MAP_CTIEU (LOAI_DLIEU, KY_HIEU, KIEU_DLIEU, GDN_ID, KY_HIEU_CTIEU)
values ('48_05_CDTK13', '560', 'N', 6208, null);

insert into RCV_MAP_CTIEU (LOAI_DLIEU, KY_HIEU, KIEU_DLIEU, GDN_ID, KY_HIEU_CTIEU)
values ('48_05_CDTK13', '561', 'N', 6208, null);

insert into RCV_MAP_CTIEU (LOAI_DLIEU, KY_HIEU, KIEU_DLIEU, GDN_ID, KY_HIEU_CTIEU)
values ('48_05_CDTK13', '562', 'N', 6208, null);

insert into RCV_MAP_CTIEU (LOAI_DLIEU, KY_HIEU, KIEU_DLIEU, GDN_ID, KY_HIEU_CTIEU)
values ('48_05_CDTK13', '563', 'N', 6208, null);

insert into RCV_MAP_CTIEU (LOAI_DLIEU, KY_HIEU, KIEU_DLIEU, GDN_ID, KY_HIEU_CTIEU)
values ('48_05_CDTK13', '564', 'N', 6208, null);

insert into RCV_MAP_CTIEU (LOAI_DLIEU, KY_HIEU, KIEU_DLIEU, GDN_ID, KY_HIEU_CTIEU)
values ('48_05_CDTK13', '565', 'N', 6209, null);

insert into RCV_MAP_CTIEU (LOAI_DLIEU, KY_HIEU, KIEU_DLIEU, GDN_ID, KY_HIEU_CTIEU)
values ('48_05_CDTK13', '566', 'N', 6209, null);

insert into RCV_MAP_CTIEU (LOAI_DLIEU, KY_HIEU, KIEU_DLIEU, GDN_ID, KY_HIEU_CTIEU)
values ('48_05_CDTK13', '567', 'N', 6209, null);

insert into RCV_MAP_CTIEU (LOAI_DLIEU, KY_HIEU, KIEU_DLIEU, GDN_ID, KY_HIEU_CTIEU)
values ('48_05_CDTK13', '568', 'N', 6209, null);

insert into RCV_MAP_CTIEU (LOAI_DLIEU, KY_HIEU, KIEU_DLIEU, GDN_ID, KY_HIEU_CTIEU)
values ('48_05_CDTK13', '569', 'N', 6209, null);

insert into RCV_MAP_CTIEU (LOAI_DLIEU, KY_HIEU, KIEU_DLIEU, GDN_ID, KY_HIEU_CTIEU)
values ('48_05_CDTK13', '57', 'N', 6124, null);

insert into RCV_MAP_CTIEU (LOAI_DLIEU, KY_HIEU, KIEU_DLIEU, GDN_ID, KY_HIEU_CTIEU)
values ('48_05_CDTK13', '570', 'N', 6209, null);

insert into RCV_MAP_CTIEU (LOAI_DLIEU, KY_HIEU, KIEU_DLIEU, GDN_ID, KY_HIEU_CTIEU)
values ('48_05_CDTK13', '571', 'N', 6210, null);

insert into RCV_MAP_CTIEU (LOAI_DLIEU, KY_HIEU, KIEU_DLIEU, GDN_ID, KY_HIEU_CTIEU)
values ('48_05_CDTK13', '572', 'N', 6210, null);

insert into RCV_MAP_CTIEU (LOAI_DLIEU, KY_HIEU, KIEU_DLIEU, GDN_ID, KY_HIEU_CTIEU)
values ('48_05_CDTK13', '573', 'N', 6210, null);

insert into RCV_MAP_CTIEU (LOAI_DLIEU, KY_HIEU, KIEU_DLIEU, GDN_ID, KY_HIEU_CTIEU)
values ('48_05_CDTK13', '574', 'N', 6210, null);

insert into RCV_MAP_CTIEU (LOAI_DLIEU, KY_HIEU, KIEU_DLIEU, GDN_ID, KY_HIEU_CTIEU)
values ('48_05_CDTK13', '575', 'N', 6210, null);

insert into RCV_MAP_CTIEU (LOAI_DLIEU, KY_HIEU, KIEU_DLIEU, GDN_ID, KY_HIEU_CTIEU)
values ('48_05_CDTK13', '576', 'N', 6210, null);

insert into RCV_MAP_CTIEU (LOAI_DLIEU, KY_HIEU, KIEU_DLIEU, GDN_ID, KY_HIEU_CTIEU)
values ('48_05_CDTK13', '577', 'N', 6211, null);

insert into RCV_MAP_CTIEU (LOAI_DLIEU, KY_HIEU, KIEU_DLIEU, GDN_ID, KY_HIEU_CTIEU)
values ('48_05_CDTK13', '578', 'N', 6211, null);

insert into RCV_MAP_CTIEU (LOAI_DLIEU, KY_HIEU, KIEU_DLIEU, GDN_ID, KY_HIEU_CTIEU)
values ('48_05_CDTK13', '579', 'N', 6211, null);

insert into RCV_MAP_CTIEU (LOAI_DLIEU, KY_HIEU, KIEU_DLIEU, GDN_ID, KY_HIEU_CTIEU)
values ('48_05_CDTK13', '58', 'N', 6124, null);

insert into RCV_MAP_CTIEU (LOAI_DLIEU, KY_HIEU, KIEU_DLIEU, GDN_ID, KY_HIEU_CTIEU)
values ('48_05_CDTK13', '580', 'N', 6211, null);

insert into RCV_MAP_CTIEU (LOAI_DLIEU, KY_HIEU, KIEU_DLIEU, GDN_ID, KY_HIEU_CTIEU)
values ('48_05_CDTK13', '581', 'N', 6211, null);

insert into RCV_MAP_CTIEU (LOAI_DLIEU, KY_HIEU, KIEU_DLIEU, GDN_ID, KY_HIEU_CTIEU)
values ('48_05_CDTK13', '582', 'N', 6211, null);

insert into RCV_MAP_CTIEU (LOAI_DLIEU, KY_HIEU, KIEU_DLIEU, GDN_ID, KY_HIEU_CTIEU)
values ('48_05_CDTK13', '583', 'N', 6212, null);

insert into RCV_MAP_CTIEU (LOAI_DLIEU, KY_HIEU, KIEU_DLIEU, GDN_ID, KY_HIEU_CTIEU)
values ('48_05_CDTK13', '584', 'N', 6212, null);

insert into RCV_MAP_CTIEU (LOAI_DLIEU, KY_HIEU, KIEU_DLIEU, GDN_ID, KY_HIEU_CTIEU)
values ('48_05_CDTK13', '585', 'N', 6212, null);

insert into RCV_MAP_CTIEU (LOAI_DLIEU, KY_HIEU, KIEU_DLIEU, GDN_ID, KY_HIEU_CTIEU)
values ('48_05_CDTK13', '586', 'N', 6212, null);

insert into RCV_MAP_CTIEU (LOAI_DLIEU, KY_HIEU, KIEU_DLIEU, GDN_ID, KY_HIEU_CTIEU)
values ('48_05_CDTK13', '587', 'N', 6212, null);

insert into RCV_MAP_CTIEU (LOAI_DLIEU, KY_HIEU, KIEU_DLIEU, GDN_ID, KY_HIEU_CTIEU)
values ('48_05_CDTK13', '588', 'N', 6212, null);

insert into RCV_MAP_CTIEU (LOAI_DLIEU, KY_HIEU, KIEU_DLIEU, GDN_ID, KY_HIEU_CTIEU)
values ('48_05_CDTK13', '589', 'N', 6213, null);

insert into RCV_MAP_CTIEU (LOAI_DLIEU, KY_HIEU, KIEU_DLIEU, GDN_ID, KY_HIEU_CTIEU)
values ('48_05_CDTK13', '59', 'N', 6124, null);

insert into RCV_MAP_CTIEU (LOAI_DLIEU, KY_HIEU, KIEU_DLIEU, GDN_ID, KY_HIEU_CTIEU)
values ('48_05_CDTK13', '590', 'N', 6213, null);

insert into RCV_MAP_CTIEU (LOAI_DLIEU, KY_HIEU, KIEU_DLIEU, GDN_ID, KY_HIEU_CTIEU)
values ('48_05_CDTK13', '591', 'N', 6213, null);

insert into RCV_MAP_CTIEU (LOAI_DLIEU, KY_HIEU, KIEU_DLIEU, GDN_ID, KY_HIEU_CTIEU)
values ('48_05_CDTK13', '592', 'N', 6213, null);

insert into RCV_MAP_CTIEU (LOAI_DLIEU, KY_HIEU, KIEU_DLIEU, GDN_ID, KY_HIEU_CTIEU)
values ('48_05_CDTK13', '593', 'N', 6213, null);

insert into RCV_MAP_CTIEU (LOAI_DLIEU, KY_HIEU, KIEU_DLIEU, GDN_ID, KY_HIEU_CTIEU)
values ('48_05_CDTK13', '594', 'N', 6213, null);

insert into RCV_MAP_CTIEU (LOAI_DLIEU, KY_HIEU, KIEU_DLIEU, GDN_ID, KY_HIEU_CTIEU)
values ('48_05_CDTK13', '595', 'N', 6214, null);

insert into RCV_MAP_CTIEU (LOAI_DLIEU, KY_HIEU, KIEU_DLIEU, GDN_ID, KY_HIEU_CTIEU)
values ('48_05_CDTK13', '596', 'N', 6214, null);

insert into RCV_MAP_CTIEU (LOAI_DLIEU, KY_HIEU, KIEU_DLIEU, GDN_ID, KY_HIEU_CTIEU)
values ('48_05_CDTK13', '597', 'N', 6214, null);

insert into RCV_MAP_CTIEU (LOAI_DLIEU, KY_HIEU, KIEU_DLIEU, GDN_ID, KY_HIEU_CTIEU)
values ('48_05_CDTK13', '598', 'N', 6214, null);

insert into RCV_MAP_CTIEU (LOAI_DLIEU, KY_HIEU, KIEU_DLIEU, GDN_ID, KY_HIEU_CTIEU)
values ('48_05_CDTK13', '599', 'N', 6214, null);

insert into RCV_MAP_CTIEU (LOAI_DLIEU, KY_HIEU, KIEU_DLIEU, GDN_ID, KY_HIEU_CTIEU)
values ('48_05_CDTK13', '6', 'N', 6115, null);

insert into RCV_MAP_CTIEU (LOAI_DLIEU, KY_HIEU, KIEU_DLIEU, GDN_ID, KY_HIEU_CTIEU)
values ('48_05_CDTK13', '60', 'N', 6124, null);

insert into RCV_MAP_CTIEU (LOAI_DLIEU, KY_HIEU, KIEU_DLIEU, GDN_ID, KY_HIEU_CTIEU)
values ('48_05_CDTK13', '600', 'N', 6214, null);

insert into RCV_MAP_CTIEU (LOAI_DLIEU, KY_HIEU, KIEU_DLIEU, GDN_ID, KY_HIEU_CTIEU)
values ('48_05_CDTK13', '601', 'N', 6215, null);

insert into RCV_MAP_CTIEU (LOAI_DLIEU, KY_HIEU, KIEU_DLIEU, GDN_ID, KY_HIEU_CTIEU)
values ('48_05_CDTK13', '602', 'N', 6215, null);

insert into RCV_MAP_CTIEU (LOAI_DLIEU, KY_HIEU, KIEU_DLIEU, GDN_ID, KY_HIEU_CTIEU)
values ('48_05_CDTK13', '603', 'N', 6215, null);

insert into RCV_MAP_CTIEU (LOAI_DLIEU, KY_HIEU, KIEU_DLIEU, GDN_ID, KY_HIEU_CTIEU)
values ('48_05_CDTK13', '604', 'N', 6215, null);

insert into RCV_MAP_CTIEU (LOAI_DLIEU, KY_HIEU, KIEU_DLIEU, GDN_ID, KY_HIEU_CTIEU)
values ('48_05_CDTK13', '605', 'N', 6215, null);

insert into RCV_MAP_CTIEU (LOAI_DLIEU, KY_HIEU, KIEU_DLIEU, GDN_ID, KY_HIEU_CTIEU)
values ('48_05_CDTK13', '606', 'N', 6215, null);

insert into RCV_MAP_CTIEU (LOAI_DLIEU, KY_HIEU, KIEU_DLIEU, GDN_ID, KY_HIEU_CTIEU)
values ('48_05_CDTK13', '607', 'N', 6216, null);

insert into RCV_MAP_CTIEU (LOAI_DLIEU, KY_HIEU, KIEU_DLIEU, GDN_ID, KY_HIEU_CTIEU)
values ('48_05_CDTK13', '608', 'N', 6216, null);

insert into RCV_MAP_CTIEU (LOAI_DLIEU, KY_HIEU, KIEU_DLIEU, GDN_ID, KY_HIEU_CTIEU)
values ('48_05_CDTK13', '609', 'N', 6216, null);

insert into RCV_MAP_CTIEU (LOAI_DLIEU, KY_HIEU, KIEU_DLIEU, GDN_ID, KY_HIEU_CTIEU)
values ('48_05_CDTK13', '61', 'N', 6125, null);

insert into RCV_MAP_CTIEU (LOAI_DLIEU, KY_HIEU, KIEU_DLIEU, GDN_ID, KY_HIEU_CTIEU)
values ('48_05_CDTK13', '610', 'N', 6216, null);

insert into RCV_MAP_CTIEU (LOAI_DLIEU, KY_HIEU, KIEU_DLIEU, GDN_ID, KY_HIEU_CTIEU)
values ('48_05_CDTK13', '611', 'N', 6216, null);

insert into RCV_MAP_CTIEU (LOAI_DLIEU, KY_HIEU, KIEU_DLIEU, GDN_ID, KY_HIEU_CTIEU)
values ('48_05_CDTK13', '612', 'N', 6216, null);

insert into RCV_MAP_CTIEU (LOAI_DLIEU, KY_HIEU, KIEU_DLIEU, GDN_ID, KY_HIEU_CTIEU)
values ('48_05_CDTK13', '613', 'N', 6217, null);

insert into RCV_MAP_CTIEU (LOAI_DLIEU, KY_HIEU, KIEU_DLIEU, GDN_ID, KY_HIEU_CTIEU)
values ('48_05_CDTK13', '614', 'N', 6217, null);

insert into RCV_MAP_CTIEU (LOAI_DLIEU, KY_HIEU, KIEU_DLIEU, GDN_ID, KY_HIEU_CTIEU)
values ('48_05_CDTK13', '615', 'N', 6217, null);

insert into RCV_MAP_CTIEU (LOAI_DLIEU, KY_HIEU, KIEU_DLIEU, GDN_ID, KY_HIEU_CTIEU)
values ('48_05_CDTK13', '616', 'N', 6217, null);

insert into RCV_MAP_CTIEU (LOAI_DLIEU, KY_HIEU, KIEU_DLIEU, GDN_ID, KY_HIEU_CTIEU)
values ('48_05_CDTK13', '617', 'N', 6217, null);

insert into RCV_MAP_CTIEU (LOAI_DLIEU, KY_HIEU, KIEU_DLIEU, GDN_ID, KY_HIEU_CTIEU)
values ('48_05_CDTK13', '618', 'N', 6217, null);

insert into RCV_MAP_CTIEU (LOAI_DLIEU, KY_HIEU, KIEU_DLIEU, GDN_ID, KY_HIEU_CTIEU)
values ('48_05_CDTK13', '619', 'N', 6218, null);

insert into RCV_MAP_CTIEU (LOAI_DLIEU, KY_HIEU, KIEU_DLIEU, GDN_ID, KY_HIEU_CTIEU)
values ('48_05_CDTK13', '62', 'N', 6125, null);

insert into RCV_MAP_CTIEU (LOAI_DLIEU, KY_HIEU, KIEU_DLIEU, GDN_ID, KY_HIEU_CTIEU)
values ('48_05_CDTK13', '620', 'N', 6218, null);

insert into RCV_MAP_CTIEU (LOAI_DLIEU, KY_HIEU, KIEU_DLIEU, GDN_ID, KY_HIEU_CTIEU)
values ('48_05_CDTK13', '621', 'N', 6218, null);

insert into RCV_MAP_CTIEU (LOAI_DLIEU, KY_HIEU, KIEU_DLIEU, GDN_ID, KY_HIEU_CTIEU)
values ('48_05_CDTK13', '622', 'N', 6218, null);

insert into RCV_MAP_CTIEU (LOAI_DLIEU, KY_HIEU, KIEU_DLIEU, GDN_ID, KY_HIEU_CTIEU)
values ('48_05_CDTK13', '623', 'N', 6218, null);

insert into RCV_MAP_CTIEU (LOAI_DLIEU, KY_HIEU, KIEU_DLIEU, GDN_ID, KY_HIEU_CTIEU)
values ('48_05_CDTK13', '624', 'N', 6218, null);

insert into RCV_MAP_CTIEU (LOAI_DLIEU, KY_HIEU, KIEU_DLIEU, GDN_ID, KY_HIEU_CTIEU)
values ('48_05_CDTK13', '625', 'N', 6219, null);

insert into RCV_MAP_CTIEU (LOAI_DLIEU, KY_HIEU, KIEU_DLIEU, GDN_ID, KY_HIEU_CTIEU)
values ('48_05_CDTK13', '626', 'N', 6219, null);

insert into RCV_MAP_CTIEU (LOAI_DLIEU, KY_HIEU, KIEU_DLIEU, GDN_ID, KY_HIEU_CTIEU)
values ('48_05_CDTK13', '627', 'N', 6219, null);

insert into RCV_MAP_CTIEU (LOAI_DLIEU, KY_HIEU, KIEU_DLIEU, GDN_ID, KY_HIEU_CTIEU)
values ('48_05_CDTK13', '628', 'N', 6219, null);

insert into RCV_MAP_CTIEU (LOAI_DLIEU, KY_HIEU, KIEU_DLIEU, GDN_ID, KY_HIEU_CTIEU)
values ('48_05_CDTK13', '629', 'N', 6219, null);

insert into RCV_MAP_CTIEU (LOAI_DLIEU, KY_HIEU, KIEU_DLIEU, GDN_ID, KY_HIEU_CTIEU)
values ('48_05_CDTK13', '63', 'N', 6125, null);

insert into RCV_MAP_CTIEU (LOAI_DLIEU, KY_HIEU, KIEU_DLIEU, GDN_ID, KY_HIEU_CTIEU)
values ('48_05_CDTK13', '630', 'N', 6219, null);

insert into RCV_MAP_CTIEU (LOAI_DLIEU, KY_HIEU, KIEU_DLIEU, GDN_ID, KY_HIEU_CTIEU)
values ('48_05_CDTK13', '631', 'N', 6220, null);

insert into RCV_MAP_CTIEU (LOAI_DLIEU, KY_HIEU, KIEU_DLIEU, GDN_ID, KY_HIEU_CTIEU)
values ('48_05_CDTK13', '632', 'N', 6220, null);

insert into RCV_MAP_CTIEU (LOAI_DLIEU, KY_HIEU, KIEU_DLIEU, GDN_ID, KY_HIEU_CTIEU)
values ('48_05_CDTK13', '633', 'N', 6220, null);

insert into RCV_MAP_CTIEU (LOAI_DLIEU, KY_HIEU, KIEU_DLIEU, GDN_ID, KY_HIEU_CTIEU)
values ('48_05_CDTK13', '634', 'N', 6220, null);

insert into RCV_MAP_CTIEU (LOAI_DLIEU, KY_HIEU, KIEU_DLIEU, GDN_ID, KY_HIEU_CTIEU)
values ('48_05_CDTK13', '635', 'N', 6220, null);

insert into RCV_MAP_CTIEU (LOAI_DLIEU, KY_HIEU, KIEU_DLIEU, GDN_ID, KY_HIEU_CTIEU)
values ('48_05_CDTK13', '636', 'N', 6220, null);

insert into RCV_MAP_CTIEU (LOAI_DLIEU, KY_HIEU, KIEU_DLIEU, GDN_ID, KY_HIEU_CTIEU)
values ('48_05_CDTK13', '637', 'N', 6221, null);

insert into RCV_MAP_CTIEU (LOAI_DLIEU, KY_HIEU, KIEU_DLIEU, GDN_ID, KY_HIEU_CTIEU)
values ('48_05_CDTK13', '638', 'N', 6221, null);

insert into RCV_MAP_CTIEU (LOAI_DLIEU, KY_HIEU, KIEU_DLIEU, GDN_ID, KY_HIEU_CTIEU)
values ('48_05_CDTK13', '639', 'N', 6221, null);

insert into RCV_MAP_CTIEU (LOAI_DLIEU, KY_HIEU, KIEU_DLIEU, GDN_ID, KY_HIEU_CTIEU)
values ('48_05_CDTK13', '64', 'N', 6125, null);

insert into RCV_MAP_CTIEU (LOAI_DLIEU, KY_HIEU, KIEU_DLIEU, GDN_ID, KY_HIEU_CTIEU)
values ('48_05_CDTK13', '640', 'N', 6221, null);

insert into RCV_MAP_CTIEU (LOAI_DLIEU, KY_HIEU, KIEU_DLIEU, GDN_ID, KY_HIEU_CTIEU)
values ('48_05_CDTK13', '641', 'N', 6221, null);

insert into RCV_MAP_CTIEU (LOAI_DLIEU, KY_HIEU, KIEU_DLIEU, GDN_ID, KY_HIEU_CTIEU)
values ('48_05_CDTK13', '642', 'N', 6221, null);

insert into RCV_MAP_CTIEU (LOAI_DLIEU, KY_HIEU, KIEU_DLIEU, GDN_ID, KY_HIEU_CTIEU)
values ('48_05_CDTK13', '643', 'N', 6222, null);

insert into RCV_MAP_CTIEU (LOAI_DLIEU, KY_HIEU, KIEU_DLIEU, GDN_ID, KY_HIEU_CTIEU)
values ('48_05_CDTK13', '644', 'N', 6222, null);

insert into RCV_MAP_CTIEU (LOAI_DLIEU, KY_HIEU, KIEU_DLIEU, GDN_ID, KY_HIEU_CTIEU)
values ('48_05_CDTK13', '645', 'N', 6222, null);

insert into RCV_MAP_CTIEU (LOAI_DLIEU, KY_HIEU, KIEU_DLIEU, GDN_ID, KY_HIEU_CTIEU)
values ('48_05_CDTK13', '646', 'N', 6222, null);

insert into RCV_MAP_CTIEU (LOAI_DLIEU, KY_HIEU, KIEU_DLIEU, GDN_ID, KY_HIEU_CTIEU)
values ('48_05_CDTK13', '647', 'N', 6222, null);

insert into RCV_MAP_CTIEU (LOAI_DLIEU, KY_HIEU, KIEU_DLIEU, GDN_ID, KY_HIEU_CTIEU)
values ('48_05_CDTK13', '648', 'N', 6222, null);

insert into RCV_MAP_CTIEU (LOAI_DLIEU, KY_HIEU, KIEU_DLIEU, GDN_ID, KY_HIEU_CTIEU)
values ('48_05_CDTK13', '649', 'N', 6223, null);

insert into RCV_MAP_CTIEU (LOAI_DLIEU, KY_HIEU, KIEU_DLIEU, GDN_ID, KY_HIEU_CTIEU)
values ('48_05_CDTK13', '65', 'N', 6125, null);

insert into RCV_MAP_CTIEU (LOAI_DLIEU, KY_HIEU, KIEU_DLIEU, GDN_ID, KY_HIEU_CTIEU)
values ('48_05_CDTK13', '650', 'N', 6223, null);

insert into RCV_MAP_CTIEU (LOAI_DLIEU, KY_HIEU, KIEU_DLIEU, GDN_ID, KY_HIEU_CTIEU)
values ('48_05_CDTK13', '651', 'N', 6223, null);

insert into RCV_MAP_CTIEU (LOAI_DLIEU, KY_HIEU, KIEU_DLIEU, GDN_ID, KY_HIEU_CTIEU)
values ('48_05_CDTK13', '652', 'N', 6223, null);

insert into RCV_MAP_CTIEU (LOAI_DLIEU, KY_HIEU, KIEU_DLIEU, GDN_ID, KY_HIEU_CTIEU)
values ('48_05_CDTK13', '653', 'N', 6223, null);

insert into RCV_MAP_CTIEU (LOAI_DLIEU, KY_HIEU, KIEU_DLIEU, GDN_ID, KY_HIEU_CTIEU)
values ('48_05_CDTK13', '654', 'N', 6223, null);

insert into RCV_MAP_CTIEU (LOAI_DLIEU, KY_HIEU, KIEU_DLIEU, GDN_ID, KY_HIEU_CTIEU)
values ('48_05_CDTK13', '655', 'N', 6224, null);

insert into RCV_MAP_CTIEU (LOAI_DLIEU, KY_HIEU, KIEU_DLIEU, GDN_ID, KY_HIEU_CTIEU)
values ('48_05_CDTK13', '656', 'N', 6224, null);

insert into RCV_MAP_CTIEU (LOAI_DLIEU, KY_HIEU, KIEU_DLIEU, GDN_ID, KY_HIEU_CTIEU)
values ('48_05_CDTK13', '657', 'N', 6224, null);

insert into RCV_MAP_CTIEU (LOAI_DLIEU, KY_HIEU, KIEU_DLIEU, GDN_ID, KY_HIEU_CTIEU)
values ('48_05_CDTK13', '658', 'N', 6224, null);

insert into RCV_MAP_CTIEU (LOAI_DLIEU, KY_HIEU, KIEU_DLIEU, GDN_ID, KY_HIEU_CTIEU)
values ('48_05_CDTK13', '659', 'N', 6224, null);

insert into RCV_MAP_CTIEU (LOAI_DLIEU, KY_HIEU, KIEU_DLIEU, GDN_ID, KY_HIEU_CTIEU)
values ('48_05_CDTK13', '66', 'N', 6125, null);

insert into RCV_MAP_CTIEU (LOAI_DLIEU, KY_HIEU, KIEU_DLIEU, GDN_ID, KY_HIEU_CTIEU)
values ('48_05_CDTK13', '660', 'N', 6224, null);

insert into RCV_MAP_CTIEU (LOAI_DLIEU, KY_HIEU, KIEU_DLIEU, GDN_ID, KY_HIEU_CTIEU)
values ('48_05_CDTK13', '661', 'N', 6225, null);

insert into RCV_MAP_CTIEU (LOAI_DLIEU, KY_HIEU, KIEU_DLIEU, GDN_ID, KY_HIEU_CTIEU)
values ('48_05_CDTK13', '662', 'N', 6225, null);

insert into RCV_MAP_CTIEU (LOAI_DLIEU, KY_HIEU, KIEU_DLIEU, GDN_ID, KY_HIEU_CTIEU)
values ('48_05_CDTK13', '663', 'N', 6225, null);

insert into RCV_MAP_CTIEU (LOAI_DLIEU, KY_HIEU, KIEU_DLIEU, GDN_ID, KY_HIEU_CTIEU)
values ('48_05_CDTK13', '664', 'N', 6225, null);

insert into RCV_MAP_CTIEU (LOAI_DLIEU, KY_HIEU, KIEU_DLIEU, GDN_ID, KY_HIEU_CTIEU)
values ('48_05_CDTK13', '665', 'N', 6225, null);

insert into RCV_MAP_CTIEU (LOAI_DLIEU, KY_HIEU, KIEU_DLIEU, GDN_ID, KY_HIEU_CTIEU)
values ('48_05_CDTK13', '666', 'N', 6225, null);

insert into RCV_MAP_CTIEU (LOAI_DLIEU, KY_HIEU, KIEU_DLIEU, GDN_ID, KY_HIEU_CTIEU)
values ('48_05_CDTK13', '667', 'N', 6226, null);

insert into RCV_MAP_CTIEU (LOAI_DLIEU, KY_HIEU, KIEU_DLIEU, GDN_ID, KY_HIEU_CTIEU)
values ('48_05_CDTK13', '668', 'N', 6226, null);

insert into RCV_MAP_CTIEU (LOAI_DLIEU, KY_HIEU, KIEU_DLIEU, GDN_ID, KY_HIEU_CTIEU)
values ('48_05_CDTK13', '669', 'N', 6226, null);

insert into RCV_MAP_CTIEU (LOAI_DLIEU, KY_HIEU, KIEU_DLIEU, GDN_ID, KY_HIEU_CTIEU)
values ('48_05_CDTK13', '67', 'N', 6126, null);

insert into RCV_MAP_CTIEU (LOAI_DLIEU, KY_HIEU, KIEU_DLIEU, GDN_ID, KY_HIEU_CTIEU)
values ('48_05_CDTK13', '670', 'N', 6226, null);

insert into RCV_MAP_CTIEU (LOAI_DLIEU, KY_HIEU, KIEU_DLIEU, GDN_ID, KY_HIEU_CTIEU)
values ('48_05_CDTK13', '671', 'N', 6226, null);

insert into RCV_MAP_CTIEU (LOAI_DLIEU, KY_HIEU, KIEU_DLIEU, GDN_ID, KY_HIEU_CTIEU)
values ('48_05_CDTK13', '672', 'N', 6226, null);

insert into RCV_MAP_CTIEU (LOAI_DLIEU, KY_HIEU, KIEU_DLIEU, GDN_ID, KY_HIEU_CTIEU)
values ('48_05_CDTK13', '673', 'N', 6227, null);

insert into RCV_MAP_CTIEU (LOAI_DLIEU, KY_HIEU, KIEU_DLIEU, GDN_ID, KY_HIEU_CTIEU)
values ('48_05_CDTK13', '674', 'N', 6227, null);

insert into RCV_MAP_CTIEU (LOAI_DLIEU, KY_HIEU, KIEU_DLIEU, GDN_ID, KY_HIEU_CTIEU)
values ('48_05_CDTK13', '675', 'N', 6227, null);

insert into RCV_MAP_CTIEU (LOAI_DLIEU, KY_HIEU, KIEU_DLIEU, GDN_ID, KY_HIEU_CTIEU)
values ('48_05_CDTK13', '676', 'N', 6227, null);

insert into RCV_MAP_CTIEU (LOAI_DLIEU, KY_HIEU, KIEU_DLIEU, GDN_ID, KY_HIEU_CTIEU)
values ('48_05_CDTK13', '677', 'N', 6227, null);

insert into RCV_MAP_CTIEU (LOAI_DLIEU, KY_HIEU, KIEU_DLIEU, GDN_ID, KY_HIEU_CTIEU)
values ('48_05_CDTK13', '678', 'N', 6227, null);

insert into RCV_MAP_CTIEU (LOAI_DLIEU, KY_HIEU, KIEU_DLIEU, GDN_ID, KY_HIEU_CTIEU)
values ('48_05_CDTK13', '679', 'N', 6228, null);

insert into RCV_MAP_CTIEU (LOAI_DLIEU, KY_HIEU, KIEU_DLIEU, GDN_ID, KY_HIEU_CTIEU)
values ('48_05_CDTK13', '68', 'N', 6126, null);

insert into RCV_MAP_CTIEU (LOAI_DLIEU, KY_HIEU, KIEU_DLIEU, GDN_ID, KY_HIEU_CTIEU)
values ('48_05_CDTK13', '680', 'N', 6228, null);

insert into RCV_MAP_CTIEU (LOAI_DLIEU, KY_HIEU, KIEU_DLIEU, GDN_ID, KY_HIEU_CTIEU)
values ('48_05_CDTK13', '681', 'N', 6228, null);

insert into RCV_MAP_CTIEU (LOAI_DLIEU, KY_HIEU, KIEU_DLIEU, GDN_ID, KY_HIEU_CTIEU)
values ('48_05_CDTK13', '682', 'N', 6228, null);

insert into RCV_MAP_CTIEU (LOAI_DLIEU, KY_HIEU, KIEU_DLIEU, GDN_ID, KY_HIEU_CTIEU)
values ('48_05_CDTK13', '683', 'N', 6228, null);

insert into RCV_MAP_CTIEU (LOAI_DLIEU, KY_HIEU, KIEU_DLIEU, GDN_ID, KY_HIEU_CTIEU)
values ('48_05_CDTK13', '684', 'N', 6228, null);

insert into RCV_MAP_CTIEU (LOAI_DLIEU, KY_HIEU, KIEU_DLIEU, GDN_ID, KY_HIEU_CTIEU)
values ('48_05_CDTK13', '685', 'N', 6229, null);

insert into RCV_MAP_CTIEU (LOAI_DLIEU, KY_HIEU, KIEU_DLIEU, GDN_ID, KY_HIEU_CTIEU)
values ('48_05_CDTK13', '686', 'N', 6229, null);

insert into RCV_MAP_CTIEU (LOAI_DLIEU, KY_HIEU, KIEU_DLIEU, GDN_ID, KY_HIEU_CTIEU)
values ('48_05_CDTK13', '687', 'N', 6229, null);

insert into RCV_MAP_CTIEU (LOAI_DLIEU, KY_HIEU, KIEU_DLIEU, GDN_ID, KY_HIEU_CTIEU)
values ('48_05_CDTK13', '688', 'N', 6229, null);

insert into RCV_MAP_CTIEU (LOAI_DLIEU, KY_HIEU, KIEU_DLIEU, GDN_ID, KY_HIEU_CTIEU)
values ('48_05_CDTK13', '689', 'N', 6229, null);

insert into RCV_MAP_CTIEU (LOAI_DLIEU, KY_HIEU, KIEU_DLIEU, GDN_ID, KY_HIEU_CTIEU)
values ('48_05_CDTK13', '69', 'N', 6126, null);

insert into RCV_MAP_CTIEU (LOAI_DLIEU, KY_HIEU, KIEU_DLIEU, GDN_ID, KY_HIEU_CTIEU)
values ('48_05_CDTK13', '690', 'N', 6229, null);

insert into RCV_MAP_CTIEU (LOAI_DLIEU, KY_HIEU, KIEU_DLIEU, GDN_ID, KY_HIEU_CTIEU)
values ('48_05_CDTK13', '691', 'N', 6230, null);

insert into RCV_MAP_CTIEU (LOAI_DLIEU, KY_HIEU, KIEU_DLIEU, GDN_ID, KY_HIEU_CTIEU)
values ('48_05_CDTK13', '692', 'N', 6230, null);

insert into RCV_MAP_CTIEU (LOAI_DLIEU, KY_HIEU, KIEU_DLIEU, GDN_ID, KY_HIEU_CTIEU)
values ('48_05_CDTK13', '693', 'N', 6230, null);

insert into RCV_MAP_CTIEU (LOAI_DLIEU, KY_HIEU, KIEU_DLIEU, GDN_ID, KY_HIEU_CTIEU)
values ('48_05_CDTK13', '694', 'N', 6230, null);

insert into RCV_MAP_CTIEU (LOAI_DLIEU, KY_HIEU, KIEU_DLIEU, GDN_ID, KY_HIEU_CTIEU)
values ('48_05_CDTK13', '695', 'N', 6230, null);

insert into RCV_MAP_CTIEU (LOAI_DLIEU, KY_HIEU, KIEU_DLIEU, GDN_ID, KY_HIEU_CTIEU)
values ('48_05_CDTK13', '696', 'N', 6230, null);

insert into RCV_MAP_CTIEU (LOAI_DLIEU, KY_HIEU, KIEU_DLIEU, GDN_ID, KY_HIEU_CTIEU)
values ('48_05_CDTK13', '697', 'N', 6231, null);

insert into RCV_MAP_CTIEU (LOAI_DLIEU, KY_HIEU, KIEU_DLIEU, GDN_ID, KY_HIEU_CTIEU)
values ('48_05_CDTK13', '698', 'N', 6231, null);

insert into RCV_MAP_CTIEU (LOAI_DLIEU, KY_HIEU, KIEU_DLIEU, GDN_ID, KY_HIEU_CTIEU)
values ('48_05_CDTK13', '699', 'N', 6231, null);

insert into RCV_MAP_CTIEU (LOAI_DLIEU, KY_HIEU, KIEU_DLIEU, GDN_ID, KY_HIEU_CTIEU)
values ('48_05_CDTK13', '7', 'N', 6116, null);

insert into RCV_MAP_CTIEU (LOAI_DLIEU, KY_HIEU, KIEU_DLIEU, GDN_ID, KY_HIEU_CTIEU)
values ('48_05_CDTK13', '70', 'N', 6126, null);

insert into RCV_MAP_CTIEU (LOAI_DLIEU, KY_HIEU, KIEU_DLIEU, GDN_ID, KY_HIEU_CTIEU)
values ('48_05_CDTK13', '700', 'N', 6231, null);

insert into RCV_MAP_CTIEU (LOAI_DLIEU, KY_HIEU, KIEU_DLIEU, GDN_ID, KY_HIEU_CTIEU)
values ('48_05_CDTK13', '701', 'N', 6231, null);

insert into RCV_MAP_CTIEU (LOAI_DLIEU, KY_HIEU, KIEU_DLIEU, GDN_ID, KY_HIEU_CTIEU)
values ('48_05_CDTK13', '702', 'N', 6231, null);

insert into RCV_MAP_CTIEU (LOAI_DLIEU, KY_HIEU, KIEU_DLIEU, GDN_ID, KY_HIEU_CTIEU)
values ('48_05_CDTK13', '703', 'N', 6232, null);

insert into RCV_MAP_CTIEU (LOAI_DLIEU, KY_HIEU, KIEU_DLIEU, GDN_ID, KY_HIEU_CTIEU)
values ('48_05_CDTK13', '704', 'N', 6232, null);

insert into RCV_MAP_CTIEU (LOAI_DLIEU, KY_HIEU, KIEU_DLIEU, GDN_ID, KY_HIEU_CTIEU)
values ('48_05_CDTK13', '705', 'N', 6232, null);

insert into RCV_MAP_CTIEU (LOAI_DLIEU, KY_HIEU, KIEU_DLIEU, GDN_ID, KY_HIEU_CTIEU)
values ('48_05_CDTK13', '706', 'N', 6232, null);

insert into RCV_MAP_CTIEU (LOAI_DLIEU, KY_HIEU, KIEU_DLIEU, GDN_ID, KY_HIEU_CTIEU)
values ('48_05_CDTK13', '707', 'N', 6232, null);

insert into RCV_MAP_CTIEU (LOAI_DLIEU, KY_HIEU, KIEU_DLIEU, GDN_ID, KY_HIEU_CTIEU)
values ('48_05_CDTK13', '708', 'N', 6232, null);

insert into RCV_MAP_CTIEU (LOAI_DLIEU, KY_HIEU, KIEU_DLIEU, GDN_ID, KY_HIEU_CTIEU)
values ('48_05_CDTK13', '709', 'N', 6233, null);

insert into RCV_MAP_CTIEU (LOAI_DLIEU, KY_HIEU, KIEU_DLIEU, GDN_ID, KY_HIEU_CTIEU)
values ('48_05_CDTK13', '71', 'N', 6126, null);

insert into RCV_MAP_CTIEU (LOAI_DLIEU, KY_HIEU, KIEU_DLIEU, GDN_ID, KY_HIEU_CTIEU)
values ('48_05_CDTK13', '710', 'N', 6233, null);

insert into RCV_MAP_CTIEU (LOAI_DLIEU, KY_HIEU, KIEU_DLIEU, GDN_ID, KY_HIEU_CTIEU)
values ('48_05_CDTK13', '711', 'N', 6233, null);

insert into RCV_MAP_CTIEU (LOAI_DLIEU, KY_HIEU, KIEU_DLIEU, GDN_ID, KY_HIEU_CTIEU)
values ('48_05_CDTK13', '712', 'N', 6233, null);

insert into RCV_MAP_CTIEU (LOAI_DLIEU, KY_HIEU, KIEU_DLIEU, GDN_ID, KY_HIEU_CTIEU)
values ('48_05_CDTK13', '713', 'N', 6233, null);

insert into RCV_MAP_CTIEU (LOAI_DLIEU, KY_HIEU, KIEU_DLIEU, GDN_ID, KY_HIEU_CTIEU)
values ('48_05_CDTK13', '714', 'N', 6233, null);

insert into RCV_MAP_CTIEU (LOAI_DLIEU, KY_HIEU, KIEU_DLIEU, GDN_ID, KY_HIEU_CTIEU)
values ('48_05_CDTK13', '715', 'N', 6234, null);

insert into RCV_MAP_CTIEU (LOAI_DLIEU, KY_HIEU, KIEU_DLIEU, GDN_ID, KY_HIEU_CTIEU)
values ('48_05_CDTK13', '716', 'N', 6234, null);

insert into RCV_MAP_CTIEU (LOAI_DLIEU, KY_HIEU, KIEU_DLIEU, GDN_ID, KY_HIEU_CTIEU)
values ('48_05_CDTK13', '717', 'N', 6234, null);

insert into RCV_MAP_CTIEU (LOAI_DLIEU, KY_HIEU, KIEU_DLIEU, GDN_ID, KY_HIEU_CTIEU)
values ('48_05_CDTK13', '718', 'N', 6234, null);

insert into RCV_MAP_CTIEU (LOAI_DLIEU, KY_HIEU, KIEU_DLIEU, GDN_ID, KY_HIEU_CTIEU)
values ('48_05_CDTK13', '719', 'N', 6234, null);

insert into RCV_MAP_CTIEU (LOAI_DLIEU, KY_HIEU, KIEU_DLIEU, GDN_ID, KY_HIEU_CTIEU)
values ('48_05_CDTK13', '72', 'N', 6126, null);

insert into RCV_MAP_CTIEU (LOAI_DLIEU, KY_HIEU, KIEU_DLIEU, GDN_ID, KY_HIEU_CTIEU)
values ('48_05_CDTK13', '720', 'N', 6234, null);

insert into RCV_MAP_CTIEU (LOAI_DLIEU, KY_HIEU, KIEU_DLIEU, GDN_ID, KY_HIEU_CTIEU)
values ('48_05_CDTK13', '721', 'N', 6235, null);

insert into RCV_MAP_CTIEU (LOAI_DLIEU, KY_HIEU, KIEU_DLIEU, GDN_ID, KY_HIEU_CTIEU)
values ('48_05_CDTK13', '722', 'N', 6235, null);

insert into RCV_MAP_CTIEU (LOAI_DLIEU, KY_HIEU, KIEU_DLIEU, GDN_ID, KY_HIEU_CTIEU)
values ('48_05_CDTK13', '723', 'N', 6235, null);

insert into RCV_MAP_CTIEU (LOAI_DLIEU, KY_HIEU, KIEU_DLIEU, GDN_ID, KY_HIEU_CTIEU)
values ('48_05_CDTK13', '724', 'N', 6235, null);

insert into RCV_MAP_CTIEU (LOAI_DLIEU, KY_HIEU, KIEU_DLIEU, GDN_ID, KY_HIEU_CTIEU)
values ('48_05_CDTK13', '725', 'N', 6235, null);

insert into RCV_MAP_CTIEU (LOAI_DLIEU, KY_HIEU, KIEU_DLIEU, GDN_ID, KY_HIEU_CTIEU)
values ('48_05_CDTK13', '726', 'N', 6235, null);

insert into RCV_MAP_CTIEU (LOAI_DLIEU, KY_HIEU, KIEU_DLIEU, GDN_ID, KY_HIEU_CTIEU)
values ('48_05_CDTK13', '727', 'N', 6236, null);

insert into RCV_MAP_CTIEU (LOAI_DLIEU, KY_HIEU, KIEU_DLIEU, GDN_ID, KY_HIEU_CTIEU)
values ('48_05_CDTK13', '728', 'N', 6236, null);

insert into RCV_MAP_CTIEU (LOAI_DLIEU, KY_HIEU, KIEU_DLIEU, GDN_ID, KY_HIEU_CTIEU)
values ('48_05_CDTK13', '729', 'N', 6236, null);

insert into RCV_MAP_CTIEU (LOAI_DLIEU, KY_HIEU, KIEU_DLIEU, GDN_ID, KY_HIEU_CTIEU)
values ('48_05_CDTK13', '73', 'N', 6127, null);

insert into RCV_MAP_CTIEU (LOAI_DLIEU, KY_HIEU, KIEU_DLIEU, GDN_ID, KY_HIEU_CTIEU)
values ('48_05_CDTK13', '730', 'N', 6236, null);

insert into RCV_MAP_CTIEU (LOAI_DLIEU, KY_HIEU, KIEU_DLIEU, GDN_ID, KY_HIEU_CTIEU)
values ('48_05_CDTK13', '731', 'N', 6236, null);

insert into RCV_MAP_CTIEU (LOAI_DLIEU, KY_HIEU, KIEU_DLIEU, GDN_ID, KY_HIEU_CTIEU)
values ('48_05_CDTK13', '732', 'N', 6236, null);

insert into RCV_MAP_CTIEU (LOAI_DLIEU, KY_HIEU, KIEU_DLIEU, GDN_ID, KY_HIEU_CTIEU)
values ('48_05_CDTK13', '733', 'N', 6237, null);

insert into RCV_MAP_CTIEU (LOAI_DLIEU, KY_HIEU, KIEU_DLIEU, GDN_ID, KY_HIEU_CTIEU)
values ('48_05_CDTK13', '734', 'N', 6237, null);

insert into RCV_MAP_CTIEU (LOAI_DLIEU, KY_HIEU, KIEU_DLIEU, GDN_ID, KY_HIEU_CTIEU)
values ('48_05_CDTK13', '735', 'N', 6237, null);

insert into RCV_MAP_CTIEU (LOAI_DLIEU, KY_HIEU, KIEU_DLIEU, GDN_ID, KY_HIEU_CTIEU)
values ('48_05_CDTK13', '736', 'N', 6237, null);

insert into RCV_MAP_CTIEU (LOAI_DLIEU, KY_HIEU, KIEU_DLIEU, GDN_ID, KY_HIEU_CTIEU)
values ('48_05_CDTK13', '737', 'N', 6237, null);

insert into RCV_MAP_CTIEU (LOAI_DLIEU, KY_HIEU, KIEU_DLIEU, GDN_ID, KY_HIEU_CTIEU)
values ('48_05_CDTK13', '738', 'N', 6237, null);

insert into RCV_MAP_CTIEU (LOAI_DLIEU, KY_HIEU, KIEU_DLIEU, GDN_ID, KY_HIEU_CTIEU)
values ('48_05_CDTK13', '739', 'N', 6238, null);

insert into RCV_MAP_CTIEU (LOAI_DLIEU, KY_HIEU, KIEU_DLIEU, GDN_ID, KY_HIEU_CTIEU)
values ('48_05_CDTK13', '74', 'N', 6127, null);

insert into RCV_MAP_CTIEU (LOAI_DLIEU, KY_HIEU, KIEU_DLIEU, GDN_ID, KY_HIEU_CTIEU)
values ('48_05_CDTK13', '740', 'N', 6238, null);

insert into RCV_MAP_CTIEU (LOAI_DLIEU, KY_HIEU, KIEU_DLIEU, GDN_ID, KY_HIEU_CTIEU)
values ('48_05_CDTK13', '741', 'N', 6238, null);

insert into RCV_MAP_CTIEU (LOAI_DLIEU, KY_HIEU, KIEU_DLIEU, GDN_ID, KY_HIEU_CTIEU)
values ('48_05_CDTK13', '742', 'N', 6238, null);

insert into RCV_MAP_CTIEU (LOAI_DLIEU, KY_HIEU, KIEU_DLIEU, GDN_ID, KY_HIEU_CTIEU)
values ('48_05_CDTK13', '743', 'N', 6238, null);

insert into RCV_MAP_CTIEU (LOAI_DLIEU, KY_HIEU, KIEU_DLIEU, GDN_ID, KY_HIEU_CTIEU)
values ('48_05_CDTK13', '744', 'N', 6238, null);

insert into RCV_MAP_CTIEU (LOAI_DLIEU, KY_HIEU, KIEU_DLIEU, GDN_ID, KY_HIEU_CTIEU)
values ('48_05_CDTK13', '745', 'N', 6239, null);

insert into RCV_MAP_CTIEU (LOAI_DLIEU, KY_HIEU, KIEU_DLIEU, GDN_ID, KY_HIEU_CTIEU)
values ('48_05_CDTK13', '746', 'N', 6239, null);

insert into RCV_MAP_CTIEU (LOAI_DLIEU, KY_HIEU, KIEU_DLIEU, GDN_ID, KY_HIEU_CTIEU)
values ('48_05_CDTK13', '747', 'N', 6239, null);

insert into RCV_MAP_CTIEU (LOAI_DLIEU, KY_HIEU, KIEU_DLIEU, GDN_ID, KY_HIEU_CTIEU)
values ('48_05_CDTK13', '748', 'N', 6239, null);

insert into RCV_MAP_CTIEU (LOAI_DLIEU, KY_HIEU, KIEU_DLIEU, GDN_ID, KY_HIEU_CTIEU)
values ('48_05_CDTK13', '749', 'N', 6239, null);

insert into RCV_MAP_CTIEU (LOAI_DLIEU, KY_HIEU, KIEU_DLIEU, GDN_ID, KY_HIEU_CTIEU)
values ('48_05_CDTK13', '75', 'N', 6127, null);

insert into RCV_MAP_CTIEU (LOAI_DLIEU, KY_HIEU, KIEU_DLIEU, GDN_ID, KY_HIEU_CTIEU)
values ('48_05_CDTK13', '750', 'N', 6239, null);

insert into RCV_MAP_CTIEU (LOAI_DLIEU, KY_HIEU, KIEU_DLIEU, GDN_ID, KY_HIEU_CTIEU)
values ('48_05_CDTK13', '751', 'N', 6241, null);

insert into RCV_MAP_CTIEU (LOAI_DLIEU, KY_HIEU, KIEU_DLIEU, GDN_ID, KY_HIEU_CTIEU)
values ('48_05_CDTK13', '752', 'N', 6241, null);

insert into RCV_MAP_CTIEU (LOAI_DLIEU, KY_HIEU, KIEU_DLIEU, GDN_ID, KY_HIEU_CTIEU)
values ('48_05_CDTK13', '753', 'N', 6241, null);

insert into RCV_MAP_CTIEU (LOAI_DLIEU, KY_HIEU, KIEU_DLIEU, GDN_ID, KY_HIEU_CTIEU)
values ('48_05_CDTK13', '754', 'N', 6241, null);

insert into RCV_MAP_CTIEU (LOAI_DLIEU, KY_HIEU, KIEU_DLIEU, GDN_ID, KY_HIEU_CTIEU)
values ('48_05_CDTK13', '755', 'N', 6241, null);

insert into RCV_MAP_CTIEU (LOAI_DLIEU, KY_HIEU, KIEU_DLIEU, GDN_ID, KY_HIEU_CTIEU)
values ('48_05_CDTK13', '756', 'N', 6241, null);

insert into RCV_MAP_CTIEU (LOAI_DLIEU, KY_HIEU, KIEU_DLIEU, GDN_ID, KY_HIEU_CTIEU)
values ('48_05_CDTK13', '757', 'N', 6242, null);

insert into RCV_MAP_CTIEU (LOAI_DLIEU, KY_HIEU, KIEU_DLIEU, GDN_ID, KY_HIEU_CTIEU)
values ('48_05_CDTK13', '758', 'N', 6242, null);

insert into RCV_MAP_CTIEU (LOAI_DLIEU, KY_HIEU, KIEU_DLIEU, GDN_ID, KY_HIEU_CTIEU)
values ('48_05_CDTK13', '759', 'N', 6242, null);

insert into RCV_MAP_CTIEU (LOAI_DLIEU, KY_HIEU, KIEU_DLIEU, GDN_ID, KY_HIEU_CTIEU)
values ('48_05_CDTK13', '76', 'N', 6127, null);

insert into RCV_MAP_CTIEU (LOAI_DLIEU, KY_HIEU, KIEU_DLIEU, GDN_ID, KY_HIEU_CTIEU)
values ('48_05_CDTK13', '760', 'N', 6242, null);

insert into RCV_MAP_CTIEU (LOAI_DLIEU, KY_HIEU, KIEU_DLIEU, GDN_ID, KY_HIEU_CTIEU)
values ('48_05_CDTK13', '761', 'N', 6242, null);

insert into RCV_MAP_CTIEU (LOAI_DLIEU, KY_HIEU, KIEU_DLIEU, GDN_ID, KY_HIEU_CTIEU)
values ('48_05_CDTK13', '762', 'N', 6242, null);

insert into RCV_MAP_CTIEU (LOAI_DLIEU, KY_HIEU, KIEU_DLIEU, GDN_ID, KY_HIEU_CTIEU)
values ('48_05_CDTK13', '763', 'N', 6243, null);

insert into RCV_MAP_CTIEU (LOAI_DLIEU, KY_HIEU, KIEU_DLIEU, GDN_ID, KY_HIEU_CTIEU)
values ('48_05_CDTK13', '764', 'N', 6243, null);

insert into RCV_MAP_CTIEU (LOAI_DLIEU, KY_HIEU, KIEU_DLIEU, GDN_ID, KY_HIEU_CTIEU)
values ('48_05_CDTK13', '765', 'N', 6243, null);

insert into RCV_MAP_CTIEU (LOAI_DLIEU, KY_HIEU, KIEU_DLIEU, GDN_ID, KY_HIEU_CTIEU)
values ('48_05_CDTK13', '766', 'N', 6243, null);

insert into RCV_MAP_CTIEU (LOAI_DLIEU, KY_HIEU, KIEU_DLIEU, GDN_ID, KY_HIEU_CTIEU)
values ('48_05_CDTK13', '767', 'N', 6243, null);

insert into RCV_MAP_CTIEU (LOAI_DLIEU, KY_HIEU, KIEU_DLIEU, GDN_ID, KY_HIEU_CTIEU)
values ('48_05_CDTK13', '768', 'N', 6243, null);

insert into RCV_MAP_CTIEU (LOAI_DLIEU, KY_HIEU, KIEU_DLIEU, GDN_ID, KY_HIEU_CTIEU)
values ('48_05_CDTK13', '769', 'N', 6244, null);

insert into RCV_MAP_CTIEU (LOAI_DLIEU, KY_HIEU, KIEU_DLIEU, GDN_ID, KY_HIEU_CTIEU)
values ('48_05_CDTK13', '77', 'N', 6127, null);

insert into RCV_MAP_CTIEU (LOAI_DLIEU, KY_HIEU, KIEU_DLIEU, GDN_ID, KY_HIEU_CTIEU)
values ('48_05_CDTK13', '770', 'N', 6244, null);

insert into RCV_MAP_CTIEU (LOAI_DLIEU, KY_HIEU, KIEU_DLIEU, GDN_ID, KY_HIEU_CTIEU)
values ('48_05_CDTK13', '771', 'N', 6244, null);

insert into RCV_MAP_CTIEU (LOAI_DLIEU, KY_HIEU, KIEU_DLIEU, GDN_ID, KY_HIEU_CTIEU)
values ('48_05_CDTK13', '772', 'N', 6244, null);

insert into RCV_MAP_CTIEU (LOAI_DLIEU, KY_HIEU, KIEU_DLIEU, GDN_ID, KY_HIEU_CTIEU)
values ('48_05_CDTK13', '773', 'N', 6244, null);

insert into RCV_MAP_CTIEU (LOAI_DLIEU, KY_HIEU, KIEU_DLIEU, GDN_ID, KY_HIEU_CTIEU)
values ('48_05_CDTK13', '774', 'N', 6244, null);

insert into RCV_MAP_CTIEU (LOAI_DLIEU, KY_HIEU, KIEU_DLIEU, GDN_ID, KY_HIEU_CTIEU)
values ('48_05_CDTK13', '775', 'N', 6245, null);

insert into RCV_MAP_CTIEU (LOAI_DLIEU, KY_HIEU, KIEU_DLIEU, GDN_ID, KY_HIEU_CTIEU)
values ('48_05_CDTK13', '776', 'N', 6245, null);

insert into RCV_MAP_CTIEU (LOAI_DLIEU, KY_HIEU, KIEU_DLIEU, GDN_ID, KY_HIEU_CTIEU)
values ('48_05_CDTK13', '777', 'N', 6245, null);

insert into RCV_MAP_CTIEU (LOAI_DLIEU, KY_HIEU, KIEU_DLIEU, GDN_ID, KY_HIEU_CTIEU)
values ('48_05_CDTK13', '778', 'N', 6245, null);

insert into RCV_MAP_CTIEU (LOAI_DLIEU, KY_HIEU, KIEU_DLIEU, GDN_ID, KY_HIEU_CTIEU)
values ('48_05_CDTK13', '779', 'N', 6245, null);

insert into RCV_MAP_CTIEU (LOAI_DLIEU, KY_HIEU, KIEU_DLIEU, GDN_ID, KY_HIEU_CTIEU)
values ('48_05_CDTK13', '78', 'N', 6127, null);

insert into RCV_MAP_CTIEU (LOAI_DLIEU, KY_HIEU, KIEU_DLIEU, GDN_ID, KY_HIEU_CTIEU)
values ('48_05_CDTK13', '780', 'N', 6245, null);

insert into RCV_MAP_CTIEU (LOAI_DLIEU, KY_HIEU, KIEU_DLIEU, GDN_ID, KY_HIEU_CTIEU)
values ('48_05_CDTK13', '79', 'N', 6128, null);

insert into RCV_MAP_CTIEU (LOAI_DLIEU, KY_HIEU, KIEU_DLIEU, GDN_ID, KY_HIEU_CTIEU)
values ('48_05_CDTK13', '8', 'N', 6116, null);

insert into RCV_MAP_CTIEU (LOAI_DLIEU, KY_HIEU, KIEU_DLIEU, GDN_ID, KY_HIEU_CTIEU)
values ('48_05_CDTK13', '80', 'N', 6128, null);

insert into RCV_MAP_CTIEU (LOAI_DLIEU, KY_HIEU, KIEU_DLIEU, GDN_ID, KY_HIEU_CTIEU)
values ('48_05_CDTK13', '81', 'N', 6128, null);

insert into RCV_MAP_CTIEU (LOAI_DLIEU, KY_HIEU, KIEU_DLIEU, GDN_ID, KY_HIEU_CTIEU)
values ('48_05_CDTK13', '82', 'N', 6128, null);

insert into RCV_MAP_CTIEU (LOAI_DLIEU, KY_HIEU, KIEU_DLIEU, GDN_ID, KY_HIEU_CTIEU)
values ('48_05_CDTK13', '83', 'N', 6128, null);

insert into RCV_MAP_CTIEU (LOAI_DLIEU, KY_HIEU, KIEU_DLIEU, GDN_ID, KY_HIEU_CTIEU)
values ('48_05_CDTK13', '84', 'N', 6128, null);

insert into RCV_MAP_CTIEU (LOAI_DLIEU, KY_HIEU, KIEU_DLIEU, GDN_ID, KY_HIEU_CTIEU)
values ('48_05_CDTK13', '85', 'N', 6129, null);

insert into RCV_MAP_CTIEU (LOAI_DLIEU, KY_HIEU, KIEU_DLIEU, GDN_ID, KY_HIEU_CTIEU)
values ('48_05_CDTK13', '86', 'N', 6129, null);

insert into RCV_MAP_CTIEU (LOAI_DLIEU, KY_HIEU, KIEU_DLIEU, GDN_ID, KY_HIEU_CTIEU)
values ('48_05_CDTK13', '87', 'N', 6129, null);

insert into RCV_MAP_CTIEU (LOAI_DLIEU, KY_HIEU, KIEU_DLIEU, GDN_ID, KY_HIEU_CTIEU)
values ('48_05_CDTK13', '88', 'N', 6129, null);

insert into RCV_MAP_CTIEU (LOAI_DLIEU, KY_HIEU, KIEU_DLIEU, GDN_ID, KY_HIEU_CTIEU)
values ('48_05_CDTK13', '89', 'N', 6129, null);

insert into RCV_MAP_CTIEU (LOAI_DLIEU, KY_HIEU, KIEU_DLIEU, GDN_ID, KY_HIEU_CTIEU)
values ('48_05_CDTK13', '9', 'N', 6116, null);

insert into RCV_MAP_CTIEU (LOAI_DLIEU, KY_HIEU, KIEU_DLIEU, GDN_ID, KY_HIEU_CTIEU)
values ('48_05_CDTK13', '90', 'N', 6129, null);

insert into RCV_MAP_CTIEU (LOAI_DLIEU, KY_HIEU, KIEU_DLIEU, GDN_ID, KY_HIEU_CTIEU)
values ('48_05_CDTK13', '91', 'N', 6130, null);

insert into RCV_MAP_CTIEU (LOAI_DLIEU, KY_HIEU, KIEU_DLIEU, GDN_ID, KY_HIEU_CTIEU)
values ('48_05_CDTK13', '92', 'N', 6130, null);

insert into RCV_MAP_CTIEU (LOAI_DLIEU, KY_HIEU, KIEU_DLIEU, GDN_ID, KY_HIEU_CTIEU)
values ('48_05_CDTK13', '93', 'N', 6130, null);

insert into RCV_MAP_CTIEU (LOAI_DLIEU, KY_HIEU, KIEU_DLIEU, GDN_ID, KY_HIEU_CTIEU)
values ('48_05_CDTK13', '94', 'N', 6130, null);

insert into RCV_MAP_CTIEU (LOAI_DLIEU, KY_HIEU, KIEU_DLIEU, GDN_ID, KY_HIEU_CTIEU)
values ('48_05_CDTK13', '95', 'N', 6130, null);

insert into RCV_MAP_CTIEU (LOAI_DLIEU, KY_HIEU, KIEU_DLIEU, GDN_ID, KY_HIEU_CTIEU)
values ('48_05_CDTK13', '96', 'N', 6130, null);

insert into RCV_MAP_CTIEU (LOAI_DLIEU, KY_HIEU, KIEU_DLIEU, GDN_ID, KY_HIEU_CTIEU)
values ('48_05_CDTK13', '97', 'N', 6131, null);

insert into RCV_MAP_CTIEU (LOAI_DLIEU, KY_HIEU, KIEU_DLIEU, GDN_ID, KY_HIEU_CTIEU)
values ('48_05_CDTK13', '98', 'N', 6131, null);

insert into RCV_MAP_CTIEU (LOAI_DLIEU, KY_HIEU, KIEU_DLIEU, GDN_ID, KY_HIEU_CTIEU)
values ('48_05_CDTK13', '99', 'N', 6131, null);
	
-------------------------
--PL 48: --------------
-------------------------

	--RCV_GDIEN_TKHAI

	--RCV_MAP_CTIEU	
	