-------------------------
---03A/TD-TAIN------------
-------------------------
insert into RCV_DM_TKHAI (MA, TEN, KIEU_KY, PHIEN_BAN, START_DATE, END_DATE)
values ('03A_TD_TAIN13', 'T¿ khai quy¿t to¿n thu¿ t¿i nguy¿n', 'Y', '320', to_date('14-06-2008', 'dd-mm-yyyy'), null);

	--RCV_GDIEN_TKHAI
insert into RCV_GDIEN_TKHAI (ID, TEN_CTIEU, COT_01, COT_02, COT_03, COT_04, COT_05, COT_06, COT_07, COT_08, COT_09, COT_10, COT_11, SO_TT, LOAI_DLIEU, MA_CTIEU, COT_12, COT_13, COT_14, COT_15, COT_16, COT_17, COT_18, COT_19, COT_20, COT_21, COT_22)
values (5635, 'T¿i nguy¿n', '1', null, null, null, null, null, null, null, null, null, null, 1, '03A_TD_TAIN13', null, null, null, null, null, null, null, null, null, null, null, null);

insert into RCV_GDIEN_TKHAI (ID, TEN_CTIEU, COT_01, COT_02, COT_03, COT_04, COT_05, COT_06, COT_07, COT_08, COT_09, COT_10, COT_11, SO_TT, LOAI_DLIEU, MA_CTIEU, COT_12, COT_13, COT_14, COT_15, COT_16, COT_17, COT_18, COT_19, COT_20, COT_21, COT_22)
values (5636, 'Thu¿ su¿t', '2', null, null, null, null, null, null, null, null, null, null, 2, '03A_TD_TAIN13', null, null, null, null, null, null, null, null, null, null, null, null);

insert into RCV_GDIEN_TKHAI (ID, TEN_CTIEU, COT_01, COT_02, COT_03, COT_04, COT_05, COT_06, COT_07, COT_08, COT_09, COT_10, COT_11, SO_TT, LOAI_DLIEU, MA_CTIEU, COT_12, COT_13, COT_14, COT_15, COT_16, COT_17, COT_18, COT_19, COT_20, COT_21, COT_22)
values (5637, 'T¿ khai thu¿ t¿i nguy¿n', '23', '24', '25', '26', '27', '28', null, null, null, null, null, 3, '03A_TD_TAIN13', null, null, null, null, null, null, null, null, null, null, null, null);

	--RCV_MAP_CTIEU	
insert into RCV_MAP_CTIEU (LOAI_DLIEU, KY_HIEU, KIEU_DLIEU, GDN_ID, KY_HIEU_CTIEU)
values ('03A_TD_TAIN13', '1', 'C', 5635, null);

insert into RCV_MAP_CTIEU (LOAI_DLIEU, KY_HIEU, KIEU_DLIEU, GDN_ID, KY_HIEU_CTIEU)
values ('03A_TD_TAIN13', '2', 'N', 5636, null);

insert into RCV_MAP_CTIEU (LOAI_DLIEU, KY_HIEU, KIEU_DLIEU, GDN_ID, KY_HIEU_CTIEU)
values ('03A_TD_TAIN13', '23', 'C', 5637, null);

insert into RCV_MAP_CTIEU (LOAI_DLIEU, KY_HIEU, KIEU_DLIEU, GDN_ID, KY_HIEU_CTIEU)
values ('03A_TD_TAIN13', '24', 'N', 5637, null);

insert into RCV_MAP_CTIEU (LOAI_DLIEU, KY_HIEU, KIEU_DLIEU, GDN_ID, KY_HIEU_CTIEU)
values ('03A_TD_TAIN13', '25', 'N', 5637, null);

insert into RCV_MAP_CTIEU (LOAI_DLIEU, KY_HIEU, KIEU_DLIEU, GDN_ID, KY_HIEU_CTIEU)
values ('03A_TD_TAIN13', '26', 'N', 5637, null);

insert into RCV_MAP_CTIEU (LOAI_DLIEU, KY_HIEU, KIEU_DLIEU, GDN_ID, KY_HIEU_CTIEU)
values ('03A_TD_TAIN13', '27', 'N', 5637, null);

insert into RCV_MAP_CTIEU (LOAI_DLIEU, KY_HIEU, KIEU_DLIEU, GDN_ID, KY_HIEU_CTIEU)
values ('03A_TD_TAIN13', '28', 'N', 5637, null);

-------------------------
---PL01-2/TD-GTGT--------
-------------------------
insert into RCV_DM_TKHAI (MA, TEN, KIEU_KY, PHIEN_BAN, START_DATE, END_DATE)
values ('03A_1_TD_TAIN13', 'PL 03A-1/TD-TAIN', 'M', '320', to_date('14-06-2008', 'dd-mm-yyyy'), null);

	--RCV_GDIEN_TKHAI
insert into RCV_GDIEN_TKHAI (ID, TEN_CTIEU, COT_01, COT_02, COT_03, COT_04, COT_05, COT_06, COT_07, COT_08, COT_09, COT_10, COT_11, SO_TT, LOAI_DLIEU, MA_CTIEU, COT_12, COT_13, COT_14, COT_15, COT_16, COT_17, COT_18, COT_19, COT_20, COT_21, COT_22)
values (5638, 'PL 03-1/TD-TAIN', '1', '2', '3', '4', '5', '6', null, null, null, null, null, 1, '03A_1_TD_TAIN13', null, null, null, null, null, null, null, null, null, null, null, null);

insert into RCV_GDIEN_TKHAI (ID, TEN_CTIEU, COT_01, COT_02, COT_03, COT_04, COT_05, COT_06, COT_07, COT_08, COT_09, COT_10, COT_11, SO_TT, LOAI_DLIEU, MA_CTIEU, COT_12, COT_13, COT_14, COT_15, COT_16, COT_17, COT_18, COT_19, COT_20, COT_21, COT_22)
values (5639, 'T࠮g c࠮g', null, null, null, null, '7', null, null, null, null, null, null, 2, '03A_1_TD_TAIN13', null, null, null, null, null, null, null, null, null, null, null, null);
	
	--RCV_MAP_CTIEU
insert into RCV_MAP_CTIEU (LOAI_DLIEU, KY_HIEU, KIEU_DLIEU, GDN_ID, KY_HIEU_CTIEU)
values ('03A_1_TD_TAIN13', '1', 'C', 5638, null);

insert into RCV_MAP_CTIEU (LOAI_DLIEU, KY_HIEU, KIEU_DLIEU, GDN_ID, KY_HIEU_CTIEU)
values ('03A_1_TD_TAIN13', '2', 'C', 5638, null);

insert into RCV_MAP_CTIEU (LOAI_DLIEU, KY_HIEU, KIEU_DLIEU, GDN_ID, KY_HIEU_CTIEU)
values ('03A_1_TD_TAIN13', '3', 'C', 5638, null);

insert into RCV_MAP_CTIEU (LOAI_DLIEU, KY_HIEU, KIEU_DLIEU, GDN_ID, KY_HIEU_CTIEU)
values ('03A_1_TD_TAIN13', '4', 'N', 5638, null);

insert into RCV_MAP_CTIEU (LOAI_DLIEU, KY_HIEU, KIEU_DLIEU, GDN_ID, KY_HIEU_CTIEU)
values ('03A_1_TD_TAIN13', '5', 'N', 5638, null);

insert into RCV_MAP_CTIEU (LOAI_DLIEU, KY_HIEU, KIEU_DLIEU, GDN_ID, KY_HIEU_CTIEU)
values ('03A_1_TD_TAIN13', '6', 'C', 5638, null);

insert into RCV_MAP_CTIEU (LOAI_DLIEU, KY_HIEU, KIEU_DLIEU, GDN_ID, KY_HIEU_CTIEU)
values ('03A_1_TD_TAIN13', '7', 'N', 5639, null);
