-------------------------
---01A/TNDN_DK-----------
-------------------------
insert into RCV_DM_TKHAI (MA, TEN, KIEU_KY, PHIEN_BAN, START_DATE, END_DATE)
values ('01A_TNDN_DK13', '01A/TNDN-DK', 'M', '320', to_date('14-06-2006', 'dd-mm-yyyy'), null);
	--RCV_GDIEN_TKHAI
insert into RCV_GDIEN_TKHAI (ID, TEN_CTIEU, COT_01, COT_02, COT_03, COT_04, COT_05, COT_06, COT_07, COT_08, COT_09, COT_10, COT_11, SO_TT, LOAI_DLIEU, MA_CTIEU, COT_12, COT_13, COT_14, COT_15, COT_16, COT_17, COT_18, COT_19, COT_20, COT_21, COT_22)
values (5640, 'L࠮ xu࠴ b࠮ thߧ, '1', null, null, null, null, null, null, null, null, null, null, 1, '01A_TNDN_DK13', null, null, null, null, null, null, null, null, null, null, null, null);

insert into RCV_GDIEN_TKHAI (ID, TEN_CTIEU, COT_01, COT_02, COT_03, COT_04, COT_05, COT_06, COT_07, COT_08, COT_09, COT_10, COT_11, SO_TT, LOAI_DLIEU, MA_CTIEU, COT_12, COT_13, COT_14, COT_15, COT_16, COT_17, COT_18, COT_19, COT_20, COT_21, COT_22)
values (5641, 'Xu࠴ kh࠵', '1', null, null, null, null, null, null, null, null, null, null, 2, '01A_TNDN_DK13', null, null, null, null, null, null, null, null, null, null, null, null);

insert into RCV_GDIEN_TKHAI (ID, TEN_CTIEU, COT_01, COT_02, COT_03, COT_04, COT_05, COT_06, COT_07, COT_08, COT_09, COT_10, COT_11, SO_TT, LOAI_DLIEU, MA_CTIEU, COT_12, COT_13, COT_14, COT_15, COT_16, COT_17, COT_18, COT_19, COT_20, COT_21, COT_22)
values (5642, 'Xu࠴ b࠮ tࠩ Vi࠴ Nam', '1', null, null, null, null, null, null, null, null, null, null, 3, '01A_TNDN_DK13', null, null, null, null, null, null, null, null, null, null, null, null);

insert into RCV_GDIEN_TKHAI (ID, TEN_CTIEU, COT_01, COT_02, COT_03, COT_04, COT_05, COT_06, COT_07, COT_08, COT_09, COT_10, COT_11, SO_TT, LOAI_DLIEU, MA_CTIEU, COT_12, COT_13, COT_14, COT_15, COT_16, COT_17, COT_18, COT_19, COT_20, COT_21, COT_22)
values (5643, 'Ng࠹ xu࠴ hࠡ ࠮ ࠩ vࠩ xu࠴ b࠮ tࠩ Vi࠴ Nam, chߠti࠵[10]', '1', null, null, null, null, null, null, null, null, null, null, 4, '01A_TNDN_DK13', null, null, null, null, null, null, null, null, null, null, null, null);

insert into RCV_GDIEN_TKHAI (ID, TEN_CTIEU, COT_01, COT_02, COT_03, COT_04, COT_05, COT_06, COT_07, COT_08, COT_09, COT_10, COT_11, SO_TT, LOAI_DLIEU, MA_CTIEU, COT_12, COT_13, COT_14, COT_15, COT_16, COT_17, COT_18, COT_19, COT_20, COT_21, COT_22)
values (5644, '[01] D࠵ thߧ, '1', null, null, null, null, null, null, null, null, null, null, 5, '01A_TNDN_DK13', null, null, null, null, null, null, null, null, null, null, null, null);

insert into RCV_GDIEN_TKHAI (ID, TEN_CTIEU, COT_01, COT_02, COT_03, COT_04, COT_05, COT_06, COT_07, COT_08, COT_09, COT_10, COT_11, SO_TT, LOAI_DLIEU, MA_CTIEU, COT_12, COT_13, COT_14, COT_15, COT_16, COT_17, COT_18, COT_19, COT_20, COT_21, COT_22)
values (5645, '[02] Condensate', '1', null, null, null, null, null, null, null, null, null, null, 6, '01A_TNDN_DK13', null, null, null, null, null, null, null, null, null, null, null, null);

insert into RCV_GDIEN_TKHAI (ID, TEN_CTIEU, COT_01, COT_02, COT_03, COT_04, COT_05, COT_06, COT_07, COT_08, COT_09, COT_10, COT_11, SO_TT, LOAI_DLIEU, MA_CTIEU, COT_12, COT_13, COT_14, COT_15, COT_16, COT_17, COT_18, COT_19, COT_20, COT_21, COT_22)
values (5646, '[03] Khߠthi࠮ nhi࠮', '1', null, null, null, null, null, null, null, null, null, null, 7, '01A_TNDN_DK13', null, null, null, null, null, null, null, null, null, null, null, null);

insert into RCV_GDIEN_TKHAI (ID, TEN_CTIEU, COT_01, COT_02, COT_03, COT_04, COT_05, COT_06, COT_07, COT_08, COT_09, COT_10, COT_11, SO_TT, LOAI_DLIEU, MA_CTIEU, COT_12, COT_13, COT_14, COT_15, COT_16, COT_17, COT_18, COT_19, COT_20, COT_21, COT_22)
values (5647, 'Kߠt࠮h thuߧ, '1', null, null, null, null, null, null, null, null, null, null, 8, '01A_TNDN_DK13', null, null, null, null, null, null, null, null, null, null, null, null);

insert into RCV_GDIEN_TKHAI (ID, TEN_CTIEU, COT_01, COT_02, COT_03, COT_04, COT_05, COT_06, COT_07, COT_08, COT_09, COT_10, COT_11, SO_TT, LOAI_DLIEU, MA_CTIEU, COT_12, COT_13, COT_14, COT_15, COT_16, COT_17, COT_18, COT_19, COT_20, COT_21, COT_22)
values (5648, 'H࠰ ࠮g d࠵ khߠlߧ, '1', null, null, null, null, null, null, null, null, null, null, 9, '01A_TNDN_DK13', null, null, null, null, null, null, null, null, null, null, null, null);

insert into RCV_GDIEN_TKHAI (ID, TEN_CTIEU, COT_01, COT_02, COT_03, COT_04, COT_05, COT_06, COT_07, COT_08, COT_09, COT_10, COT_11, SO_TT, LOAI_DLIEU, MA_CTIEU, COT_12, COT_13, COT_14, COT_15, COT_16, COT_17, COT_18, COT_19, COT_20, COT_21, COT_22)
values (5649, 'S࠮ l߿ng d࠵ khߠxu࠴ b࠮', '1', null, null, null, null, null, null, null, null, null, null, 10, '01A_TNDN_DK13', null, null, null, null, null, null, null, null, null, null, null, null);

insert into RCV_GDIEN_TKHAI (ID, TEN_CTIEU, COT_01, COT_02, COT_03, COT_04, COT_05, COT_06, COT_07, COT_08, COT_09, COT_10, COT_11, SO_TT, LOAI_DLIEU, MA_CTIEU, COT_12, COT_13, COT_14, COT_15, COT_16, COT_17, COT_18, COT_19, COT_20, COT_21, COT_22)
values (5650, '''Giߠb࠮', '1', null, null, null, null, null, null, null, null, null, null, 11, '01A_TNDN_DK13', null, null, null, null, null, null, null, null, null, null, null, null);

insert into RCV_GDIEN_TKHAI (ID, TEN_CTIEU, COT_01, COT_02, COT_03, COT_04, COT_05, COT_06, COT_07, COT_08, COT_09, COT_10, COT_11, SO_TT, LOAI_DLIEU, MA_CTIEU, COT_12, COT_13, COT_14, COT_15, COT_16, COT_17, COT_18, COT_19, COT_20, COT_21, COT_22)
values (5651, '''Doanh thu [31]=[29]x[30]', '1', null, null, null, null, null, null, null, null, null, null, 12, '01A_TNDN_DK13', null, null, null, null, null, null, null, null, null, null, null, null);

insert into RCV_GDIEN_TKHAI (ID, TEN_CTIEU, COT_01, COT_02, COT_03, COT_04, COT_05, COT_06, COT_07, COT_08, COT_09, COT_10, COT_11, SO_TT, LOAI_DLIEU, MA_CTIEU, COT_12, COT_13, COT_14, COT_15, COT_16, COT_17, COT_18, COT_19, COT_20, COT_21, COT_22)
values (5652, '''TߠlߠthuߠTNDN t࠭ t࠮h', '1', null, null, null, null, null, null, null, null, null, null, 13, '01A_TNDN_DK13', null, null, null, null, null, null, null, null, null, null, null, null);

insert into RCV_GDIEN_TKHAI (ID, TEN_CTIEU, COT_01, COT_02, COT_03, COT_04, COT_05, COT_06, COT_07, COT_08, COT_09, COT_10, COT_11, SO_TT, LOAI_DLIEU, MA_CTIEU, COT_12, COT_13, COT_14, COT_15, COT_16, COT_17, COT_18, COT_19, COT_20, COT_21, COT_22)
values (5653, '''SߠthuߠTNDN t࠭ t࠮h phࠩ n࠰ [33]=[31]x[32]t࠮h', '1', null, null, null, null, null, null, null, null, null, null, 14, '01A_TNDN_DK13', null, null, null, null, null, null, null, null, null, null, null, null);

insert into RCV_GDIEN_TKHAI (ID, TEN_CTIEU, COT_01, COT_02, COT_03, COT_04, COT_05, COT_06, COT_07, COT_08, COT_09, COT_10, COT_11, SO_TT, LOAI_DLIEU, MA_CTIEU, COT_12, COT_13, COT_14, COT_15, COT_16, COT_17, COT_18, COT_19, COT_20, COT_21, COT_22)
values (5654, '''SߠthuߠTNDN ߿c mi࠮ hoࠣ gi࠭ (n࠵ cߩ', '1', null, null, null, null, null, null, null, null, null, null, 15, '01A_TNDN_DK13', null, null, null, null, null, null, null, null, null, null, null, null);

insert into RCV_GDIEN_TKHAI (ID, TEN_CTIEU, COT_01, COT_02, COT_03, COT_04, COT_05, COT_06, COT_07, COT_08, COT_09, COT_10, COT_11, SO_TT, LOAI_DLIEU, MA_CTIEU, COT_12, COT_13, COT_14, COT_15, COT_16, COT_17, COT_18, COT_19, COT_20, COT_21, COT_22)
values (5656, 'Tߠgiߠngoࠩ tߠli࠮ ng࠮ h࠮g tࠩ thࠩ i࠭ xu࠴ hoߠ࠮ d࠵ khߠxu࠴ b࠮ tࠩ Vi࠴ Nam', '1', null, null, null, null, null, null, null, null, null, null, 17, '01A_TNDN_DK13', null, null, null, null, null, null, null, null, null, null, null, null);

insert into RCV_GDIEN_TKHAI (ID, TEN_CTIEU, COT_01, COT_02, COT_03, COT_04, COT_05, COT_06, COT_07, COT_08, COT_09, COT_10, COT_11, SO_TT, LOAI_DLIEU, MA_CTIEU, COT_12, COT_13, COT_14, COT_15, COT_16, COT_17, COT_18, COT_19, COT_20, COT_21, COT_22)
values (5655, '''SߠthuߠTNDN t࠭ t࠮h phࠩ n࠰ sau khi mi࠮ hoࠣ gi࠭ (n࠵ cߩ [35]= [33]-[34]', '1', null, null, null, null, null, null, null, null, null, null, 16, '01A_TNDN_DK13', null, null, null, null, null, null, null, null, null, null, null, null);

	--RCV_MAP_CTIEU	
insert into RCV_MAP_CTIEU (LOAI_DLIEU, KY_HIEU, KIEU_DLIEU, GDN_ID, KY_HIEU_CTIEU)
values ('01A_TNDN_DK13', '1', 'C', 5640, null);

insert into RCV_MAP_CTIEU (LOAI_DLIEU, KY_HIEU, KIEU_DLIEU, GDN_ID, KY_HIEU_CTIEU)
values ('01A_TNDN_DK13', '10', 'N', 5649, null);

insert into RCV_MAP_CTIEU (LOAI_DLIEU, KY_HIEU, KIEU_DLIEU, GDN_ID, KY_HIEU_CTIEU)
values ('01A_TNDN_DK13', '11', 'N', 5650, null);

insert into RCV_MAP_CTIEU (LOAI_DLIEU, KY_HIEU, KIEU_DLIEU, GDN_ID, KY_HIEU_CTIEU)
values ('01A_TNDN_DK13', '12', 'N', 5651, null);

insert into RCV_MAP_CTIEU (LOAI_DLIEU, KY_HIEU, KIEU_DLIEU, GDN_ID, KY_HIEU_CTIEU)
values ('01A_TNDN_DK13', '13', 'N', 5652, null);

insert into RCV_MAP_CTIEU (LOAI_DLIEU, KY_HIEU, KIEU_DLIEU, GDN_ID, KY_HIEU_CTIEU)
values ('01A_TNDN_DK13', '14', 'N', 5653, null);

insert into RCV_MAP_CTIEU (LOAI_DLIEU, KY_HIEU, KIEU_DLIEU, GDN_ID, KY_HIEU_CTIEU)
values ('01A_TNDN_DK13', '15', 'N', 5654, null);

insert into RCV_MAP_CTIEU (LOAI_DLIEU, KY_HIEU, KIEU_DLIEU, GDN_ID, KY_HIEU_CTIEU)
values ('01A_TNDN_DK13', '16', 'N', 5655, null);

insert into RCV_MAP_CTIEU (LOAI_DLIEU, KY_HIEU, KIEU_DLIEU, GDN_ID, KY_HIEU_CTIEU)
values ('01A_TNDN_DK13', '17', 'N', 5656, null);

insert into RCV_MAP_CTIEU (LOAI_DLIEU, KY_HIEU, KIEU_DLIEU, GDN_ID, KY_HIEU_CTIEU)
values ('01A_TNDN_DK13', '2', 'C', 5641, null);

insert into RCV_MAP_CTIEU (LOAI_DLIEU, KY_HIEU, KIEU_DLIEU, GDN_ID, KY_HIEU_CTIEU)
values ('01A_TNDN_DK13', '3', 'C', 5642, null);

insert into RCV_MAP_CTIEU (LOAI_DLIEU, KY_HIEU, KIEU_DLIEU, GDN_ID, KY_HIEU_CTIEU)
values ('01A_TNDN_DK13', '4', 'D', 5643, null);

insert into RCV_MAP_CTIEU (LOAI_DLIEU, KY_HIEU, KIEU_DLIEU, GDN_ID, KY_HIEU_CTIEU)
values ('01A_TNDN_DK13', '5', 'C', 5644, null);

insert into RCV_MAP_CTIEU (LOAI_DLIEU, KY_HIEU, KIEU_DLIEU, GDN_ID, KY_HIEU_CTIEU)
values ('01A_TNDN_DK13', '6', 'C', 5645, null);

insert into RCV_MAP_CTIEU (LOAI_DLIEU, KY_HIEU, KIEU_DLIEU, GDN_ID, KY_HIEU_CTIEU)
values ('01A_TNDN_DK13', '7', 'C', 5646, null);

insert into RCV_MAP_CTIEU (LOAI_DLIEU, KY_HIEU, KIEU_DLIEU, GDN_ID, KY_HIEU_CTIEU)
values ('01A_TNDN_DK13', '8', 'D', 5647, null);

insert into RCV_MAP_CTIEU (LOAI_DLIEU, KY_HIEU, KIEU_DLIEU, GDN_ID, KY_HIEU_CTIEU)
values ('01A_TNDN_DK13', '9', 'C', 5648, null);

-------------------------
---Phu luc 01-1----------
-------------------------
insert into RCV_DM_TKHAI (MA, TEN, KIEU_KY, PHIEN_BAN, START_DATE, END_DATE)
values ('01A_1_TNDN_DK13', '01/PL-DK', 'M', '320', to_date('14-06-2006', 'dd-mm-yyyy'), null);
	--RCV_GDIEN_TKHAI
insert into RCV_GDIEN_TKHAI (ID, TEN_CTIEU, COT_01, COT_02, COT_03, COT_04, COT_05, COT_06, COT_07, COT_08, COT_09, COT_10, COT_11, SO_TT, LOAI_DLIEU, MA_CTIEU, COT_12, COT_13, COT_14, COT_15, COT_16, COT_17, COT_18, COT_19, COT_20, COT_21, COT_22)
values (5657, '01/PL-DK', '2', '3', '4', '5', '6', null, null, null, null, null, null, 1, '01A_1_TNDN_DK13', null, null, null, null, null, null, null, null, null, null, null, null);

insert into RCV_GDIEN_TKHAI (ID, TEN_CTIEU, COT_01, COT_02, COT_03, COT_04, COT_05, COT_06, COT_07, COT_08, COT_09, COT_10, COT_11, SO_TT, LOAI_DLIEU, MA_CTIEU, COT_12, COT_13, COT_14, COT_15, COT_16, COT_17, COT_18, COT_19, COT_20, COT_21, COT_22)
values (5658, 'T࠮g c࠮g', null, null, '7', '8', null, null, null, null, null, null, null, 2, '01A_1_TNDN_DK13', null, null, null, null, null, null, null, null, null, null, null, null);
	
	--RCV_MAP_CTIEU	
insert into RCV_MAP_CTIEU (LOAI_DLIEU, KY_HIEU, KIEU_DLIEU, GDN_ID, KY_HIEU_CTIEU)
values ('01A_1_TNDN_DK13', '2', 'C', 5657, null);

insert into RCV_MAP_CTIEU (LOAI_DLIEU, KY_HIEU, KIEU_DLIEU, GDN_ID, KY_HIEU_CTIEU)
values ('01A_1_TNDN_DK13', '3', 'C', 5657, null);

insert into RCV_MAP_CTIEU (LOAI_DLIEU, KY_HIEU, KIEU_DLIEU, GDN_ID, KY_HIEU_CTIEU)
values ('01A_1_TNDN_DK13', '4', 'N', 5657, null);

insert into RCV_MAP_CTIEU (LOAI_DLIEU, KY_HIEU, KIEU_DLIEU, GDN_ID, KY_HIEU_CTIEU)
values ('01A_1_TNDN_DK13', '5', 'N', 5657, null);

insert into RCV_MAP_CTIEU (LOAI_DLIEU, KY_HIEU, KIEU_DLIEU, GDN_ID, KY_HIEU_CTIEU)
values ('01A_1_TNDN_DK13', '6', 'C', 5657, null);

insert into RCV_MAP_CTIEU (LOAI_DLIEU, KY_HIEU, KIEU_DLIEU, GDN_ID, KY_HIEU_CTIEU)
values ('01A_1_TNDN_DK13', '7', 'N', 5658, null);

insert into RCV_MAP_CTIEU (LOAI_DLIEU, KY_HIEU, KIEU_DLIEU, GDN_ID, KY_HIEU_CTIEU)
values ('01A_1_TNDN_DK13', '8', 'N', 5658, null);
	