-------------------------
---Phu luc 03/TNDN-------
-------------------------
insert into RCV_DM_TKHAI (MA, TEN, KIEU_KY, PHIEN_BAN, START_DATE, END_DATE)
values ('03_TNDN13', 'T¿ khai quy¿t to¿n thu¿ TNDN', 'Y', '320', to_date('01-07-2011', 'dd-mm-yyyy'), null);
--bang giao dien to khai
insert into RCV_GDIEN_TKHAI (ID, TEN_CTIEU, COT_01, COT_02, COT_03, COT_04, COT_05, COT_06, COT_07, COT_08, COT_09, COT_10, COT_11, SO_TT, LOAI_DLIEU, MA_CTIEU, COT_12, COT_13, COT_14, COT_15, COT_16, COT_17, COT_18, COT_19, COT_20, COT_21, COT_22)
values (5400, 'K¿t qu¿ kinh doanh ghi nh¿n theo b¿o c¿o t¿i ch¿nh  ', 'A', null, null, null, null, null, null, null, null, null, null, 1, '03_TNDN13', '613', null, null, null, null, null, null, null, null, null, null, null);

insert into RCV_GDIEN_TKHAI (ID, TEN_CTIEU, COT_01, COT_02, COT_03, COT_04, COT_05, COT_06, COT_07, COT_08, COT_09, COT_10, COT_11, SO_TT, LOAI_DLIEU, MA_CTIEU, COT_12, COT_13, COT_14, COT_15, COT_16, COT_17, COT_18, COT_19, COT_20, COT_21, COT_22)
values (5401, 'T¿ng l¿i nhu¿n k¿ to¿n tr¿¿c thu¿ thu nh¿p doanh nghi¿p  ', 'A1', null, null, null, null, null, null, null, null, null, null, 2, '03_TNDN13', '614', null, null, null, null, null, null, null, null, null, null, null);

insert into RCV_GDIEN_TKHAI (ID, TEN_CTIEU, COT_01, COT_02, COT_03, COT_04, COT_05, COT_06, COT_07, COT_08, COT_09, COT_10, COT_11, SO_TT, LOAI_DLIEU, MA_CTIEU, COT_12, COT_13, COT_14, COT_15, COT_16, COT_17, COT_18, COT_19, COT_20, COT_21, COT_22)
values (5402, 'X¿c ¿¿nh thu nh¿p ch¿u thu¿ theo Lu¿t thu¿ thu nh¿p doanh nghi¿p  ', 'B', null, null, null, null, null, null, null, null, null, null, 3, '03_TNDN13', '615', null, null, null, null, null, null, null, null, null, null, null);

insert into RCV_GDIEN_TKHAI (ID, TEN_CTIEU, COT_01, COT_02, COT_03, COT_04, COT_05, COT_06, COT_07, COT_08, COT_09, COT_10, COT_11, SO_TT, LOAI_DLIEU, MA_CTIEU, COT_12, COT_13, COT_14, COT_15, COT_16, COT_17, COT_18, COT_19, COT_20, COT_21, COT_22)
values (5403, '¿i¿u ch¿nh t¿ng t¿ng l¿i nhu¿n tr¿¿c thu¿ thu nh¿p doanh nghi¿p (B1= B2+B3+B4+B5+B6)  ', 'B1', null, null, null, null, null, null, null, null, null, null, 4, '03_TNDN13', '616', null, null, null, null, null, null, null, null, null, null, null);

insert into RCV_GDIEN_TKHAI (ID, TEN_CTIEU, COT_01, COT_02, COT_03, COT_04, COT_05, COT_06, COT_07, COT_08, COT_09, COT_10, COT_11, SO_TT, LOAI_DLIEU, MA_CTIEU, COT_12, COT_13, COT_14, COT_15, COT_16, COT_17, COT_18, COT_19, COT_20, COT_21, COT_22)
values (5404, 'C¿c kho¿n ¿i¿u ch¿nh t¿ng doanh thu  ', 'B2', null, null, null, null, null, null, null, null, null, null, 5, '03_TNDN13', '617', null, null, null, null, null, null, null, null, null, null, null);

insert into RCV_GDIEN_TKHAI (ID, TEN_CTIEU, COT_01, COT_02, COT_03, COT_04, COT_05, COT_06, COT_07, COT_08, COT_09, COT_10, COT_11, SO_TT, LOAI_DLIEU, MA_CTIEU, COT_12, COT_13, COT_14, COT_15, COT_16, COT_17, COT_18, COT_19, COT_20, COT_21, COT_22)
values (5405, 'Chi ph¿ c¿a ph¿n doanh thu ¿i¿u ch¿nh gi¿m   ', 'B3', null, null, null, null, null, null, null, null, null, null, 6, '03_TNDN13', '618', null, null, null, null, null, null, null, null, null, null, null);

insert into RCV_GDIEN_TKHAI (ID, TEN_CTIEU, COT_01, COT_02, COT_03, COT_04, COT_05, COT_06, COT_07, COT_08, COT_09, COT_10, COT_11, SO_TT, LOAI_DLIEU, MA_CTIEU, COT_12, COT_13, COT_14, COT_15, COT_16, COT_17, COT_18, COT_19, COT_20, COT_21, COT_22)
values (5406, 'C¿c kho¿n chi kh¿ng ¿¿¿c tr¿ khi x¿c ¿¿nh thu nh¿p ch¿u thu¿   ', 'B4', null, null, null, null, null, null, null, null, null, null, 7, '03_TNDN13', '619', null, null, null, null, null, null, null, null, null, null, null);

insert into RCV_GDIEN_TKHAI (ID, TEN_CTIEU, COT_01, COT_02, COT_03, COT_04, COT_05, COT_06, COT_07, COT_08, COT_09, COT_10, COT_11, SO_TT, LOAI_DLIEU, MA_CTIEU, COT_12, COT_13, COT_14, COT_15, COT_16, COT_17, COT_18, COT_19, COT_20, COT_21, COT_22)
values (5407, 'Thu¿ thu nh¿p ¿¿ n¿p cho ph¿n thu nh¿p nh¿n ¿¿¿c ¿ n¿¿c ngo¿i   ', 'B5', null, null, null, null, null, null, null, null, null, null, 8, '03_TNDN13', '620', null, null, null, null, null, null, null, null, null, null, null);

insert into RCV_GDIEN_TKHAI (ID, TEN_CTIEU, COT_01, COT_02, COT_03, COT_04, COT_05, COT_06, COT_07, COT_08, COT_09, COT_10, COT_11, SO_TT, LOAI_DLIEU, MA_CTIEU, COT_12, COT_13, COT_14, COT_15, COT_16, COT_17, COT_18, COT_19, COT_20, COT_21, COT_22)
values (5408, 'C¿c kho¿n ¿i¿u ch¿nh l¿m t¿ng l¿i nhu¿n tr¿¿c thu¿ kh¿c   ', 'B6', null, null, null, null, null, null, null, null, null, null, 9, '03_TNDN13', '621', null, null, null, null, null, null, null, null, null, null, null);

insert into RCV_GDIEN_TKHAI (ID, TEN_CTIEU, COT_01, COT_02, COT_03, COT_04, COT_05, COT_06, COT_07, COT_08, COT_09, COT_10, COT_11, SO_TT, LOAI_DLIEU, MA_CTIEU, COT_12, COT_13, COT_14, COT_15, COT_16, COT_17, COT_18, COT_19, COT_20, COT_21, COT_22)
values (5409, '¿i¿u ch¿nh gi¿m t¿ng l¿i nhu¿n tr¿¿c thu¿ thu nh¿p doanh nghi¿p (B7=B8+B9+B10+B11)    ', 'B7', null, null, null, null, null, null, null, null, null, null, 10, '03_TNDN13', '622', null, null, null, null, null, null, null, null, null, null, null);

insert into RCV_GDIEN_TKHAI (ID, TEN_CTIEU, COT_01, COT_02, COT_03, COT_04, COT_05, COT_06, COT_07, COT_08, COT_09, COT_10, COT_11, SO_TT, LOAI_DLIEU, MA_CTIEU, COT_12, COT_13, COT_14, COT_15, COT_16, COT_17, COT_18, COT_19, COT_20, COT_21, COT_22)
values (5410, 'L¿i nhu¿n t¿ ho¿t ¿¿ng kh¿ng thu¿c di¿n ch¿u thu¿ thu nh¿p doanh nghi¿p', 'B8', null, null, null, null, null, null, null, null, null, null, 11, '03_TNDN13', '623', null, null, null, null, null, null, null, null, null, null, null);

insert into RCV_GDIEN_TKHAI (ID, TEN_CTIEU, COT_01, COT_02, COT_03, COT_04, COT_05, COT_06, COT_07, COT_08, COT_09, COT_10, COT_11, SO_TT, LOAI_DLIEU, MA_CTIEU, COT_12, COT_13, COT_14, COT_15, COT_16, COT_17, COT_18, COT_19, COT_20, COT_21, COT_22)
values (5411, 'Gi¿m tr¿ c¿c kho¿n doanh thu ¿¿ t¿nh thu¿ n¿m tr¿¿c ', 'B9', null, null, null, null, null, null, null, null, null, null, 12, '03_TNDN13', '624', null, null, null, null, null, null, null, null, null, null, null);

insert into RCV_GDIEN_TKHAI (ID, TEN_CTIEU, COT_01, COT_02, COT_03, COT_04, COT_05, COT_06, COT_07, COT_08, COT_09, COT_10, COT_11, SO_TT, LOAI_DLIEU, MA_CTIEU, COT_12, COT_13, COT_14, COT_15, COT_16, COT_17, COT_18, COT_19, COT_20, COT_21, COT_22)
values (5412, 'Chi ph¿ c¿a ph¿n doanh thu ¿i¿u ch¿nh t¿ng ', 'B10', null, null, null, null, null, null, null, null, null, null, 13, '03_TNDN13', '625', null, null, null, null, null, null, null, null, null, null, null);

insert into RCV_GDIEN_TKHAI (ID, TEN_CTIEU, COT_01, COT_02, COT_03, COT_04, COT_05, COT_06, COT_07, COT_08, COT_09, COT_10, COT_11, SO_TT, LOAI_DLIEU, MA_CTIEU, COT_12, COT_13, COT_14, COT_15, COT_16, COT_17, COT_18, COT_19, COT_20, COT_21, COT_22)
values (5413, 'C¿c kho¿n ¿i¿u ch¿nh l¿m gi¿m l¿i nhu¿n tr¿¿c thu¿ kh¿c ', 'B11', null, null, null, null, null, null, null, null, null, null, 14, '03_TNDN13', '626', null, null, null, null, null, null, null, null, null, null, null);

insert into RCV_GDIEN_TKHAI (ID, TEN_CTIEU, COT_01, COT_02, COT_03, COT_04, COT_05, COT_06, COT_07, COT_08, COT_09, COT_10, COT_11, SO_TT, LOAI_DLIEU, MA_CTIEU, COT_12, COT_13, COT_14, COT_15, COT_16, COT_17, COT_18, COT_19, COT_20, COT_21, COT_22)
values (5414, 'T¿ng thu nh¿p ch¿u thu¿ (B12=A1+B1-B7) ', 'B12', null, null, null, null, null, null, null, null, null, null, 15, '03_TNDN13', '627', null, null, null, null, null, null, null, null, null, null, null);

insert into RCV_GDIEN_TKHAI (ID, TEN_CTIEU, COT_01, COT_02, COT_03, COT_04, COT_05, COT_06, COT_07, COT_08, COT_09, COT_10, COT_11, SO_TT, LOAI_DLIEU, MA_CTIEU, COT_12, COT_13, COT_14, COT_15, COT_16, COT_17, COT_18, COT_19, COT_20, COT_21, COT_22)
values (5415, 'Thu nh¿p ch¿u thu¿ t¿ ho¿t ¿¿ng s¿n xu¿t kinh doanh (B13=B12-B14) ', 'B13', null, null, null, null, null, null, null, null, null, null, 16, '03_TNDN13', '628', null, null, null, null, null, null, null, null, null, null, null);

insert into RCV_GDIEN_TKHAI (ID, TEN_CTIEU, COT_01, COT_02, COT_03, COT_04, COT_05, COT_06, COT_07, COT_08, COT_09, COT_10, COT_11, SO_TT, LOAI_DLIEU, MA_CTIEU, COT_12, COT_13, COT_14, COT_15, COT_16, COT_17, COT_18, COT_19, COT_20, COT_21, COT_22)
values (5416, 'Thu nh¿p ch¿u thu¿ t¿ ho¿t ¿¿ng chuy¿n nh¿¿ng b¿t ¿¿ng s¿n ', 'B14', null, null, null, null, null, null, null, null, null, null, 17, '03_TNDN13', '629', null, null, null, null, null, null, null, null, null, null, null);

insert into RCV_GDIEN_TKHAI (ID, TEN_CTIEU, COT_01, COT_02, COT_03, COT_04, COT_05, COT_06, COT_07, COT_08, COT_09, COT_10, COT_11, SO_TT, LOAI_DLIEU, MA_CTIEU, COT_12, COT_13, COT_14, COT_15, COT_16, COT_17, COT_18, COT_19, COT_20, COT_21, COT_22)
values (5417, 'X¿c ¿¿nh thu¿ TNDN ph¿i n¿p t¿ ho¿t ¿¿ng s¿n xu¿t kinh doanh ', 'C', null, null, null, null, null, null, null, null, null, null, 18, '03_TNDN13', '630', null, null, null, null, null, null, null, null, null, null, null);

insert into RCV_GDIEN_TKHAI (ID, TEN_CTIEU, COT_01, COT_02, COT_03, COT_04, COT_05, COT_06, COT_07, COT_08, COT_09, COT_10, COT_11, SO_TT, LOAI_DLIEU, MA_CTIEU, COT_12, COT_13, COT_14, COT_15, COT_16, COT_17, COT_18, COT_19, COT_20, COT_21, COT_22)
values (5418, 'Thu nh¿p ch¿u thu¿ (C1 = B13) ', 'C1', null, null, null, null, null, null, null, null, null, null, 19, '03_TNDN13', '631', null, null, null, null, null, null, null, null, null, null, null);

insert into RCV_GDIEN_TKHAI (ID, TEN_CTIEU, COT_01, COT_02, COT_03, COT_04, COT_05, COT_06, COT_07, COT_08, COT_09, COT_10, COT_11, SO_TT, LOAI_DLIEU, MA_CTIEU, COT_12, COT_13, COT_14, COT_15, COT_16, COT_17, COT_18, COT_19, COT_20, COT_21, COT_22)
values (5419, 'Thu nh¿p mi¿n thu¿ ', 'C2', null, null, null, null, null, null, null, null, null, null, 20, '03_TNDN13', '632', null, null, null, null, null, null, null, null, null, null, null);

insert into RCV_GDIEN_TKHAI (ID, TEN_CTIEU, COT_01, COT_02, COT_03, COT_04, COT_05, COT_06, COT_07, COT_08, COT_09, COT_10, COT_11, SO_TT, LOAI_DLIEU, MA_CTIEU, COT_12, COT_13, COT_14, COT_15, COT_16, COT_17, COT_18, COT_19, COT_20, COT_21, COT_22)
values (5420, 'L¿ t¿ c¿c n¿m tr¿¿c ¿¿¿c chuy¿n sang ', 'C3', null, null, null, null, null, null, null, null, null, null, 21, '03_TNDN13', '633', null, null, null, null, null, null, null, null, null, null, null);

insert into RCV_GDIEN_TKHAI (ID, TEN_CTIEU, COT_01, COT_02, COT_03, COT_04, COT_05, COT_06, COT_07, COT_08, COT_09, COT_10, COT_11, SO_TT, LOAI_DLIEU, MA_CTIEU, COT_12, COT_13, COT_14, COT_15, COT_16, COT_17, COT_18, COT_19, COT_20, COT_21, COT_22)
values (5421, 'Thu nh¿p t¿nh thu¿ (C4=C1-C2-C3) ', 'C4', null, null, null, null, null, null, null, null, null, null, 22, '03_TNDN13', '634', null, null, null, null, null, null, null, null, null, null, null);

insert into RCV_GDIEN_TKHAI (ID, TEN_CTIEU, COT_01, COT_02, COT_03, COT_04, COT_05, COT_06, COT_07, COT_08, COT_09, COT_10, COT_11, SO_TT, LOAI_DLIEU, MA_CTIEU, COT_12, COT_13, COT_14, COT_15, COT_16, COT_17, COT_18, COT_19, COT_20, COT_21, COT_22)
values (5422, 'Tr¿ch l¿p qu¿ khoa h¿c c¿ng ngh¿ (n¿u c¿) ', 'C5', null, null, null, null, null, null, null, null, null, null, 23, '03_TNDN13', '635', null, null, null, null, null, null, null, null, null, null, null);

insert into RCV_GDIEN_TKHAI (ID, TEN_CTIEU, COT_01, COT_02, COT_03, COT_04, COT_05, COT_06, COT_07, COT_08, COT_09, COT_10, COT_11, SO_TT, LOAI_DLIEU, MA_CTIEU, COT_12, COT_13, COT_14, COT_15, COT_16, COT_17, COT_18, COT_19, COT_20, COT_21, COT_22)
values (5423, 'Thu nh¿p t¿nh thu¿ sau khi ¿¿ tr¿ch l¿p qu¿ khoa h¿c c¿ng ngh¿ (C6=C4-C5) ', 'C6', null, null, null, null, null, null, null, null, null, null, 24, '03_TNDN13', '636', null, null, null, null, null, null, null, null, null, null, null);

insert into RCV_GDIEN_TKHAI (ID, TEN_CTIEU, COT_01, COT_02, COT_03, COT_04, COT_05, COT_06, COT_07, COT_08, COT_09, COT_10, COT_11, SO_TT, LOAI_DLIEU, MA_CTIEU, COT_12, COT_13, COT_14, COT_15, COT_16, COT_17, COT_18, COT_19, COT_20, COT_21, COT_22)
values (5424, 'Thu¿ TNDN t¿ ho¿t ¿¿ng SXKD t¿nh theo thu¿ su¿t ph¿ th¿ng (C7=C6 x 25%) ', 'C8', null, null, null, null, null, null, null, null, null, null, 26, '03_TNDN13', '637', null, null, null, null, null, null, null, null, null, null, null);

insert into RCV_GDIEN_TKHAI (ID, TEN_CTIEU, COT_01, COT_02, COT_03, COT_04, COT_05, COT_06, COT_07, COT_08, COT_09, COT_10, COT_11, SO_TT, LOAI_DLIEU, MA_CTIEU, COT_12, COT_13, COT_14, COT_15, COT_16, COT_17, COT_18, COT_19, COT_20, COT_21, COT_22)
values (5425, 'Thu¿ TNDN ch¿nh l¿ch do ¿p d¿ng m¿c thu¿ su¿t kh¿c m¿c thu¿ su¿t 25%  ', 'C9', null, null, null, null, null, null, null, null, null, null, 27, '03_TNDN13', '638', null, null, null, null, null, null, null, null, null, null, null);

insert into RCV_GDIEN_TKHAI (ID, TEN_CTIEU, COT_01, COT_02, COT_03, COT_04, COT_05, COT_06, COT_07, COT_08, COT_09, COT_10, COT_11, SO_TT, LOAI_DLIEU, MA_CTIEU, COT_12, COT_13, COT_14, COT_15, COT_16, COT_17, COT_18, COT_19, COT_20, COT_21, COT_22)
values (5426, 'Thu¿ TNDN ¿¿¿c mi¿n, gi¿m trong k¿  ', 'C10', null, null, null, null, null, null, null, null, null, null, 28, '03_TNDN13', '639', null, null, null, null, null, null, null, null, null, null, null);

insert into RCV_GDIEN_TKHAI (ID, TEN_CTIEU, COT_01, COT_02, COT_03, COT_04, COT_05, COT_06, COT_07, COT_08, COT_09, COT_10, COT_11, SO_TT, LOAI_DLIEU, MA_CTIEU, COT_12, COT_13, COT_14, COT_15, COT_16, COT_17, COT_18, COT_19, COT_20, COT_21, COT_22)
values (5427, 'S¿ thu¿ thu nh¿p ¿¿ n¿p ¿ n¿¿c ngo¿i ¿¿¿c tr¿ trong k¿ t¿nh thu¿  ', 'C11', null, null, null, null, null, null, null, null, null, null, 29, '03_TNDN13', '640', null, null, null, null, null, null, null, null, null, null, null);

insert into RCV_GDIEN_TKHAI (ID, TEN_CTIEU, COT_01, COT_02, COT_03, COT_04, COT_05, COT_06, COT_07, COT_08, COT_09, COT_10, COT_11, SO_TT, LOAI_DLIEU, MA_CTIEU, COT_12, COT_13, COT_14, COT_15, COT_16, COT_17, COT_18, COT_19, COT_20, COT_21, COT_22)
values (5428, 'Thu¿ thu nh¿p doanh nghi¿p c¿a ho¿t ¿¿ng s¿n xu¿t kinh doanh (C11=C7-C8-C9-C10)  ', 'C12', null, null, null, null, null, null, null, null, null, null, 30, '03_TNDN13', '641', null, null, null, null, null, null, null, null, null, null, null);

insert into RCV_GDIEN_TKHAI (ID, TEN_CTIEU, COT_01, COT_02, COT_03, COT_04, COT_05, COT_06, COT_07, COT_08, COT_09, COT_10, COT_11, SO_TT, LOAI_DLIEU, MA_CTIEU, COT_12, COT_13, COT_14, COT_15, COT_16, COT_17, COT_18, COT_19, COT_20, COT_21, COT_22)
values (5429, 'Thu¿ TNDN t¿ ho¿t ¿¿ng chuy¿n nh¿¿ng b¿t ¿¿ng s¿n c¿n ph¿i n¿p sau khi tr¿ thu¿ TNDN ¿¿ n¿p ¿ ¿¿a ph¿¿ng kh¿c  ', 'D', null, null, null, null, null, null, null, null, null, null, 31, '03_TNDN13', '642', null, null, null, null, null, null, null, null, null, null, null);

insert into RCV_GDIEN_TKHAI (ID, TEN_CTIEU, COT_01, COT_02, COT_03, COT_04, COT_05, COT_06, COT_07, COT_08, COT_09, COT_10, COT_11, SO_TT, LOAI_DLIEU, MA_CTIEU, COT_12, COT_13, COT_14, COT_15, COT_16, COT_17, COT_18, COT_19, COT_20, COT_21, COT_22)
values (5430, 'T¿ng s¿ thu¿ TNDN ph¿i n¿p trong k¿  ', 'E', null, null, null, null, null, null, null, null, null, null, 34, '03_TNDN13', '643', null, null, null, null, null, null, null, null, null, null, null);

insert into RCV_GDIEN_TKHAI (ID, TEN_CTIEU, COT_01, COT_02, COT_03, COT_04, COT_05, COT_06, COT_07, COT_08, COT_09, COT_10, COT_11, SO_TT, LOAI_DLIEU, MA_CTIEU, COT_12, COT_13, COT_14, COT_15, COT_16, COT_17, COT_18, COT_19, COT_20, COT_21, COT_22)
values (5431, 'Thu¿ thu nh¿p doanh nghi¿p c¿a ho¿t ¿¿ng s¿n xu¿t kinh doanh  ', 'E1', null, null, null, null, null, null, null, null, null, null, 35, '03_TNDN13', '644', null, null, null, null, null, null, null, null, null, null, null);

insert into RCV_GDIEN_TKHAI (ID, TEN_CTIEU, COT_01, COT_02, COT_03, COT_04, COT_05, COT_06, COT_07, COT_08, COT_09, COT_10, COT_11, SO_TT, LOAI_DLIEU, MA_CTIEU, COT_12, COT_13, COT_14, COT_15, COT_16, COT_17, COT_18, COT_19, COT_20, COT_21, COT_22)
values (5432, 'Thu¿ TNDN t¿ ho¿t ¿¿ng chuy¿n nh¿¿ng b¿t ¿¿ng s¿n  ', 'E2', null, null, null, null, null, null, null, null, null, null, 36, '03_TNDN13', '645', null, null, null, null, null, null, null, null, null, null, null);

insert into RCV_GDIEN_TKHAI (ID, TEN_CTIEU, COT_01, COT_02, COT_03, COT_04, COT_05, COT_06, COT_07, COT_08, COT_09, COT_10, COT_11, SO_TT, LOAI_DLIEU, MA_CTIEU, COT_12, COT_13, COT_14, COT_15, COT_16, COT_17, COT_18, COT_19, COT_20, COT_21, COT_22)
values (5433, 'T¿n t¿i li¿u  ', 'TL', null, null, null, null, null, null, null, null, null, null, 37, '03_TNDN13', null, null, null, null, null, null, null, null, null, null, null, null);

insert into RCV_GDIEN_TKHAI (ID, TEN_CTIEU, COT_01, COT_02, COT_03, COT_04, COT_05, COT_06, COT_07, COT_08, COT_09, COT_10, COT_11, SO_TT, LOAI_DLIEU, MA_CTIEU, COT_12, COT_13, COT_14, COT_15, COT_16, COT_17, COT_18, COT_19, COT_20, COT_21, COT_22)
values (5434, 'Doanh nghi¿p c¿ c¿ s¿ s¿n xu¿t h¿ch to¿n ph¿ thu¿c', 'H7', null, null, null, null, null, null, null, null, null, null, 32, '03_TNDN13', null, null, null, null, null, null, null, null, null, null, null, null);

insert into RCV_GDIEN_TKHAI (ID, TEN_CTIEU, COT_01, COT_02, COT_03, COT_04, COT_05, COT_06, COT_07, COT_08, COT_09, COT_10, COT_11, SO_TT, LOAI_DLIEU, MA_CTIEU, COT_12, COT_13, COT_14, COT_15, COT_16, COT_17, COT_18, COT_19, COT_20, COT_21, COT_22)
values (5435, 'Doanh nghi¿p thu¿c ¿i t¿¿ng ¿p d¿ng thu¿ su¿t 20%', 'H9', null, null, null, null, null, null, null, null, null, null, 33, '03_TNDN13', null, null, null, null, null, null, null, null, null, null, null, null);

insert into RCV_GDIEN_TKHAI (ID, TEN_CTIEU, COT_01, COT_02, COT_03, COT_04, COT_05, COT_06, COT_07, COT_08, COT_09, COT_10, COT_11, SO_TT, LOAI_DLIEU, MA_CTIEU, COT_12, COT_13, COT_14, COT_15, COT_16, COT_17, COT_18, COT_19, COT_20, COT_21, COT_22)
values (5436, 'Thu¿ su¿t ', 'C7', null, null, null, null, null, null, null, null, null, null, 25, '03_TNDN13', null, null, null, null, null, null, null, null, null, null, null, null);

--them vao bang MAP_CTIEU

insert into RCV_MAP_CTIEU (LOAI_DLIEU, KY_HIEU, KIEU_DLIEU, GDN_ID, KY_HIEU_CTIEU)
values ('03_TNDN13', 'A', 'N', 5400, 'A');

insert into RCV_MAP_CTIEU (LOAI_DLIEU, KY_HIEU, KIEU_DLIEU, GDN_ID, KY_HIEU_CTIEU)
values ('03_TNDN13', 'A1', 'N', 5401, 'A1');

insert into RCV_MAP_CTIEU (LOAI_DLIEU, KY_HIEU, KIEU_DLIEU, GDN_ID, KY_HIEU_CTIEU)
values ('03_TNDN13', 'B', 'N', 5402, 'B');

insert into RCV_MAP_CTIEU (LOAI_DLIEU, KY_HIEU, KIEU_DLIEU, GDN_ID, KY_HIEU_CTIEU)
values ('03_TNDN13', 'B1', 'N', 5403, 'B1');

insert into RCV_MAP_CTIEU (LOAI_DLIEU, KY_HIEU, KIEU_DLIEU, GDN_ID, KY_HIEU_CTIEU)
values ('03_TNDN13', 'B2', 'N', 5404, 'B2');

insert into RCV_MAP_CTIEU (LOAI_DLIEU, KY_HIEU, KIEU_DLIEU, GDN_ID, KY_HIEU_CTIEU)
values ('03_TNDN13', 'B3', 'N', 5405, 'B3');

insert into RCV_MAP_CTIEU (LOAI_DLIEU, KY_HIEU, KIEU_DLIEU, GDN_ID, KY_HIEU_CTIEU)
values ('03_TNDN13', 'B4', 'N', 5406, 'B4');

insert into RCV_MAP_CTIEU (LOAI_DLIEU, KY_HIEU, KIEU_DLIEU, GDN_ID, KY_HIEU_CTIEU)
values ('03_TNDN13', 'B5', 'N', 5407, 'B5');

insert into RCV_MAP_CTIEU (LOAI_DLIEU, KY_HIEU, KIEU_DLIEU, GDN_ID, KY_HIEU_CTIEU)
values ('03_TNDN13', 'B6', 'N', 5408, 'B6');

insert into RCV_MAP_CTIEU (LOAI_DLIEU, KY_HIEU, KIEU_DLIEU, GDN_ID, KY_HIEU_CTIEU)
values ('03_TNDN13', 'B7', 'N', 5409, 'B7');

insert into RCV_MAP_CTIEU (LOAI_DLIEU, KY_HIEU, KIEU_DLIEU, GDN_ID, KY_HIEU_CTIEU)
values ('03_TNDN13', 'B8', 'N', 5410, 'B8');

insert into RCV_MAP_CTIEU (LOAI_DLIEU, KY_HIEU, KIEU_DLIEU, GDN_ID, KY_HIEU_CTIEU)
values ('03_TNDN13', 'B9', 'N', 5411, 'B9');

insert into RCV_MAP_CTIEU (LOAI_DLIEU, KY_HIEU, KIEU_DLIEU, GDN_ID, KY_HIEU_CTIEU)
values ('03_TNDN13', 'B10', 'N', 5412, 'B10');

insert into RCV_MAP_CTIEU (LOAI_DLIEU, KY_HIEU, KIEU_DLIEU, GDN_ID, KY_HIEU_CTIEU)
values ('03_TNDN13', 'B11', 'N', 5413, 'B11');

insert into RCV_MAP_CTIEU (LOAI_DLIEU, KY_HIEU, KIEU_DLIEU, GDN_ID, KY_HIEU_CTIEU)
values ('03_TNDN13', 'B12', 'N', 5414, 'B12');

insert into RCV_MAP_CTIEU (LOAI_DLIEU, KY_HIEU, KIEU_DLIEU, GDN_ID, KY_HIEU_CTIEU)
values ('03_TNDN13', 'B13', 'N', 5415, 'B13');

insert into RCV_MAP_CTIEU (LOAI_DLIEU, KY_HIEU, KIEU_DLIEU, GDN_ID, KY_HIEU_CTIEU)
values ('03_TNDN13', 'B14', 'N', 5416, 'B14');

insert into RCV_MAP_CTIEU (LOAI_DLIEU, KY_HIEU, KIEU_DLIEU, GDN_ID, KY_HIEU_CTIEU)
values ('03_TNDN13', 'C', 'N', 5417, 'C');

insert into RCV_MAP_CTIEU (LOAI_DLIEU, KY_HIEU, KIEU_DLIEU, GDN_ID, KY_HIEU_CTIEU)
values ('03_TNDN13', 'C1', 'N', 5418, 'C1');

insert into RCV_MAP_CTIEU (LOAI_DLIEU, KY_HIEU, KIEU_DLIEU, GDN_ID, KY_HIEU_CTIEU)
values ('03_TNDN13', 'C2', 'N', 5419, 'C2');

insert into RCV_MAP_CTIEU (LOAI_DLIEU, KY_HIEU, KIEU_DLIEU, GDN_ID, KY_HIEU_CTIEU)
values ('03_TNDN13', 'C3', 'N', 5420, 'C3');

insert into RCV_MAP_CTIEU (LOAI_DLIEU, KY_HIEU, KIEU_DLIEU, GDN_ID, KY_HIEU_CTIEU)
values ('03_TNDN13', 'C4', 'N', 5421, 'C4');

insert into RCV_MAP_CTIEU (LOAI_DLIEU, KY_HIEU, KIEU_DLIEU, GDN_ID, KY_HIEU_CTIEU)
values ('03_TNDN13', 'C5', 'N', 5422, 'C5');

insert into RCV_MAP_CTIEU (LOAI_DLIEU, KY_HIEU, KIEU_DLIEU, GDN_ID, KY_HIEU_CTIEU)
values ('03_TNDN13', 'C6', 'N', 5423, 'C6');

insert into RCV_MAP_CTIEU (LOAI_DLIEU, KY_HIEU, KIEU_DLIEU, GDN_ID, KY_HIEU_CTIEU)
values ('03_TNDN13', 'C8', 'N', 5424, 'C8');

insert into RCV_MAP_CTIEU (LOAI_DLIEU, KY_HIEU, KIEU_DLIEU, GDN_ID, KY_HIEU_CTIEU)
values ('03_TNDN13', 'C9', 'N', 5425, 'C9');

insert into RCV_MAP_CTIEU (LOAI_DLIEU, KY_HIEU, KIEU_DLIEU, GDN_ID, KY_HIEU_CTIEU)
values ('03_TNDN13', 'C10', 'N', 5426, 'C10');

insert into RCV_MAP_CTIEU (LOAI_DLIEU, KY_HIEU, KIEU_DLIEU, GDN_ID, KY_HIEU_CTIEU)
values ('03_TNDN13', 'C11', 'N', 5427, 'C11');

insert into RCV_MAP_CTIEU (LOAI_DLIEU, KY_HIEU, KIEU_DLIEU, GDN_ID, KY_HIEU_CTIEU)
values ('03_TNDN13', 'C12', 'N', 5428, 'C12');

insert into RCV_MAP_CTIEU (LOAI_DLIEU, KY_HIEU, KIEU_DLIEU, GDN_ID, KY_HIEU_CTIEU)
values ('03_TNDN13', 'D', 'N', 5429, 'D');

insert into RCV_MAP_CTIEU (LOAI_DLIEU, KY_HIEU, KIEU_DLIEU, GDN_ID, KY_HIEU_CTIEU)
values ('03_TNDN13', 'E', 'N', 5430, 'E');

insert into RCV_MAP_CTIEU (LOAI_DLIEU, KY_HIEU, KIEU_DLIEU, GDN_ID, KY_HIEU_CTIEU)
values ('03_TNDN13', 'E1', 'N', 5431, 'E1');

insert into RCV_MAP_CTIEU (LOAI_DLIEU, KY_HIEU, KIEU_DLIEU, GDN_ID, KY_HIEU_CTIEU)
values ('03_TNDN13', 'E2', 'N', 5432, 'E2');

insert into RCV_MAP_CTIEU (LOAI_DLIEU, KY_HIEU, KIEU_DLIEU, GDN_ID, KY_HIEU_CTIEU)
values ('03_TNDN13', 'TL', 'C', 5433, 'TL');

insert into RCV_MAP_CTIEU (LOAI_DLIEU, KY_HIEU, KIEU_DLIEU, GDN_ID, KY_HIEU_CTIEU)
values ('03_TNDN13', 'H7', 'C', 5434, 'H7');

insert into RCV_MAP_CTIEU (LOAI_DLIEU, KY_HIEU, KIEU_DLIEU, GDN_ID, KY_HIEU_CTIEU)
values ('03_TNDN13', 'H9', 'C', 5435, 'H9');

insert into RCV_MAP_CTIEU (LOAI_DLIEU, KY_HIEU, KIEU_DLIEU, GDN_ID, KY_HIEU_CTIEU)
values ('03_TNDN13', 'C7', 'C', 5436, 'C7');
-------------------------
---Phu luc 03-3A-TNDN----
-------------------------
insert into RCV_DM_TKHAI (MA, TEN, KIEU_KY, PHIEN_BAN, START_DATE, END_DATE)
values ('03_3A_TNDN13', 'Ph¿ l¿c 033A/TNDN', 'Y', '320', null, null);
	--RCV_GDIEN_TKHAI
insert into RCV_GDIEN_TKHAI (ID, TEN_CTIEU, COT_01, COT_02, COT_03, COT_04, COT_05, COT_06, COT_07, COT_08, COT_09, COT_10, COT_11, SO_TT, LOAI_DLIEU, MA_CTIEU, COT_12, COT_13, COT_14, COT_15, COT_16, COT_17, COT_18, COT_19, COT_20, COT_21, COT_22)
values (5437, '1. ¿i¿u ki¿n ¿u ¿¿i  ', null, null, null, null, null, null, null, null, null, null, null, 1, '03_3A_TNDN13', null, null, null, null, null, null, null, null, null, null, null, null);

insert into RCV_GDIEN_TKHAI (ID, TEN_CTIEU, COT_01, COT_02, COT_03, COT_04, COT_05, COT_06, COT_07, COT_08, COT_09, COT_10, COT_11, SO_TT, LOAI_DLIEU, MA_CTIEU, COT_12, COT_13, COT_14, COT_15, COT_16, COT_17, COT_18, COT_19, COT_20, COT_21, COT_22)
values (5438, 'Doanh nghi¿p s¿n xu¿t m¿i th¿nh l¿p t¿ d¿ ¿n ¿¿u t¿  ', '1', null, null, null, null, null, null, null, null, null, null, 2, '03_3A_TNDN13', '508', null, null, null, null, null, null, null, null, null, null, null);

insert into RCV_GDIEN_TKHAI (ID, TEN_CTIEU, COT_01, COT_02, COT_03, COT_04, COT_05, COT_06, COT_07, COT_08, COT_09, COT_10, COT_11, SO_TT, LOAI_DLIEU, MA_CTIEU, COT_12, COT_13, COT_14, COT_15, COT_16, COT_17, COT_18, COT_19, COT_20, COT_21, COT_22)
values (5439, 'Doanh nghi¿p di chuy¿n ¿¿a ¿i¿m ra kh¿i ¿¿ th¿ theo quy ho¿ch ¿¿ ¿¿¿c c¿ quan c¿ th¿m quy¿n ph¿ duy¿t ', '2', null, null, null, null, null, null, null, null, null, null, 3, '03_3A_TNDN13', '509', null, null, null, null, null, null, null, null, null, null, null);

insert into RCV_GDIEN_TKHAI (ID, TEN_CTIEU, COT_01, COT_02, COT_03, COT_04, COT_05, COT_06, COT_07, COT_08, COT_09, COT_10, COT_11, SO_TT, LOAI_DLIEU, MA_CTIEU, COT_12, COT_13, COT_14, COT_15, COT_16, COT_17, COT_18, COT_19, COT_20, COT_21, COT_22)
values (5440, 'Doanh nghi¿p m¿i th¿nh l¿p t¿ d¿ ¿n ¿¿u t¿ v¿o ng¿nh ngh¿, l¿nh v¿c ¿u ¿¿i ¿¿u t¿ ', '3', null, null, null, null, null, null, null, null, null, null, 4, '03_3A_TNDN13', '510', null, null, null, null, null, null, null, null, null, null, null);

insert into RCV_GDIEN_TKHAI (ID, TEN_CTIEU, COT_01, COT_02, COT_03, COT_04, COT_05, COT_06, COT_07, COT_08, COT_09, COT_10, COT_11, SO_TT, LOAI_DLIEU, MA_CTIEU, COT_12, COT_13, COT_14, COT_15, COT_16, COT_17, COT_18, COT_19, COT_20, COT_21, COT_22)
values (5441, 'Doanh nghi¿p m¿i th¿nh l¿p t¿ d¿ ¿n ¿¿u t¿ v¿o ng¿nh ngh¿, l¿nh v¿c ¿¿c bi¿t ¿u ¿¿i ¿¿u t¿ ', '4', null, null, null, null, null, null, null, null, null, null, 5, '03_3A_TNDN13', '511', null, null, null, null, null, null, null, null, null, null, null);

insert into RCV_GDIEN_TKHAI (ID, TEN_CTIEU, COT_01, COT_02, COT_03, COT_04, COT_05, COT_06, COT_07, COT_08, COT_09, COT_10, COT_11, SO_TT, LOAI_DLIEU, MA_CTIEU, COT_12, COT_13, COT_14, COT_15, COT_16, COT_17, COT_18, COT_19, COT_20, COT_21, COT_22)
values (5442, 'Doanh nghi¿p m¿i th¿nh l¿p t¿ d¿ ¿n ¿¿u t¿ v¿o ngh¿nh ngh¿, l¿nh v¿c ¿u ¿¿i ¿¿u t¿ theo quy ¿¿nh t¿i Ngh¿ ¿¿nh s¿ 124/2008/N¿-CP ', '5', null, null, null, null, null, null, null, null, null, null, 6, '03_3A_TNDN13', '512', null, null, null, null, null, null, null, null, null, null, null);

insert into RCV_GDIEN_TKHAI (ID, TEN_CTIEU, COT_01, COT_02, COT_03, COT_04, COT_05, COT_06, COT_07, COT_08, COT_09, COT_10, COT_11, SO_TT, LOAI_DLIEU, MA_CTIEU, COT_12, COT_13, COT_14, COT_15, COT_16, COT_17, COT_18, COT_19, COT_20, COT_21, COT_22)
values (5443, 'Doanh nghi¿p m¿i th¿nh l¿p t¿ d¿ ¿n ¿¿u t¿ v¿o ¿¿a b¿n thu¿c Danh m¿c ¿¿a b¿n c¿ ¿i¿u ki¿n kinh t¿ - x¿ h¿i kh¿ kh¿n ', '6', null, null, null, null, null, null, null, null, null, null, 7, '03_3A_TNDN13', '513', null, null, null, null, null, null, null, null, null, null, null);

insert into RCV_GDIEN_TKHAI (ID, TEN_CTIEU, COT_01, COT_02, COT_03, COT_04, COT_05, COT_06, COT_07, COT_08, COT_09, COT_10, COT_11, SO_TT, LOAI_DLIEU, MA_CTIEU, COT_12, COT_13, COT_14, COT_15, COT_16, COT_17, COT_18, COT_19, COT_20, COT_21, COT_22)
values (5444, 'Doanh nghi¿p m¿i th¿nh l¿p t¿ d¿ ¿n ¿¿u t¿ v¿o ¿¿a b¿n thu¿c Danh m¿c ¿¿a b¿n c¿ ¿i¿u ki¿n kinh t¿ - x¿ h¿i ¿¿c bi¿t kh¿ kh¿n, khu kinh t¿, khu c¿ng ngh¿ cao ', '7', null, null, null, null, null, null, null, null, null, null, 8, '03_3A_TNDN13', '514', null, null, null, null, null, null, null, null, null, null, null);

insert into RCV_GDIEN_TKHAI (ID, TEN_CTIEU, COT_01, COT_02, COT_03, COT_04, COT_05, COT_06, COT_07, COT_08, COT_09, COT_10, COT_11, SO_TT, LOAI_DLIEU, MA_CTIEU, COT_12, COT_13, COT_14, COT_15, COT_16, COT_17, COT_18, COT_19, COT_20, COT_21, COT_22)
values (5445, 'Doanh nghi¿p th¿nh l¿p m¿i trong l¿nh v¿c x¿ h¿i ho¿ ho¿c c¿ thu nh¿p t¿ ho¿t ¿¿ng x¿ h¿i ho¿ ', '8', null, null, null, null, null, null, null, null, null, null, 9, '03_3A_TNDN13', '515', null, null, null, null, null, null, null, null, null, null, null);

insert into RCV_GDIEN_TKHAI (ID, TEN_CTIEU, COT_01, COT_02, COT_03, COT_04, COT_05, COT_06, COT_07, COT_08, COT_09, COT_10, COT_11, SO_TT, LOAI_DLIEU, MA_CTIEU, COT_12, COT_13, COT_14, COT_15, COT_16, COT_17, COT_18, COT_19, COT_20, COT_21, COT_22)
values (5446, 'H¿p t¿c x¿ d¿ch v¿ n¿ng nghi¿p, Qu¿ t¿n d¿ng nh¿n d¿n ', '9', null, null, null, null, null, null, null, null, null, null, 10, '03_3A_TNDN13', '516', null, null, null, null, null, null, null, null, null, null, null);

insert into RCV_GDIEN_TKHAI (ID, TEN_CTIEU, COT_01, COT_02, COT_03, COT_04, COT_05, COT_06, COT_07, COT_08, COT_09, COT_10, COT_11, SO_TT, LOAI_DLIEU, MA_CTIEU, COT_12, COT_13, COT_14, COT_15, COT_16, COT_17, COT_18, COT_19, COT_20, COT_21, COT_22)
values (5447, '¿u ¿¿i theo Gi¿y ph¿p ¿¿u t¿, Gi¿y ch¿ng nh¿n ¿u ¿¿i ¿¿u t¿ ', '10', null, null, null, null, null, null, null, null, null, null, 11, '03_3A_TNDN13', '517', null, null, null, null, null, null, null, null, null, null, null);

insert into RCV_GDIEN_TKHAI (ID, TEN_CTIEU, COT_01, COT_02, COT_03, COT_04, COT_05, COT_06, COT_07, COT_08, COT_09, COT_10, COT_11, SO_TT, LOAI_DLIEU, MA_CTIEU, COT_12, COT_13, COT_14, COT_15, COT_16, COT_17, COT_18, COT_19, COT_20, COT_21, COT_22)
values (5448, '¿u ¿¿i kh¿c ', '11', null, null, null, null, null, null, null, null, null, null, 12, '03_3A_TNDN13', '518', null, null, null, null, null, null, null, null, null, null, null);

insert into RCV_GDIEN_TKHAI (ID, TEN_CTIEU, COT_01, COT_02, COT_03, COT_04, COT_05, COT_06, COT_07, COT_08, COT_09, COT_10, COT_11, SO_TT, LOAI_DLIEU, MA_CTIEU, COT_12, COT_13, COT_14, COT_15, COT_16, COT_17, COT_18, COT_19, COT_20, COT_21, COT_22)
values (5449, '2. M¿c ¿¿ ¿u ¿¿i thu¿ ', null, null, null, null, null, null, null, null, null, null, null, 13, '03_3A_TNDN13', null, null, null, null, null, null, null, null, null, null, null, null);

insert into RCV_GDIEN_TKHAI (ID, TEN_CTIEU, COT_01, COT_02, COT_03, COT_04, COT_05, COT_06, COT_07, COT_08, COT_09, COT_10, COT_11, SO_TT, LOAI_DLIEU, MA_CTIEU, COT_12, COT_13, COT_14, COT_15, COT_16, COT_17, COT_18, COT_19, COT_20, COT_21, COT_22)
values (5450, '2.1- Thu¿ su¿t thu¿ thu nh¿p doanh nghi¿p ¿u ¿¿i ', '12', null, null, null, null, null, null, null, null, null, null, 14, '03_3A_TNDN13', '519', null, null, null, null, null, null, null, null, null, null, null);

insert into RCV_GDIEN_TKHAI (ID, TEN_CTIEU, COT_01, COT_02, COT_03, COT_04, COT_05, COT_06, COT_07, COT_08, COT_09, COT_10, COT_11, SO_TT, LOAI_DLIEU, MA_CTIEU, COT_12, COT_13, COT_14, COT_15, COT_16, COT_17, COT_18, COT_19, COT_20, COT_21, COT_22)
values (5451, '2.2- Th¿i h¿n ¿p d¿ng thu¿ su¿t ¿u ¿¿i ', '13', null, null, null, null, null, null, null, null, null, null, 15, '03_3A_TNDN13', '520', null, null, null, null, null, null, null, null, null, null, null);

insert into RCV_GDIEN_TKHAI (ID, TEN_CTIEU, COT_01, COT_02, COT_03, COT_04, COT_05, COT_06, COT_07, COT_08, COT_09, COT_10, COT_11, SO_TT, LOAI_DLIEU, MA_CTIEU, COT_12, COT_13, COT_14, COT_15, COT_16, COT_17, COT_18, COT_19, COT_20, COT_21, COT_22)
values (5452, 'n¿m, k¿ t¿ n¿m   ', '14', null, null, null, null, null, null, null, null, null, null, 16, '03_3A_TNDN13', '521', null, null, null, null, null, null, null, null, null, null, null);

insert into RCV_GDIEN_TKHAI (ID, TEN_CTIEU, COT_01, COT_02, COT_03, COT_04, COT_05, COT_06, COT_07, COT_08, COT_09, COT_10, COT_11, SO_TT, LOAI_DLIEU, MA_CTIEU, COT_12, COT_13, COT_14, COT_15, COT_16, COT_17, COT_18, COT_19, COT_20, COT_21, COT_22)
values (5453, '2.3- Th¿i gian mi¿n thu¿  ', '15', null, null, null, null, null, null, null, null, null, null, 17, '03_3A_TNDN13', '522', null, null, null, null, null, null, null, null, null, null, null);

insert into RCV_GDIEN_TKHAI (ID, TEN_CTIEU, COT_01, COT_02, COT_03, COT_04, COT_05, COT_06, COT_07, COT_08, COT_09, COT_10, COT_11, SO_TT, LOAI_DLIEU, MA_CTIEU, COT_12, COT_13, COT_14, COT_15, COT_16, COT_17, COT_18, COT_19, COT_20, COT_21, COT_22)
values (5454, 'n¿m, k¿ t¿ n¿m  ', '16', null, null, null, null, null, null, null, null, null, null, 18, '03_3A_TNDN13', '523', null, null, null, null, null, null, null, null, null, null, null);

insert into RCV_GDIEN_TKHAI (ID, TEN_CTIEU, COT_01, COT_02, COT_03, COT_04, COT_05, COT_06, COT_07, COT_08, COT_09, COT_10, COT_11, SO_TT, LOAI_DLIEU, MA_CTIEU, COT_12, COT_13, COT_14, COT_15, COT_16, COT_17, COT_18, COT_19, COT_20, COT_21, COT_22)
values (5455, '2.4- Th¿i gian gi¿m 50% s¿ thu¿ ph¿i n¿p  ', '17', null, null, null, null, null, null, null, null, null, null, 19, '03_3A_TNDN13', '524', null, null, null, null, null, null, null, null, null, null, null);

insert into RCV_GDIEN_TKHAI (ID, TEN_CTIEU, COT_01, COT_02, COT_03, COT_04, COT_05, COT_06, COT_07, COT_08, COT_09, COT_10, COT_11, SO_TT, LOAI_DLIEU, MA_CTIEU, COT_12, COT_13, COT_14, COT_15, COT_16, COT_17, COT_18, COT_19, COT_20, COT_21, COT_22)
values (5456, 'n¿m, k¿ t¿ n¿m  ', '18', null, null, null, null, null, null, null, null, null, null, 20, '03_3A_TNDN13', '525', null, null, null, null, null, null, null, null, null, null, null);

insert into RCV_GDIEN_TKHAI (ID, TEN_CTIEU, COT_01, COT_02, COT_03, COT_04, COT_05, COT_06, COT_07, COT_08, COT_09, COT_10, COT_11, SO_TT, LOAI_DLIEU, MA_CTIEU, COT_12, COT_13, COT_14, COT_15, COT_16, COT_17, COT_18, COT_19, COT_20, COT_21, COT_22)
values (5457, 'X¿c ¿¿nh s¿ thu¿ TNDN ch¿nh l¿ch do doanh nghi¿p h¿¿ng thu¿ su¿t ¿u ¿¿i  ', '3.0', null, null, null, null, null, null, null, null, null, null, 21, '03_3A_TNDN13', '556', null, null, null, null, null, null, null, null, null, null, null);

insert into RCV_GDIEN_TKHAI (ID, TEN_CTIEU, COT_01, COT_02, COT_03, COT_04, COT_05, COT_06, COT_07, COT_08, COT_09, COT_10, COT_11, SO_TT, LOAI_DLIEU, MA_CTIEU, COT_12, COT_13, COT_14, COT_15, COT_16, COT_17, COT_18, COT_19, COT_20, COT_21, COT_22)
values (5458, 'T¿ng thu nh¿p t¿nh thu¿ ¿¿¿c h¿¿ng thu¿ su¿t ¿u ¿¿i  ', '3.1', null, null, null, null, null, null, null, null, null, null, 22, '03_3A_TNDN13', '557', null, null, null, null, null, null, null, null, null, null, null);

insert into RCV_GDIEN_TKHAI (ID, TEN_CTIEU, COT_01, COT_02, COT_03, COT_04, COT_05, COT_06, COT_07, COT_08, COT_09, COT_10, COT_11, SO_TT, LOAI_DLIEU, MA_CTIEU, COT_12, COT_13, COT_14, COT_15, COT_16, COT_17, COT_18, COT_19, COT_20, COT_21, COT_22)
values (5459, 'Thu¿ TNDN t¿nh theo thu¿ su¿t ¿u ¿¿i  ', '3.2', null, null, null, null, null, null, null, null, null, null, 23, '03_3A_TNDN13', '558', null, null, null, null, null, null, null, null, null, null, null);

insert into RCV_GDIEN_TKHAI (ID, TEN_CTIEU, COT_01, COT_02, COT_03, COT_04, COT_05, COT_06, COT_07, COT_08, COT_09, COT_10, COT_11, SO_TT, LOAI_DLIEU, MA_CTIEU, COT_12, COT_13, COT_14, COT_15, COT_16, COT_17, COT_18, COT_19, COT_20, COT_21, COT_22)
values (5460, 'Thu¿ TNDN t¿nh theo thu¿ su¿t ph¿ th¿ng (25%)  ', '3.3', null, null, null, null, null, null, null, null, null, null, 24, '03_3A_TNDN13', '559', null, null, null, null, null, null, null, null, null, null, null);

insert into RCV_GDIEN_TKHAI (ID, TEN_CTIEU, COT_01, COT_02, COT_03, COT_04, COT_05, COT_06, COT_07, COT_08, COT_09, COT_10, COT_11, SO_TT, LOAI_DLIEU, MA_CTIEU, COT_12, COT_13, COT_14, COT_15, COT_16, COT_17, COT_18, COT_19, COT_20, COT_21, COT_22)
values (5461, 'Thu¿ TNDN ch¿nh l¿ch ([4]=[3]-[2])  ', '3.4', null, null, null, null, null, null, null, null, null, null, 25, '03_3A_TNDN13', '560', null, null, null, null, null, null, null, null, null, null, null);

insert into RCV_GDIEN_TKHAI (ID, TEN_CTIEU, COT_01, COT_02, COT_03, COT_04, COT_05, COT_06, COT_07, COT_08, COT_09, COT_10, COT_11, SO_TT, LOAI_DLIEU, MA_CTIEU, COT_12, COT_13, COT_14, COT_15, COT_16, COT_17, COT_18, COT_19, COT_20, COT_21, COT_22)
values (5462, 'X¿c ¿¿nh s¿ thu¿ ¿¿¿c mi¿n, gi¿m trong k¿ t¿nh thu¿  ', '4.0', null, null, null, null, null, null, null, null, null, null, 26, '03_3A_TNDN13', '561', null, null, null, null, null, null, null, null, null, null, null);

insert into RCV_GDIEN_TKHAI (ID, TEN_CTIEU, COT_01, COT_02, COT_03, COT_04, COT_05, COT_06, COT_07, COT_08, COT_09, COT_10, COT_11, SO_TT, LOAI_DLIEU, MA_CTIEU, COT_12, COT_13, COT_14, COT_15, COT_16, COT_17, COT_18, COT_19, COT_20, COT_21, COT_22)
values (5463, 'T¿ng thu nh¿p t¿nh thu¿  ¿¿¿c mi¿n thu¿ ho¿c gi¿m thu¿   ', '4.1', null, null, null, null, null, null, null, null, null, null, 27, '03_3A_TNDN13', '562', null, null, null, null, null, null, null, null, null, null, null);

insert into RCV_GDIEN_TKHAI (ID, TEN_CTIEU, COT_01, COT_02, COT_03, COT_04, COT_05, COT_06, COT_07, COT_08, COT_09, COT_10, COT_11, SO_TT, LOAI_DLIEU, MA_CTIEU, COT_12, COT_13, COT_14, COT_15, COT_16, COT_17, COT_18, COT_19, COT_20, COT_21, COT_22)
values (5464, 'Thu¿ su¿t thu¿ TNDN ¿u ¿¿i ¿p d¿ng (%)  ', '4.2', null, null, null, null, null, null, null, null, null, null, 28, '03_3A_TNDN13', '563', null, null, null, null, null, null, null, null, null, null, null);

insert into RCV_GDIEN_TKHAI (ID, TEN_CTIEU, COT_01, COT_02, COT_03, COT_04, COT_05, COT_06, COT_07, COT_08, COT_09, COT_10, COT_11, SO_TT, LOAI_DLIEU, MA_CTIEU, COT_12, COT_13, COT_14, COT_15, COT_16, COT_17, COT_18, COT_19, COT_20, COT_21, COT_22)
values (5465, 'Thu¿ thu nh¿p doanh nghi¿p ph¿i n¿p   ', '4.3', null, null, null, null, null, null, null, null, null, null, 29, '03_3A_TNDN13', '564', null, null, null, null, null, null, null, null, null, null, null);

insert into RCV_GDIEN_TKHAI (ID, TEN_CTIEU, COT_01, COT_02, COT_03, COT_04, COT_05, COT_06, COT_07, COT_08, COT_09, COT_10, COT_11, SO_TT, LOAI_DLIEU, MA_CTIEU, COT_12, COT_13, COT_14, COT_15, COT_16, COT_17, COT_18, COT_19, COT_20, COT_21, COT_22)
values (5466, 'T¿ l¿ thu¿ TNDN ¿¿¿c mi¿n ho¿c gi¿m (%)   ', '4.4', null, null, null, null, null, null, null, null, null, null, 30, '03_3A_TNDN13', '565', null, null, null, null, null, null, null, null, null, null, null);

insert into RCV_GDIEN_TKHAI (ID, TEN_CTIEU, COT_01, COT_02, COT_03, COT_04, COT_05, COT_06, COT_07, COT_08, COT_09, COT_10, COT_11, SO_TT, LOAI_DLIEU, MA_CTIEU, COT_12, COT_13, COT_14, COT_15, COT_16, COT_17, COT_18, COT_19, COT_20, COT_21, COT_22)
values (5467, 'Thu¿ TNDN ¿¿¿c mi¿n, gi¿m   ', '4.5', null, null, null, null, null, null, null, null, null, null, 31, '03_3A_TNDN13', '566', null, null, null, null, null, null, null, null, null, null, null);
		--RCV_MAP_CTIEU
insert into RCV_MAP_CTIEU (LOAI_DLIEU, KY_HIEU, KIEU_DLIEU, GDN_ID, KY_HIEU_CTIEU)
values ('03_3A_TNDN13', '1', 'C', 5438, null);

insert into RCV_MAP_CTIEU (LOAI_DLIEU, KY_HIEU, KIEU_DLIEU, GDN_ID, KY_HIEU_CTIEU)
values ('03_3A_TNDN13', '10', 'C', 5447, null);

insert into RCV_MAP_CTIEU (LOAI_DLIEU, KY_HIEU, KIEU_DLIEU, GDN_ID, KY_HIEU_CTIEU)
values ('03_3A_TNDN13', '11', 'C', 5448, null);

insert into RCV_MAP_CTIEU (LOAI_DLIEU, KY_HIEU, KIEU_DLIEU, GDN_ID, KY_HIEU_CTIEU)
values ('03_3A_TNDN13', '12', 'N', 5450, null);

insert into RCV_MAP_CTIEU (LOAI_DLIEU, KY_HIEU, KIEU_DLIEU, GDN_ID, KY_HIEU_CTIEU)
values ('03_3A_TNDN13', '13', 'N', 5451, null);

insert into RCV_MAP_CTIEU (LOAI_DLIEU, KY_HIEU, KIEU_DLIEU, GDN_ID, KY_HIEU_CTIEU)
values ('03_3A_TNDN13', '14', 'N', 5452, null);

insert into RCV_MAP_CTIEU (LOAI_DLIEU, KY_HIEU, KIEU_DLIEU, GDN_ID, KY_HIEU_CTIEU)
values ('03_3A_TNDN13', '15', 'N', 5453, null);

insert into RCV_MAP_CTIEU (LOAI_DLIEU, KY_HIEU, KIEU_DLIEU, GDN_ID, KY_HIEU_CTIEU)
values ('03_3A_TNDN13', '16', 'N', 5454, null);

insert into RCV_MAP_CTIEU (LOAI_DLIEU, KY_HIEU, KIEU_DLIEU, GDN_ID, KY_HIEU_CTIEU)
values ('03_3A_TNDN13', '17', 'N', 5455, null);

insert into RCV_MAP_CTIEU (LOAI_DLIEU, KY_HIEU, KIEU_DLIEU, GDN_ID, KY_HIEU_CTIEU)
values ('03_3A_TNDN13', '18', 'N', 5456, null);

insert into RCV_MAP_CTIEU (LOAI_DLIEU, KY_HIEU, KIEU_DLIEU, GDN_ID, KY_HIEU_CTIEU)
values ('03_3A_TNDN13', '2', 'C', 5439, null);

insert into RCV_MAP_CTIEU (LOAI_DLIEU, KY_HIEU, KIEU_DLIEU, GDN_ID, KY_HIEU_CTIEU)
values ('03_3A_TNDN13', '3', 'C', 5440, null);

insert into RCV_MAP_CTIEU (LOAI_DLIEU, KY_HIEU, KIEU_DLIEU, GDN_ID, KY_HIEU_CTIEU)
values ('03_3A_TNDN13', '3.0', 'N', 5457, null);

insert into RCV_MAP_CTIEU (LOAI_DLIEU, KY_HIEU, KIEU_DLIEU, GDN_ID, KY_HIEU_CTIEU)
values ('03_3A_TNDN13', '3.1', 'N', 5458, '[1]');

insert into RCV_MAP_CTIEU (LOAI_DLIEU, KY_HIEU, KIEU_DLIEU, GDN_ID, KY_HIEU_CTIEU)
values ('03_3A_TNDN13', '3.2', 'N', 5459, '[2]');

insert into RCV_MAP_CTIEU (LOAI_DLIEU, KY_HIEU, KIEU_DLIEU, GDN_ID, KY_HIEU_CTIEU)
values ('03_3A_TNDN13', '3.3', 'N', 5460, '[3]');

insert into RCV_MAP_CTIEU (LOAI_DLIEU, KY_HIEU, KIEU_DLIEU, GDN_ID, KY_HIEU_CTIEU)
values ('03_3A_TNDN13', '3.4', 'N', 5461, '[4]');

insert into RCV_MAP_CTIEU (LOAI_DLIEU, KY_HIEU, KIEU_DLIEU, GDN_ID, KY_HIEU_CTIEU)
values ('03_3A_TNDN13', '4', 'C', 5441, null);

insert into RCV_MAP_CTIEU (LOAI_DLIEU, KY_HIEU, KIEU_DLIEU, GDN_ID, KY_HIEU_CTIEU)
values ('03_3A_TNDN13', '4.0', 'N', 5462, null);

insert into RCV_MAP_CTIEU (LOAI_DLIEU, KY_HIEU, KIEU_DLIEU, GDN_ID, KY_HIEU_CTIEU)
values ('03_3A_TNDN13', '4.1', 'N', 5463, '[5]');

insert into RCV_MAP_CTIEU (LOAI_DLIEU, KY_HIEU, KIEU_DLIEU, GDN_ID, KY_HIEU_CTIEU)
values ('03_3A_TNDN13', '4.2', 'N', 5464, '[6]');

insert into RCV_MAP_CTIEU (LOAI_DLIEU, KY_HIEU, KIEU_DLIEU, GDN_ID, KY_HIEU_CTIEU)
values ('03_3A_TNDN13', '4.3', 'N', 5465, '[7]');

insert into RCV_MAP_CTIEU (LOAI_DLIEU, KY_HIEU, KIEU_DLIEU, GDN_ID, KY_HIEU_CTIEU)
values ('03_3A_TNDN13', '4.4', 'N', 5466, '[8]');

insert into RCV_MAP_CTIEU (LOAI_DLIEU, KY_HIEU, KIEU_DLIEU, GDN_ID, KY_HIEU_CTIEU)
values ('03_3A_TNDN13', '4.5', 'N', 5467, '[9]');

insert into RCV_MAP_CTIEU (LOAI_DLIEU, KY_HIEU, KIEU_DLIEU, GDN_ID, KY_HIEU_CTIEU)
values ('03_3A_TNDN13', '5', 'C', 5442, null);

insert into RCV_MAP_CTIEU (LOAI_DLIEU, KY_HIEU, KIEU_DLIEU, GDN_ID, KY_HIEU_CTIEU)
values ('03_3A_TNDN13', '6', 'C', 5443, null);

insert into RCV_MAP_CTIEU (LOAI_DLIEU, KY_HIEU, KIEU_DLIEU, GDN_ID, KY_HIEU_CTIEU)
values ('03_3A_TNDN13', '7', 'C', 5444, null);

insert into RCV_MAP_CTIEU (LOAI_DLIEU, KY_HIEU, KIEU_DLIEU, GDN_ID, KY_HIEU_CTIEU)
values ('03_3A_TNDN13', '8', 'C', 5445, null);

insert into RCV_MAP_CTIEU (LOAI_DLIEU, KY_HIEU, KIEU_DLIEU, GDN_ID, KY_HIEU_CTIEU)
values ('03_3A_TNDN13', '9', 'C', 5446, null);

-------------------------
---Phu luc 03-3B-TNDN----
-------------------------
insert into RCV_DM_TKHAI (MA, TEN, KIEU_KY, PHIEN_BAN, START_DATE, END_DATE)
values ('03_3B_TNDN13', 'Ph¿ l¿c 03_3B Thu nh¿p doanh nghi¿p', 'Y', '320', null, null);
	--RCV_GDIEN_TKHAI
insert into RCV_GDIEN_TKHAI (ID, TEN_CTIEU, COT_01, COT_02, COT_03, COT_04, COT_05, COT_06, COT_07, COT_08, COT_09, COT_10, COT_11, SO_TT, LOAI_DLIEU, MA_CTIEU, COT_12, COT_13, COT_14, COT_15, COT_16, COT_17, COT_18, COT_19, COT_20, COT_21, COT_22)
values (5468, '1. ࠩ࠵ ki࠮ ࠵ ߿i  ', null, null, null, null, null, null, null, null, null, null, null, 1, '03_3B_TNDN13', null, null, null, null, null, null, null, null, null, null, null, null);

insert into RCV_GDIEN_TKHAI (ID, TEN_CTIEU, COT_01, COT_02, COT_03, COT_04, COT_05, COT_06, COT_07, COT_08, COT_09, COT_10, COT_11, SO_TT, LOAI_DLIEU, MA_CTIEU, COT_12, COT_13, COT_14, COT_15, COT_16, COT_17, COT_18, COT_19, COT_20, COT_21, COT_22)
values (5469, '- Ng࠮h ngh߬ ߿a b࠮ ߿u tߠ ', null, null, null, null, null, null, null, null, null, null, null, 2, '03_3B_TNDN13', null, null, null, null, null, null, null, null, null, null, null, null);

insert into RCV_GDIEN_TKHAI (ID, TEN_CTIEU, COT_01, COT_02, COT_03, COT_04, COT_05, COT_06, COT_07, COT_08, COT_09, COT_10, COT_11, SO_TT, LOAI_DLIEU, MA_CTIEU, COT_12, COT_13, COT_14, COT_15, COT_16, COT_17, COT_18, COT_19, COT_20, COT_21, COT_22)
values (5470, '߿u tߠ l࠰ ߿t d࠹ chuy࠮ s࠮ xu࠴ mࠩ kh࠮g thuࠣ ng࠮h ngh߬ l࠮h vࠣ, ߿a b࠮ khuy࠮ khࠣh ߿u tߠ', '1', null, null, null, null, null, null, null, null, null, null, 3, '03_3B_TNDN13', '338', null, null, null, null, null, null, null, null, null, null, null);

insert into RCV_GDIEN_TKHAI (ID, TEN_CTIEU, COT_01, COT_02, COT_03, COT_04, COT_05, COT_06, COT_07, COT_08, COT_09, COT_10, COT_11, SO_TT, LOAI_DLIEU, MA_CTIEU, COT_12, COT_13, COT_14, COT_15, COT_16, COT_17, COT_18, COT_19, COT_20, COT_21, COT_22)
values (5471, '߿u tߠv࠯ ng࠮h ngh߬ l࠮h vࠣ thuࠣ Danh mࠣ l࠮h vࠣ ࠵ ߿i ߿u tߠdo Ch࠮h phߠban h࠮h theo qui ߿nh cࠡ Lu࠴ ߿u tߠ', '2', null, null, null, null, null, null, null, null, null, null, 4, '03_3B_TNDN13', '339', null, null, null, null, null, null, null, null, null, null, null);

insert into RCV_GDIEN_TKHAI (ID, TEN_CTIEU, COT_01, COT_02, COT_03, COT_04, COT_05, COT_06, COT_07, COT_08, COT_09, COT_10, COT_11, SO_TT, LOAI_DLIEU, MA_CTIEU, COT_12, COT_13, COT_14, COT_15, COT_16, COT_17, COT_18, COT_19, COT_20, COT_21, COT_22)
values (5472, '߿u tߠv࠯ ng࠮h ngh߬ l࠮h vࠣ thuࠣ Danh mࠣ l࠮h vࠣ ߿c bi࠴ ࠵ ߿i ߿u tߠdo Ch࠮h phߠban h࠮h theo qui ߿nh cࠡ Lu࠴ ߿u tߠ', '3', null, null, null, null, null, null, null, null, null, null, 5, '03_3B_TNDN13', '340', null, null, null, null, null, null, null, null, null, null, null);

insert into RCV_GDIEN_TKHAI (ID, TEN_CTIEU, COT_01, COT_02, COT_03, COT_04, COT_05, COT_06, COT_07, COT_08, COT_09, COT_10, COT_11, SO_TT, LOAI_DLIEU, MA_CTIEU, COT_12, COT_13, COT_14, COT_15, COT_16, COT_17, COT_18, COT_19, COT_20, COT_21, COT_22)
values (5473, '߿u tߠv࠯ ߿a b࠮ thuࠣ Danh mࠣ ߿a b࠮ cߠࠩ࠵ ki࠮ kinh tߠ- xߠhࠩ khߠkh࠮ do Ch࠮h phߠban h࠮h theo qui ߿nh cࠡ Lu࠴ ߿u tߠ', '4', null, null, null, null, null, null, null, null, null, null, 6, '03_3B_TNDN13', '341', null, null, null, null, null, null, null, null, null, null, null);

insert into RCV_GDIEN_TKHAI (ID, TEN_CTIEU, COT_01, COT_02, COT_03, COT_04, COT_05, COT_06, COT_07, COT_08, COT_09, COT_10, COT_11, SO_TT, LOAI_DLIEU, MA_CTIEU, COT_12, COT_13, COT_14, COT_15, COT_16, COT_17, COT_18, COT_19, COT_20, COT_21, COT_22)
values (5474, '߿u tߠv࠯ ߿a b࠮ thuࠣ Danh mࠣ ߿a b࠮ cߠࠩ࠵ ki࠮ kinh tߠ- xߠhࠩ ߿c bi࠴ khߠkh࠮ do Ch࠮h phߠban h࠮h theo qui ߿nh cࠡ Lu࠴ ߿u tߠ', '5', null, null, null, null, null, null, null, null, null, null, 7, '03_3B_TNDN13', '342', null, null, null, null, null, null, null, null, null, null, null);

insert into RCV_GDIEN_TKHAI (ID, TEN_CTIEU, COT_01, COT_02, COT_03, COT_04, COT_05, COT_06, COT_07, COT_08, COT_09, COT_10, COT_11, SO_TT, LOAI_DLIEU, MA_CTIEU, COT_12, COT_13, COT_14, COT_15, COT_16, COT_17, COT_18, COT_19, COT_20, COT_21, COT_22)
values (5475, '- Dߠ࠮ ߿u tߠ', null, null, null, null, null, null, null, null, null, null, null, 8, '03_3B_TNDN13', null, null, null, null, null, null, null, null, null, null, null, null);

insert into RCV_GDIEN_TKHAI (ID, TEN_CTIEU, COT_01, COT_02, COT_03, COT_04, COT_05, COT_06, COT_07, COT_08, COT_09, COT_10, COT_11, SO_TT, LOAI_DLIEU, MA_CTIEU, COT_12, COT_13, COT_14, COT_15, COT_16, COT_17, COT_18, COT_19, COT_20, COT_21, COT_22)
values (5476, '߿u tߠx࠹ d࠮g d࠹ chuy࠮ s࠮ xu࠴ mࠩ ', '6', null, null, null, null, null, null, null, null, null, null, 9, '03_3B_TNDN13', '343', null, null, null, null, null, null, null, null, null, null, null);

insert into RCV_GDIEN_TKHAI (ID, TEN_CTIEU, COT_01, COT_02, COT_03, COT_04, COT_05, COT_06, COT_07, COT_08, COT_09, COT_10, COT_11, SO_TT, LOAI_DLIEU, MA_CTIEU, COT_12, COT_13, COT_14, COT_15, COT_16, COT_17, COT_18, COT_19, COT_20, COT_21, COT_22)
values (5477, '߿u tߠmߠr࠮g quy m߬ ߿i mࠩ c࠮g ngh߬ cࠩ thi࠮ mࠩ tr߿ng sinh thࠩ, n࠮g cao n࠮g lࠣ s࠮ xu࠴ ', '7', null, null, null, null, null, null, null, null, null, null, 10, '03_3B_TNDN13', '344', null, null, null, null, null, null, null, null, null, null, null);

insert into RCV_GDIEN_TKHAI (ID, TEN_CTIEU, COT_01, COT_02, COT_03, COT_04, COT_05, COT_06, COT_07, COT_08, COT_09, COT_10, COT_11, SO_TT, LOAI_DLIEU, MA_CTIEU, COT_12, COT_13, COT_14, COT_15, COT_16, COT_17, COT_18, COT_19, COT_20, COT_21, COT_22)
values (5478, 'Trong ߿, dߠ࠮ ߿u tߠbao g࠭ cࠣ h࠮g mࠣ ߿u tߠ', null, null, null, null, null, null, null, null, null, null, null, 11, '03_3B_TNDN13', null, null, null, null, null, null, null, null, null, null, null, null);

insert into RCV_GDIEN_TKHAI (ID, TEN_CTIEU, COT_01, COT_02, COT_03, COT_04, COT_05, COT_06, COT_07, COT_08, COT_09, COT_10, COT_11, SO_TT, LOAI_DLIEU, MA_CTIEU, COT_12, COT_13, COT_14, COT_15, COT_16, COT_17, COT_18, COT_19, COT_20, COT_21, COT_22)
values (5479, '- H࠮g mࠣ ߿u tߠ', '8', null, null, null, null, null, null, null, null, null, null, 12, '03_3B_TNDN13', '345', null, null, null, null, null, null, null, null, null, null, null);

insert into RCV_GDIEN_TKHAI (ID, TEN_CTIEU, COT_01, COT_02, COT_03, COT_04, COT_05, COT_06, COT_07, COT_08, COT_09, COT_10, COT_11, SO_TT, LOAI_DLIEU, MA_CTIEU, COT_12, COT_13, COT_14, COT_15, COT_16, COT_17, COT_18, COT_19, COT_20, COT_21, COT_22)
values (5480, '- H࠮g mࠣ ߿u tߠ', '9', null, null, null, null, null, null, null, null, null, null, 13, '03_3B_TNDN13', '346', null, null, null, null, null, null, null, null, null, null, null);

insert into RCV_GDIEN_TKHAI (ID, TEN_CTIEU, COT_01, COT_02, COT_03, COT_04, COT_05, COT_06, COT_07, COT_08, COT_09, COT_10, COT_11, SO_TT, LOAI_DLIEU, MA_CTIEU, COT_12, COT_13, COT_14, COT_15, COT_16, COT_17, COT_18, COT_19, COT_20, COT_21, COT_22)
values (5481, '- H࠮g mࠣ ߿u tߠ', '10', null, null, null, null, null, null, null, null, null, null, 14, '03_3B_TNDN13', '347', null, null, null, null, null, null, null, null, null, null, null);

insert into RCV_GDIEN_TKHAI (ID, TEN_CTIEU, COT_01, COT_02, COT_03, COT_04, COT_05, COT_06, COT_07, COT_08, COT_09, COT_10, COT_11, SO_TT, LOAI_DLIEU, MA_CTIEU, COT_12, COT_13, COT_14, COT_15, COT_16, COT_17, COT_18, COT_19, COT_20, COT_21, COT_22)
values (5482, '- Thࠩ gian ߿ng kߠb࠴ ߿u thࠣ hi࠮ mi࠮, gi࠭ thuߠ', '11', null, null, null, null, null, null, null, null, null, null, 15, '03_3B_TNDN13', '348', null, null, null, null, null, null, null, null, null, null, null);

insert into RCV_GDIEN_TKHAI (ID, TEN_CTIEU, COT_01, COT_02, COT_03, COT_04, COT_05, COT_06, COT_07, COT_08, COT_09, COT_10, COT_11, SO_TT, LOAI_DLIEU, MA_CTIEU, COT_12, COT_13, COT_14, COT_15, COT_16, COT_17, COT_18, COT_19, COT_20, COT_21, COT_22)
values (5483, '2. Mࠣ ߿ ࠵ ߿i thuߠ ', null, null, null, null, null, null, null, null, null, null, null, 16, '03_3B_TNDN13', null, null, null, null, null, null, null, null, null, null, null, null);

insert into RCV_GDIEN_TKHAI (ID, TEN_CTIEU, COT_01, COT_02, COT_03, COT_04, COT_05, COT_06, COT_07, COT_08, COT_09, COT_10, COT_11, SO_TT, LOAI_DLIEU, MA_CTIEU, COT_12, COT_13, COT_14, COT_15, COT_16, COT_17, COT_18, COT_19, COT_20, COT_21, COT_22)
values (5484, '2.1- Thuߠsu࠴ thuߠthu nh࠰ doanh nghi࠰ ࠵ ߿i  ', '12', null, null, null, null, null, null, null, null, null, null, 17, '03_3B_TNDN13', '349', null, null, null, null, null, null, null, null, null, null, null);

insert into RCV_GDIEN_TKHAI (ID, TEN_CTIEU, COT_01, COT_02, COT_03, COT_04, COT_05, COT_06, COT_07, COT_08, COT_09, COT_10, COT_11, SO_TT, LOAI_DLIEU, MA_CTIEU, COT_12, COT_13, COT_14, COT_15, COT_16, COT_17, COT_18, COT_19, COT_20, COT_21, COT_22)
values (5485, '2.2- Thࠩ h࠮ ࠰ d࠮g thuߠsu࠴ ࠵ ߿i  ', '13', null, null, null, null, null, null, null, null, null, null, 18, '03_3B_TNDN13', '350', null, null, null, null, null, null, null, null, null, null, null);

insert into RCV_GDIEN_TKHAI (ID, TEN_CTIEU, COT_01, COT_02, COT_03, COT_04, COT_05, COT_06, COT_07, COT_08, COT_09, COT_10, COT_11, SO_TT, LOAI_DLIEU, MA_CTIEU, COT_12, COT_13, COT_14, COT_15, COT_16, COT_17, COT_18, COT_19, COT_20, COT_21, COT_22)
values (5486, 'n࠭, kߠtߠn࠭  ', '14', null, null, null, null, null, null, null, null, null, null, 19, '03_3B_TNDN13', '351', null, null, null, null, null, null, null, null, null, null, null);

insert into RCV_GDIEN_TKHAI (ID, TEN_CTIEU, COT_01, COT_02, COT_03, COT_04, COT_05, COT_06, COT_07, COT_08, COT_09, COT_10, COT_11, SO_TT, LOAI_DLIEU, MA_CTIEU, COT_12, COT_13, COT_14, COT_15, COT_16, COT_17, COT_18, COT_19, COT_20, COT_21, COT_22)
values (5487, '2.3- Thࠩ gian mi࠮ thuߠ ', '15', null, null, null, null, null, null, null, null, null, null, 20, '03_3B_TNDN13', '352', null, null, null, null, null, null, null, null, null, null, null);

insert into RCV_GDIEN_TKHAI (ID, TEN_CTIEU, COT_01, COT_02, COT_03, COT_04, COT_05, COT_06, COT_07, COT_08, COT_09, COT_10, COT_11, SO_TT, LOAI_DLIEU, MA_CTIEU, COT_12, COT_13, COT_14, COT_15, COT_16, COT_17, COT_18, COT_19, COT_20, COT_21, COT_22)
values (5488, 'n࠭, kߠtߠn࠭  ', '16', null, null, null, null, null, null, null, null, null, null, 21, '03_3B_TNDN13', '353', null, null, null, null, null, null, null, null, null, null, null);

insert into RCV_GDIEN_TKHAI (ID, TEN_CTIEU, COT_01, COT_02, COT_03, COT_04, COT_05, COT_06, COT_07, COT_08, COT_09, COT_10, COT_11, SO_TT, LOAI_DLIEU, MA_CTIEU, COT_12, COT_13, COT_14, COT_15, COT_16, COT_17, COT_18, COT_19, COT_20, COT_21, COT_22)
values (5489, '2.4- Thࠩ gian gi࠭ 50% sߠthuߠphࠩ n࠰  ', '17', null, null, null, null, null, null, null, null, null, null, 22, '03_3B_TNDN13', '354', null, null, null, null, null, null, null, null, null, null, null);

insert into RCV_GDIEN_TKHAI (ID, TEN_CTIEU, COT_01, COT_02, COT_03, COT_04, COT_05, COT_06, COT_07, COT_08, COT_09, COT_10, COT_11, SO_TT, LOAI_DLIEU, MA_CTIEU, COT_12, COT_13, COT_14, COT_15, COT_16, COT_17, COT_18, COT_19, COT_20, COT_21, COT_22)
values (5490, 'n࠭, kߠtߠn࠭    ', '18', null, null, null, null, null, null, null, null, null, null, 23, '03_3B_TNDN13', '355', null, null, null, null, null, null, null, null, null, null, null);

insert into RCV_GDIEN_TKHAI (ID, TEN_CTIEU, COT_01, COT_02, COT_03, COT_04, COT_05, COT_06, COT_07, COT_08, COT_09, COT_10, COT_11, SO_TT, LOAI_DLIEU, MA_CTIEU, COT_12, COT_13, COT_14, COT_15, COT_16, COT_17, COT_18, COT_19, COT_20, COT_21, COT_22)
values (5491, 'Xࠣ ߿nh thu nh࠰ t࠮h thuߠt࠮g th࠭ ߿ࠣ h߿ng ࠵ ߿i   ', '3.0', null, null, null, null, null, null, null, null, null, null, 24, '03_3B_TNDN13', '542', null, null, null, null, null, null, null, null, null, null, null);

insert into RCV_GDIEN_TKHAI (ID, TEN_CTIEU, COT_01, COT_02, COT_03, COT_04, COT_05, COT_06, COT_07, COT_08, COT_09, COT_10, COT_11, SO_TT, LOAI_DLIEU, MA_CTIEU, COT_12, COT_13, COT_14, COT_15, COT_16, COT_17, COT_18, COT_19, COT_20, COT_21, COT_22)
values (5492, 'T࠮g nguy࠮ giߠTSCߠd࠮g cho s࠮ xu࠴, kinh doanh trong kߠt࠮h thuߠ ', '3.1', null, null, null, null, null, null, null, null, null, null, 25, '03_3B_TNDN13', '543', null, null, null, null, null, null, null, null, null, null, null);

insert into RCV_GDIEN_TKHAI (ID, TEN_CTIEU, COT_01, COT_02, COT_03, COT_04, COT_05, COT_06, COT_07, COT_08, COT_09, COT_10, COT_11, SO_TT, LOAI_DLIEU, MA_CTIEU, COT_12, COT_13, COT_14, COT_15, COT_16, COT_17, COT_18, COT_19, COT_20, COT_21, COT_22)
values (5493, 'T࠮g giߠtrߠTSCߠ߿u tߠmࠩ ߿ ߿a v࠯ s࠮ xu࠴ kinh doanh  ', '3.2', null, null, null, null, null, null, null, null, null, null, 26, '03_3B_TNDN13', '544', null, null, null, null, null, null, null, null, null, null, null);

insert into RCV_GDIEN_TKHAI (ID, TEN_CTIEU, COT_01, COT_02, COT_03, COT_04, COT_05, COT_06, COT_07, COT_08, COT_09, COT_10, COT_11, SO_TT, LOAI_DLIEU, MA_CTIEU, COT_12, COT_13, COT_14, COT_15, COT_16, COT_17, COT_18, COT_19, COT_20, COT_21, COT_22)
values (5494, 'T࠮g thu nh࠰ t࠮h thuߠtrong n࠭   ', '3.3', null, null, null, null, null, null, null, null, null, null, 27, '03_3B_TNDN13', '545', null, null, null, null, null, null, null, null, null, null, null);

insert into RCV_GDIEN_TKHAI (ID, TEN_CTIEU, COT_01, COT_02, COT_03, COT_04, COT_05, COT_06, COT_07, COT_08, COT_09, COT_10, COT_11, SO_TT, LOAI_DLIEU, MA_CTIEU, COT_12, COT_13, COT_14, COT_15, COT_16, COT_17, COT_18, COT_19, COT_20, COT_21, COT_22)
values (5495, 'Thu nh࠰ t࠮g th࠭ do ߿u tߠmang lࠩ ߿ࠣ mi࠮ hoࠣ gi࠭  ', '3.4', null, null, null, null, null, null, null, null, null, null, 28, '03_3B_TNDN13', '546', null, null, null, null, null, null, null, null, null, null, null);

insert into RCV_GDIEN_TKHAI (ID, TEN_CTIEU, COT_01, COT_02, COT_03, COT_04, COT_05, COT_06, COT_07, COT_08, COT_09, COT_10, COT_11, SO_TT, LOAI_DLIEU, MA_CTIEU, COT_12, COT_13, COT_14, COT_15, COT_16, COT_17, COT_18, COT_19, COT_20, COT_21, COT_22)
values (5496, 'Xࠣ ߿nh sߠthuߠTNDN ch࠮h lࠣh do doanh nghi࠰ h߿ng thuߠsu࠴ ࠵ ߿i   ', '4.0', null, null, null, null, null, null, null, null, null, null, 29, '03_3B_TNDN13', '547', null, null, null, null, null, null, null, null, null, null, null);

insert into RCV_GDIEN_TKHAI (ID, TEN_CTIEU, COT_01, COT_02, COT_03, COT_04, COT_05, COT_06, COT_07, COT_08, COT_09, COT_10, COT_11, SO_TT, LOAI_DLIEU, MA_CTIEU, COT_12, COT_13, COT_14, COT_15, COT_16, COT_17, COT_18, COT_19, COT_20, COT_21, COT_22)
values (5497, 'ThuߠTNDN t࠮h theo thuߠsu࠴ phߠth࠮g (25%)   ', '4.1', null, null, null, null, null, null, null, null, null, null, 30, '03_3B_TNDN13', '548', null, null, null, null, null, null, null, null, null, null, null);

insert into RCV_GDIEN_TKHAI (ID, TEN_CTIEU, COT_01, COT_02, COT_03, COT_04, COT_05, COT_06, COT_07, COT_08, COT_09, COT_10, COT_11, SO_TT, LOAI_DLIEU, MA_CTIEU, COT_12, COT_13, COT_14, COT_15, COT_16, COT_17, COT_18, COT_19, COT_20, COT_21, COT_22)
values (5498, 'ThuߠTNDN t࠮h theo thuߠsu࠴ ࠵ ߿i   ', '4.2', null, null, null, null, null, null, null, null, null, null, 31, '03_3B_TNDN13', '549', null, null, null, null, null, null, null, null, null, null, null);

insert into RCV_GDIEN_TKHAI (ID, TEN_CTIEU, COT_01, COT_02, COT_03, COT_04, COT_05, COT_06, COT_07, COT_08, COT_09, COT_10, COT_11, SO_TT, LOAI_DLIEU, MA_CTIEU, COT_12, COT_13, COT_14, COT_15, COT_16, COT_17, COT_18, COT_19, COT_20, COT_21, COT_22)
values (5499, 'ThuߠTNDN ch࠮h lࠣh [7] = [5] ߠ[6]   ', '4.3', null, null, null, null, null, null, null, null, null, null, 32, '03_3B_TNDN13', '550', null, null, null, null, null, null, null, null, null, null, null);

insert into RCV_GDIEN_TKHAI (ID, TEN_CTIEU, COT_01, COT_02, COT_03, COT_04, COT_05, COT_06, COT_07, COT_08, COT_09, COT_10, COT_11, SO_TT, LOAI_DLIEU, MA_CTIEU, COT_12, COT_13, COT_14, COT_15, COT_16, COT_17, COT_18, COT_19, COT_20, COT_21, COT_22)
values (5004, 'Xࠣ ߿nh sߠthuߠ߿ࠣ mi࠮, gi࠭ trong kߠt࠮h thuߠ  ', '5.0', null, null, null, null, null, null, null, null, null, null, 33, '03_3B_TNDN13', '551', null, null, null, null, null, null, null, null, null, null, null);

insert into RCV_GDIEN_TKHAI (ID, TEN_CTIEU, COT_01, COT_02, COT_03, COT_04, COT_05, COT_06, COT_07, COT_08, COT_09, COT_10, COT_11, SO_TT, LOAI_DLIEU, MA_CTIEU, COT_12, COT_13, COT_14, COT_15, COT_16, COT_17, COT_18, COT_19, COT_20, COT_21, COT_22)
values (5005, 'Thuߠsu࠴ thuߠTNDN ࠡng ࠰ d࠮g (%)   ', '5.1', null, null, null, null, null, null, null, null, null, null, 34, '03_3B_TNDN13', '552', null, null, null, null, null, null, null, null, null, null, null);

insert into RCV_GDIEN_TKHAI (ID, TEN_CTIEU, COT_01, COT_02, COT_03, COT_04, COT_05, COT_06, COT_07, COT_08, COT_09, COT_10, COT_11, SO_TT, LOAI_DLIEU, MA_CTIEU, COT_12, COT_13, COT_14, COT_15, COT_16, COT_17, COT_18, COT_19, COT_20, COT_21, COT_22)
values (5006, 'Thuߠthu nh࠰ doanh nghi࠰ phࠩ n࠰   ', '5.2', null, null, null, null, null, null, null, null, null, null, 35, '03_3B_TNDN13', '553', null, null, null, null, null, null, null, null, null, null, null);

insert into RCV_GDIEN_TKHAI (ID, TEN_CTIEU, COT_01, COT_02, COT_03, COT_04, COT_05, COT_06, COT_07, COT_08, COT_09, COT_10, COT_11, SO_TT, LOAI_DLIEU, MA_CTIEU, COT_12, COT_13, COT_14, COT_15, COT_16, COT_17, COT_18, COT_19, COT_20, COT_21, COT_22)
values (5007, 'TߠlߠthuߠTNDN ߿ࠣ mi࠮ hoࠣ gi࠭ (%)   ', '5.3', null, null, null, null, null, null, null, null, null, null, 36, '03_3B_TNDN13', '554', null, null, null, null, null, null, null, null, null, null, null);

insert into RCV_GDIEN_TKHAI (ID, TEN_CTIEU, COT_01, COT_02, COT_03, COT_04, COT_05, COT_06, COT_07, COT_08, COT_09, COT_10, COT_11, SO_TT, LOAI_DLIEU, MA_CTIEU, COT_12, COT_13, COT_14, COT_15, COT_16, COT_17, COT_18, COT_19, COT_20, COT_21, COT_22)
values (5008, 'ThuߠThu nh࠰ doanh nghi࠰ ߿ࠣ mi࠮, gi࠭  ', '5.4', null, null, null, null, null, null, null, null, null, null, 37, '03_3B_TNDN13', '555', null, null, null, null, null, null, null, null, null, null, null);
	--RCV_MAP_CTIEU
insert into RCV_MAP_CTIEU (LOAI_DLIEU, KY_HIEU, KIEU_DLIEU, GDN_ID, KY_HIEU_CTIEU)
values ('03_3B_TNDN13', '1', 'C', 5470, null);

insert into RCV_MAP_CTIEU (LOAI_DLIEU, KY_HIEU, KIEU_DLIEU, GDN_ID, KY_HIEU_CTIEU)
values ('03_3B_TNDN13', '10', 'C', 5481, null);

insert into RCV_MAP_CTIEU (LOAI_DLIEU, KY_HIEU, KIEU_DLIEU, GDN_ID, KY_HIEU_CTIEU)
values ('03_3B_TNDN13', '11', 'C', 5482, null);

insert into RCV_MAP_CTIEU (LOAI_DLIEU, KY_HIEU, KIEU_DLIEU, GDN_ID, KY_HIEU_CTIEU)
values ('03_3B_TNDN13', '12', 'N', 5484, null);

insert into RCV_MAP_CTIEU (LOAI_DLIEU, KY_HIEU, KIEU_DLIEU, GDN_ID, KY_HIEU_CTIEU)
values ('03_3B_TNDN13', '13', 'C', 5485, null);

insert into RCV_MAP_CTIEU (LOAI_DLIEU, KY_HIEU, KIEU_DLIEU, GDN_ID, KY_HIEU_CTIEU)
values ('03_3B_TNDN13', '14', 'C', 5486, null);

insert into RCV_MAP_CTIEU (LOAI_DLIEU, KY_HIEU, KIEU_DLIEU, GDN_ID, KY_HIEU_CTIEU)
values ('03_3B_TNDN13', '15', 'C', 5487, null);

insert into RCV_MAP_CTIEU (LOAI_DLIEU, KY_HIEU, KIEU_DLIEU, GDN_ID, KY_HIEU_CTIEU)
values ('03_3B_TNDN13', '16', 'C', 5488, null);

insert into RCV_MAP_CTIEU (LOAI_DLIEU, KY_HIEU, KIEU_DLIEU, GDN_ID, KY_HIEU_CTIEU)
values ('03_3B_TNDN13', '17', 'C', 5489, null);

insert into RCV_MAP_CTIEU (LOAI_DLIEU, KY_HIEU, KIEU_DLIEU, GDN_ID, KY_HIEU_CTIEU)
values ('03_3B_TNDN13', '18', 'C', 5490, null);

insert into RCV_MAP_CTIEU (LOAI_DLIEU, KY_HIEU, KIEU_DLIEU, GDN_ID, KY_HIEU_CTIEU)
values ('03_3B_TNDN13', '2', 'C', 5471, null);

insert into RCV_MAP_CTIEU (LOAI_DLIEU, KY_HIEU, KIEU_DLIEU, GDN_ID, KY_HIEU_CTIEU)
values ('03_3B_TNDN13', '3', 'C', 5472, null);

insert into RCV_MAP_CTIEU (LOAI_DLIEU, KY_HIEU, KIEU_DLIEU, GDN_ID, KY_HIEU_CTIEU)
values ('03_3B_TNDN13', '3.0', 'N', 5491, null);

insert into RCV_MAP_CTIEU (LOAI_DLIEU, KY_HIEU, KIEU_DLIEU, GDN_ID, KY_HIEU_CTIEU)
values ('03_3B_TNDN13', '3.1', 'N', 5492, '[01]');

insert into RCV_MAP_CTIEU (LOAI_DLIEU, KY_HIEU, KIEU_DLIEU, GDN_ID, KY_HIEU_CTIEU)
values ('03_3B_TNDN13', '3.2', 'N', 5493, '[02]');

insert into RCV_MAP_CTIEU (LOAI_DLIEU, KY_HIEU, KIEU_DLIEU, GDN_ID, KY_HIEU_CTIEU)
values ('03_3B_TNDN13', '3.3', 'N', 5494, '[03]');

insert into RCV_MAP_CTIEU (LOAI_DLIEU, KY_HIEU, KIEU_DLIEU, GDN_ID, KY_HIEU_CTIEU)
values ('03_3B_TNDN13', '3.4', 'N', 5495, '[04]');

insert into RCV_MAP_CTIEU (LOAI_DLIEU, KY_HIEU, KIEU_DLIEU, GDN_ID, KY_HIEU_CTIEU)
values ('03_3B_TNDN13', '4', 'C', 5473, null);

insert into RCV_MAP_CTIEU (LOAI_DLIEU, KY_HIEU, KIEU_DLIEU, GDN_ID, KY_HIEU_CTIEU)
values ('03_3B_TNDN13', '4.0', 'N', 5496, null);

insert into RCV_MAP_CTIEU (LOAI_DLIEU, KY_HIEU, KIEU_DLIEU, GDN_ID, KY_HIEU_CTIEU)
values ('03_3B_TNDN13', '4.1', 'N', 5497, '[05]');

insert into RCV_MAP_CTIEU (LOAI_DLIEU, KY_HIEU, KIEU_DLIEU, GDN_ID, KY_HIEU_CTIEU)
values ('03_3B_TNDN13', '4.2', 'N', 5498, '[06]');

insert into RCV_MAP_CTIEU (LOAI_DLIEU, KY_HIEU, KIEU_DLIEU, GDN_ID, KY_HIEU_CTIEU)
values ('03_3B_TNDN13', '4.3', 'N', 5499, '[07]');

insert into RCV_MAP_CTIEU (LOAI_DLIEU, KY_HIEU, KIEU_DLIEU, GDN_ID, KY_HIEU_CTIEU)
values ('03_3B_TNDN13', '5', 'C', 5474, null);

insert into RCV_MAP_CTIEU (LOAI_DLIEU, KY_HIEU, KIEU_DLIEU, GDN_ID, KY_HIEU_CTIEU)
values ('03_3B_TNDN13', '5.0', 'N', 5004, null);

insert into RCV_MAP_CTIEU (LOAI_DLIEU, KY_HIEU, KIEU_DLIEU, GDN_ID, KY_HIEU_CTIEU)
values ('03_3B_TNDN13', '5.1', 'N', 5005, '[08]');

insert into RCV_MAP_CTIEU (LOAI_DLIEU, KY_HIEU, KIEU_DLIEU, GDN_ID, KY_HIEU_CTIEU)
values ('03_3B_TNDN13', '5.2', 'N', 5006, '[09]');

insert into RCV_MAP_CTIEU (LOAI_DLIEU, KY_HIEU, KIEU_DLIEU, GDN_ID, KY_HIEU_CTIEU)
values ('03_3B_TNDN13', '5.3', 'N', 5007, '[10]');

insert into RCV_MAP_CTIEU (LOAI_DLIEU, KY_HIEU, KIEU_DLIEU, GDN_ID, KY_HIEU_CTIEU)
values ('03_3B_TNDN13', '5.4', 'N', 5008, '[11]');

insert into RCV_MAP_CTIEU (LOAI_DLIEU, KY_HIEU, KIEU_DLIEU, GDN_ID, KY_HIEU_CTIEU)
values ('03_3B_TNDN13', '6', 'C', 5476, null);

insert into RCV_MAP_CTIEU (LOAI_DLIEU, KY_HIEU, KIEU_DLIEU, GDN_ID, KY_HIEU_CTIEU)
values ('03_3B_TNDN13', '7', 'C', 5477, null);

insert into RCV_MAP_CTIEU (LOAI_DLIEU, KY_HIEU, KIEU_DLIEU, GDN_ID, KY_HIEU_CTIEU)
values ('03_3B_TNDN13', '8', 'C', 5479, null);

insert into RCV_MAP_CTIEU (LOAI_DLIEU, KY_HIEU, KIEU_DLIEU, GDN_ID, KY_HIEU_CTIEU)
values ('03_3B_TNDN13', '9', 'C', 5480, null);	

-------------------------
---Phu luc 03-5/TNDN-----
-------------------------
insert into RCV_DM_TKHAI (MA, TEN, KIEU_KY, PHIEN_BAN, START_DATE, END_DATE)
values ('03_5_TNDN13', 'Phߠlࠣ 03_5 Thu nh࠰ doanh nghi࠰', 'Y', '320', null, null);
	--RCV_GDIEN_TKHAI
insert into RCV_GDIEN_TKHAI (ID, TEN_CTIEU, COT_01, COT_02, COT_03, COT_04, COT_05, COT_06, COT_07, COT_08, COT_09, COT_10, COT_11, SO_TT, LOAI_DLIEU, MA_CTIEU, COT_12, COT_13, COT_14, COT_15, COT_16, COT_17, COT_18, COT_19, COT_20, COT_21, COT_22)
values (5009, 'Doanh thu t¿ ho¿t ¿¿ng chuy¿n nh¿¿ng b¿t ¿¿ng s¿n ', '1', null, null, null, null, null, null, null, null, null, null, 1, '03_5_TNDN13', '490', null, null, null, null, null, null, null, null, null, null, null);

insert into RCV_GDIEN_TKHAI (ID, TEN_CTIEU, COT_01, COT_02, COT_03, COT_04, COT_05, COT_06, COT_07, COT_08, COT_09, COT_10, COT_11, SO_TT, LOAI_DLIEU, MA_CTIEU, COT_12, COT_13, COT_14, COT_15, COT_16, COT_17, COT_18, COT_19, COT_20, COT_21, COT_22)
values (5027, 'Chi ph¿ t¿ ho¿t ¿¿ng chuy¿n nh¿¿ng b¿t ¿¿ng s¿n ', '2', null, null, null, null, null, null, null, null, null, null, 2, '03_5_TNDN13', '491', null, null, null, null, null, null, null, null, null, null, null);

insert into RCV_GDIEN_TKHAI (ID, TEN_CTIEU, COT_01, COT_02, COT_03, COT_04, COT_05, COT_06, COT_07, COT_08, COT_09, COT_10, COT_11, SO_TT, LOAI_DLIEU, MA_CTIEU, COT_12, COT_13, COT_14, COT_15, COT_16, COT_17, COT_18, COT_19, COT_20, COT_21, COT_22)
values (5028, '- Gi¿ v¿n c¿a ¿¿t chuy¿n nh¿¿ng ', '3', null, null, null, null, null, null, null, null, null, null, 3, '03_5_TNDN13', '492', null, null, null, null, null, null, null, null, null, null, null);

insert into RCV_GDIEN_TKHAI (ID, TEN_CTIEU, COT_01, COT_02, COT_03, COT_04, COT_05, COT_06, COT_07, COT_08, COT_09, COT_10, COT_11, SO_TT, LOAI_DLIEU, MA_CTIEU, COT_12, COT_13, COT_14, COT_15, COT_16, COT_17, COT_18, COT_19, COT_20, COT_21, COT_22)
values (5040, '- Chi ph¿ ¿¿n b¿ thi¿t h¿i v¿ ¿¿t ', '4', null, null, null, null, null, null, null, null, null, null, 4, '03_5_TNDN13', '493', null, null, null, null, null, null, null, null, null, null, null);

insert into RCV_GDIEN_TKHAI (ID, TEN_CTIEU, COT_01, COT_02, COT_03, COT_04, COT_05, COT_06, COT_07, COT_08, COT_09, COT_10, COT_11, SO_TT, LOAI_DLIEU, MA_CTIEU, COT_12, COT_13, COT_14, COT_15, COT_16, COT_17, COT_18, COT_19, COT_20, COT_21, COT_22)
values (5013, '- Chi ph¿ ¿¿n b¿ thi¿t h¿i v¿ hoa m¿u ', '5', null, null, null, null, null, null, null, null, null, null, 5, '03_5_TNDN13', '494', null, null, null, null, null, null, null, null, null, null, null);

insert into RCV_GDIEN_TKHAI (ID, TEN_CTIEU, COT_01, COT_02, COT_03, COT_04, COT_05, COT_06, COT_07, COT_08, COT_09, COT_10, COT_11, SO_TT, LOAI_DLIEU, MA_CTIEU, COT_12, COT_13, COT_14, COT_15, COT_16, COT_17, COT_18, COT_19, COT_20, COT_21, COT_22)
values (5029, '- Chi ph¿ c¿i t¿o san l¿p m¿t b¿ng ', '6', null, null, null, null, null, null, null, null, null, null, 6, '03_5_TNDN13', '495', null, null, null, null, null, null, null, null, null, null, null);

insert into RCV_GDIEN_TKHAI (ID, TEN_CTIEU, COT_01, COT_02, COT_03, COT_04, COT_05, COT_06, COT_07, COT_08, COT_09, COT_10, COT_11, SO_TT, LOAI_DLIEU, MA_CTIEU, COT_12, COT_13, COT_14, COT_15, COT_16, COT_17, COT_18, COT_19, COT_20, COT_21, COT_22)
values (5041, '- Chi ph¿ ¿¿u t¿ x¿y d¿ng k¿t c¿u h¿ t¿ng ', '7', null, null, null, null, null, null, null, null, null, null, 7, '03_5_TNDN13', '496', null, null, null, null, null, null, null, null, null, null, null);

insert into RCV_GDIEN_TKHAI (ID, TEN_CTIEU, COT_01, COT_02, COT_03, COT_04, COT_05, COT_06, COT_07, COT_08, COT_09, COT_10, COT_11, SO_TT, LOAI_DLIEU, MA_CTIEU, COT_12, COT_13, COT_14, COT_15, COT_16, COT_17, COT_18, COT_19, COT_20, COT_21, COT_22)
values (5042, '- Chi ph¿ kh¿c ', '8', null, null, null, null, null, null, null, null, null, null, 8, '03_5_TNDN13', '497', null, null, null, null, null, null, null, null, null, null, null);

insert into RCV_GDIEN_TKHAI (ID, TEN_CTIEU, COT_01, COT_02, COT_03, COT_04, COT_05, COT_06, COT_07, COT_08, COT_09, COT_10, COT_11, SO_TT, LOAI_DLIEU, MA_CTIEU, COT_12, COT_13, COT_14, COT_15, COT_16, COT_17, COT_18, COT_19, COT_20, COT_21, COT_22)
values (5017, 'Thu nh¿p t¿ ho¿t ¿¿ng chuy¿n nh¿¿ng b¿t ¿¿ng s¿n ([09]=[01]-[02]) ', '9', null, null, null, null, null, null, null, null, null, null, 9, '03_5_TNDN13', '498', null, null, null, null, null, null, null, null, null, null, null);

insert into RCV_GDIEN_TKHAI (ID, TEN_CTIEU, COT_01, COT_02, COT_03, COT_04, COT_05, COT_06, COT_07, COT_08, COT_09, COT_10, COT_11, SO_TT, LOAI_DLIEU, MA_CTIEU, COT_12, COT_13, COT_14, COT_15, COT_16, COT_17, COT_18, COT_19, COT_20, COT_21, COT_22)
values (5018, 'S¿ l¿ t¿ ho¿t ¿¿ng chuy¿n nh¿¿ng b¿t ¿¿ng s¿n t¿ nh¿ng n¿m tr¿¿c ¿¿¿c chuy¿n sang ', '10', null, null, null, null, null, null, null, null, null, null, 10, '03_5_TNDN13', '499', null, null, null, null, null, null, null, null, null, null, null);

insert into RCV_GDIEN_TKHAI (ID, TEN_CTIEU, COT_01, COT_02, COT_03, COT_04, COT_05, COT_06, COT_07, COT_08, COT_09, COT_10, COT_11, SO_TT, LOAI_DLIEU, MA_CTIEU, COT_12, COT_13, COT_14, COT_15, COT_16, COT_17, COT_18, COT_19, COT_20, COT_21, COT_22)
values (5043, 'Thu nh¿p t¿nh thu¿ TNDN t¿ ho¿t ¿¿ng chuy¿n nh¿¿ng b¿t ¿¿ng s¿n ([11]=[09]-[10]) ', '11', null, null, null, null, null, null, null, null, null, null, 11, '03_5_TNDN13', '500', null, null, null, null, null, null, null, null, null, null, null);

insert into RCV_GDIEN_TKHAI (ID, TEN_CTIEU, COT_01, COT_02, COT_03, COT_04, COT_05, COT_06, COT_07, COT_08, COT_09, COT_10, COT_11, SO_TT, LOAI_DLIEU, MA_CTIEU, COT_12, COT_13, COT_14, COT_15, COT_16, COT_17, COT_18, COT_19, COT_20, COT_21, COT_22)
values (5045, 'Tr¿ch l¿p Qu¿ khoa h¿c c¿ng ngh¿ (n¿u c¿) ', '12', null, null, null, null, null, null, null, null, null, null, 12, '03_5_TNDN13', '501', null, null, null, null, null, null, null, null, null, null, null);

insert into RCV_GDIEN_TKHAI (ID, TEN_CTIEU, COT_01, COT_02, COT_03, COT_04, COT_05, COT_06, COT_07, COT_08, COT_09, COT_10, COT_11, SO_TT, LOAI_DLIEU, MA_CTIEU, COT_12, COT_13, COT_14, COT_15, COT_16, COT_17, COT_18, COT_19, COT_20, COT_21, COT_22)
values (5021, 'Thu nh¿p t¿nh thu¿ TNDN sau khi tr¿ tr¿ch l¿p Qu¿ KHCN ([13]=[11]-[12]) ', '13', null, null, null, null, null, null, null, null, null, null, 13, '03_5_TNDN13', '502', null, null, null, null, null, null, null, null, null, null, null);

insert into RCV_GDIEN_TKHAI (ID, TEN_CTIEU, COT_01, COT_02, COT_03, COT_04, COT_05, COT_06, COT_07, COT_08, COT_09, COT_10, COT_11, SO_TT, LOAI_DLIEU, MA_CTIEU, COT_12, COT_13, COT_14, COT_15, COT_16, COT_17, COT_18, COT_19, COT_20, COT_21, COT_22)
values (5022, 'Thu¿ su¿t thu¿ TNDN (25%) ', '14', null, null, null, null, null, null, null, null, null, null, 14, '03_5_TNDN13', '503', null, null, null, null, null, null, null, null, null, null, null);

insert into RCV_GDIEN_TKHAI (ID, TEN_CTIEU, COT_01, COT_02, COT_03, COT_04, COT_05, COT_06, COT_07, COT_08, COT_09, COT_10, COT_11, SO_TT, LOAI_DLIEU, MA_CTIEU, COT_12, COT_13, COT_14, COT_15, COT_16, COT_17, COT_18, COT_19, COT_20, COT_21, COT_22)
values (5023, 'Thu¿ TNDN ph¿i n¿p ([15]=[13] x [14]) ', '15', null, null, null, null, null, null, null, null, null, null, 15, '03_5_TNDN13', '504', null, null, null, null, null, null, null, null, null, null, null);

insert into RCV_GDIEN_TKHAI (ID, TEN_CTIEU, COT_01, COT_02, COT_03, COT_04, COT_05, COT_06, COT_07, COT_08, COT_09, COT_10, COT_11, SO_TT, LOAI_DLIEU, MA_CTIEU, COT_12, COT_13, COT_14, COT_15, COT_16, COT_17, COT_18, COT_19, COT_20, COT_21, COT_22)
values (5024, 'Thu¿ TNDN ¿¿ n¿p ¿ ¿¿a ph¿¿ng kh¿c ', '16', null, null, null, null, null, null, null, null, null, null, 16, '03_5_TNDN13', '505', null, null, null, null, null, null, null, null, null, null, null);

insert into RCV_GDIEN_TKHAI (ID, TEN_CTIEU, COT_01, COT_02, COT_03, COT_04, COT_05, COT_06, COT_07, COT_08, COT_09, COT_10, COT_11, SO_TT, LOAI_DLIEU, MA_CTIEU, COT_12, COT_13, COT_14, COT_15, COT_16, COT_17, COT_18, COT_19, COT_20, COT_21, COT_22)
values (5025, 'Thu¿ TNDN ¿¿ t¿m n¿p k¿ khai theo ti¿n ¿¿', '17', null, null, null, null, null, null, null, null, null, null, 17, '03_5_TNDN13', '506', null, null, null, null, null, null, null, null, null, null, null);

insert into RCV_GDIEN_TKHAI (ID, TEN_CTIEU, COT_01, COT_02, COT_03, COT_04, COT_05, COT_06, COT_07, COT_08, COT_09, COT_10, COT_11, SO_TT, LOAI_DLIEU, MA_CTIEU, COT_12, COT_13, COT_14, COT_15, COT_16, COT_17, COT_18, COT_19, COT_20, COT_21, COT_22)
values (5044, 'Thu¿ TNDN c¿n ph¿i n¿p ([18] = [15] - [16] - [17])', '18', null, null, null, null, null, null, null, null, null, null, 18, '03_5_TNDN13', '507', null, null, null, null, null, null, null, null, null, null, null);
	--RCV_MAP_CTIEU
insert into RCV_MAP_CTIEU (LOAI_DLIEU, KY_HIEU, KIEU_DLIEU, GDN_ID, KY_HIEU_CTIEU)
values ('03_5_TNDN13', '1', 'N', 5009, '[01]');

insert into RCV_MAP_CTIEU (LOAI_DLIEU, KY_HIEU, KIEU_DLIEU, GDN_ID, KY_HIEU_CTIEU)
values ('03_5_TNDN13', '10', 'N', 5018, '[10]');

insert into RCV_MAP_CTIEU (LOAI_DLIEU, KY_HIEU, KIEU_DLIEU, GDN_ID, KY_HIEU_CTIEU)
values ('03_5_TNDN13', '11', 'N', 5043, '[11]');

insert into RCV_MAP_CTIEU (LOAI_DLIEU, KY_HIEU, KIEU_DLIEU, GDN_ID, KY_HIEU_CTIEU)
values ('03_5_TNDN13', '12', 'N', 5045, '[12]');

insert into RCV_MAP_CTIEU (LOAI_DLIEU, KY_HIEU, KIEU_DLIEU, GDN_ID, KY_HIEU_CTIEU)
values ('03_5_TNDN13', '13', 'N', 5021, '[13]');

insert into RCV_MAP_CTIEU (LOAI_DLIEU, KY_HIEU, KIEU_DLIEU, GDN_ID, KY_HIEU_CTIEU)
values ('03_5_TNDN13', '14', 'N', 5022, '[14]');

insert into RCV_MAP_CTIEU (LOAI_DLIEU, KY_HIEU, KIEU_DLIEU, GDN_ID, KY_HIEU_CTIEU)
values ('03_5_TNDN13', '15', 'N', 5023, '[15]');

insert into RCV_MAP_CTIEU (LOAI_DLIEU, KY_HIEU, KIEU_DLIEU, GDN_ID, KY_HIEU_CTIEU)
values ('03_5_TNDN13', '16', 'N', 5024, '[16]');

insert into RCV_MAP_CTIEU (LOAI_DLIEU, KY_HIEU, KIEU_DLIEU, GDN_ID, KY_HIEU_CTIEU)
values ('03_5_TNDN13', '17', 'N', 5025, '[17]');

insert into RCV_MAP_CTIEU (LOAI_DLIEU, KY_HIEU, KIEU_DLIEU, GDN_ID, KY_HIEU_CTIEU)
values ('03_5_TNDN13', '18', 'N', 5044, '[18]');

insert into RCV_MAP_CTIEU (LOAI_DLIEU, KY_HIEU, KIEU_DLIEU, GDN_ID, KY_HIEU_CTIEU)
values ('03_5_TNDN13', '2', 'N', 5027, '[02]');

insert into RCV_MAP_CTIEU (LOAI_DLIEU, KY_HIEU, KIEU_DLIEU, GDN_ID, KY_HIEU_CTIEU)
values ('03_5_TNDN13', '3', 'N', 5028, '[03]');

insert into RCV_MAP_CTIEU (LOAI_DLIEU, KY_HIEU, KIEU_DLIEU, GDN_ID, KY_HIEU_CTIEU)
values ('03_5_TNDN13', '4', 'N', 5040, '[04]');

insert into RCV_MAP_CTIEU (LOAI_DLIEU, KY_HIEU, KIEU_DLIEU, GDN_ID, KY_HIEU_CTIEU)
values ('03_5_TNDN13', '5', 'N', 5013, '[05]');

insert into RCV_MAP_CTIEU (LOAI_DLIEU, KY_HIEU, KIEU_DLIEU, GDN_ID, KY_HIEU_CTIEU)
values ('03_5_TNDN13', '6', 'N', 5029, '[06]');

insert into RCV_MAP_CTIEU (LOAI_DLIEU, KY_HIEU, KIEU_DLIEU, GDN_ID, KY_HIEU_CTIEU)
values ('03_5_TNDN13', '7', 'N', 5041, '[07]');

insert into RCV_MAP_CTIEU (LOAI_DLIEU, KY_HIEU, KIEU_DLIEU, GDN_ID, KY_HIEU_CTIEU)
values ('03_5_TNDN13', '8', 'N', 5042, '[08]');

insert into RCV_MAP_CTIEU (LOAI_DLIEU, KY_HIEU, KIEU_DLIEU, GDN_ID, KY_HIEU_CTIEU)
values ('03_5_TNDN13', '9', 'N', 5017, '[09]');
