-------------------------
---04/NTNN---------------
-------------------------
insert into RCV_DM_TKHAI (MA, TEN, KIEU_KY, PHIEN_BAN, START_DATE, END_DATE)
values ('04_NTNN13', 'T¿ khai Quy¿t to¿n thu¿ nh¿ th¿u n¿¿c ngo¿i m¿u 04/NTNN', 'D', '320', to_date('01-07-2011', 'dd-mm-yyyy'), null);
	--RCV_GDIEN_TKHAI
insert into RCV_GDIEN_TKHAI (ID, TEN_CTIEU, COT_01, COT_02, COT_03, COT_04, COT_05, COT_06, COT_07, COT_08, COT_09, COT_10, COT_11, SO_TT, LOAI_DLIEU, MA_CTIEU, COT_12, COT_13, COT_14, COT_15, COT_16, COT_17, COT_18, COT_19, COT_20, COT_21, COT_22)
values (5570, 'S¿ h¿p ¿ng nh¿ th¿u ', '1', null, null, null, null, null, null, null, null, null, null, 1, '04_NTNN13', null, null, null, null, null, null, null, null, null, null, null, null);

insert into RCV_GDIEN_TKHAI (ID, TEN_CTIEU, COT_01, COT_02, COT_03, COT_04, COT_05, COT_06, COT_07, COT_08, COT_09, COT_10, COT_11, SO_TT, LOAI_DLIEU, MA_CTIEU, COT_12, COT_13, COT_14, COT_15, COT_16, COT_17, COT_18, COT_19, COT_20, COT_21, COT_22)
values (5571, 'Ng¿y k¿ h¿p ¿ng nh¿ th¿u ', '2', null, null, null, null, null, null, null, null, null, null, 2, '04_NTNN13', null, null, null, null, null, null, null, null, null, null, null, null);

insert into RCV_GDIEN_TKHAI (ID, TEN_CTIEU, COT_01, COT_02, COT_03, COT_04, COT_05, COT_06, COT_07, COT_08, COT_09, COT_10, COT_11, SO_TT, LOAI_DLIEU, MA_CTIEU, COT_12, COT_13, COT_14, COT_15, COT_16, COT_17, COT_18, COT_19, COT_20, COT_21, COT_22)
values (5572, 'Gi¿ tr¿ h¿p ¿ng', '3', '4', '5', '6', '7', null, null, null, null, null, null, 3, '04_NTNN13', null, null, null, null, null, null, null, null, null, null, null, null);

insert into RCV_GDIEN_TKHAI (ID, TEN_CTIEU, COT_01, COT_02, COT_03, COT_04, COT_05, COT_06, COT_07, COT_08, COT_09, COT_10, COT_11, SO_TT, LOAI_DLIEU, MA_CTIEU, COT_12, COT_13, COT_14, COT_15, COT_16, COT_17, COT_18, COT_19, COT_20, COT_21, COT_22)
values (5573, 'Doanh thu&', '8', '9', '10', '11', '12', null, null, null, null, null, null, 4, '04_NTNN13', null, null, null, null, null, null, null, null, null, null, null, null);

insert into RCV_GDIEN_TKHAI (ID, TEN_CTIEU, COT_01, COT_02, COT_03, COT_04, COT_05, COT_06, COT_07, COT_08, COT_09, COT_10, COT_11, SO_TT, LOAI_DLIEU, MA_CTIEU, COT_12, COT_13, COT_14, COT_15, COT_16, COT_17, COT_18, COT_19, COT_20, COT_21, COT_22)
values (5574, 'Doanh thu ph¿n vi¿c nh¿ th¿u ph¿ Vi¿t Nam th¿c hi¿n ¿¿c tr¿ (n¿u co)', '13', '14', '15', '16', '17', null, null, null, null, null, null, 5, '04_NTNN13', null, null, null, null, null, null, null, null, null, null, null, null);

insert into RCV_GDIEN_TKHAI (ID, TEN_CTIEU, COT_01, COT_02, COT_03, COT_04, COT_05, COT_06, COT_07, COT_08, COT_09, COT_10, COT_11, SO_TT, LOAI_DLIEU, MA_CTIEU, COT_12, COT_13, COT_14, COT_15, COT_16, COT_17, COT_18, COT_19, COT_20, COT_21, COT_22)
values (5575, 'Doanh thu t¿nh thu¿ (3)=(1)-(2)', '18', '19', '20', '21', '22', null, null, null, null, null, null, 6, '04_NTNN13', null, null, null, null, null, null, null, null, null, null, null, null);

insert into RCV_GDIEN_TKHAI (ID, TEN_CTIEU, COT_01, COT_02, COT_03, COT_04, COT_05, COT_06, COT_07, COT_08, COT_09, COT_10, COT_11, SO_TT, LOAI_DLIEU, MA_CTIEU, COT_12, COT_13, COT_14, COT_15, COT_16, COT_17, COT_18, COT_19, COT_20, COT_21, COT_22)
values (5576, 'S¿ thu¿ TNDN ph¿i n¿p ', '23', '24', '25', '26', '27', null, null, null, null, null, null, 7, '04_NTNN13', null, null, null, null, null, null, null, null, null, null, null, null);

insert into RCV_GDIEN_TKHAI (ID, TEN_CTIEU, COT_01, COT_02, COT_03, COT_04, COT_05, COT_06, COT_07, COT_08, COT_09, COT_10, COT_11, SO_TT, LOAI_DLIEU, MA_CTIEU, COT_12, COT_13, COT_14, COT_15, COT_16, COT_17, COT_18, COT_19, COT_20, COT_21, COT_22)
values (5577, 'S¿ thu¿ ¿ n¿p c¿a nh¿ th¿u n¿¿c ngo¿i', '28', '29', '30', '31', '32', null, null, null, null, null, null, 8, '04_NTNN13', null, null, null, null, null, null, null, null, null, null, null, null);

insert into RCV_GDIEN_TKHAI (ID, TEN_CTIEU, COT_01, COT_02, COT_03, COT_04, COT_05, COT_06, COT_07, COT_08, COT_09, COT_10, COT_11, SO_TT, LOAI_DLIEU, MA_CTIEU, COT_12, COT_13, COT_14, COT_15, COT_16, COT_17, COT_18, COT_19, COT_20, COT_21, COT_22)
values (5578, 'S¿ thu¿ nh¿ th¿u n¿¿c ngo¿i n¿p th¿a/thi¿u (6)=(4)-(5)', '33', '34', '35', '36', '37', null, null, null, null, null, null, 9, '04_NTNN13', null, null, null, null, null, null, null, null, null, null, null, null);
	
	--RCV_MAP_CTIEU	
insert into RCV_MAP_CTIEU (LOAI_DLIEU, KY_HIEU, KIEU_DLIEU, GDN_ID, KY_HIEU_CTIEU)
values ('04_NTNN13', '1', 'C', 5570, null);

insert into RCV_MAP_CTIEU (LOAI_DLIEU, KY_HIEU, KIEU_DLIEU, GDN_ID, KY_HIEU_CTIEU)
values ('04_NTNN13', '2', 'D', 5571, null);

insert into RCV_MAP_CTIEU (LOAI_DLIEU, KY_HIEU, KIEU_DLIEU, GDN_ID, KY_HIEU_CTIEU)
values ('04_NTNN13', '3', 'C', 5572, null);

insert into RCV_MAP_CTIEU (LOAI_DLIEU, KY_HIEU, KIEU_DLIEU, GDN_ID, KY_HIEU_CTIEU)
values ('04_NTNN13', '4', 'N', 5572, null);

insert into RCV_MAP_CTIEU (LOAI_DLIEU, KY_HIEU, KIEU_DLIEU, GDN_ID, KY_HIEU_CTIEU)
values ('04_NTNN13', '5', 'N', 5572, null);

insert into RCV_MAP_CTIEU (LOAI_DLIEU, KY_HIEU, KIEU_DLIEU, GDN_ID, KY_HIEU_CTIEU)
values ('04_NTNN13', '6', 'N', 5572, null);

insert into RCV_MAP_CTIEU (LOAI_DLIEU, KY_HIEU, KIEU_DLIEU, GDN_ID, KY_HIEU_CTIEU)
values ('04_NTNN13', '7', 'C', 5572, null);

insert into RCV_MAP_CTIEU (LOAI_DLIEU, KY_HIEU, KIEU_DLIEU, GDN_ID, KY_HIEU_CTIEU)
values ('04_NTNN13', '8', 'C', 5573, null);

insert into RCV_MAP_CTIEU (LOAI_DLIEU, KY_HIEU, KIEU_DLIEU, GDN_ID, KY_HIEU_CTIEU)
values ('04_NTNN13', '9', 'N', 5573, null);

insert into RCV_MAP_CTIEU (LOAI_DLIEU, KY_HIEU, KIEU_DLIEU, GDN_ID, KY_HIEU_CTIEU)
values ('04_NTNN13', '10', 'N', 5573, null);

insert into RCV_MAP_CTIEU (LOAI_DLIEU, KY_HIEU, KIEU_DLIEU, GDN_ID, KY_HIEU_CTIEU)
values ('04_NTNN13', '11', 'N', 5573, null);

insert into RCV_MAP_CTIEU (LOAI_DLIEU, KY_HIEU, KIEU_DLIEU, GDN_ID, KY_HIEU_CTIEU)
values ('04_NTNN13', '12', 'C', 5573, null);

insert into RCV_MAP_CTIEU (LOAI_DLIEU, KY_HIEU, KIEU_DLIEU, GDN_ID, KY_HIEU_CTIEU)
values ('04_NTNN13', '13', 'C', 5574, null);

insert into RCV_MAP_CTIEU (LOAI_DLIEU, KY_HIEU, KIEU_DLIEU, GDN_ID, KY_HIEU_CTIEU)
values ('04_NTNN13', '14', 'N', 5574, null);

insert into RCV_MAP_CTIEU (LOAI_DLIEU, KY_HIEU, KIEU_DLIEU, GDN_ID, KY_HIEU_CTIEU)
values ('04_NTNN13', '15', 'N', 5574, null);

insert into RCV_MAP_CTIEU (LOAI_DLIEU, KY_HIEU, KIEU_DLIEU, GDN_ID, KY_HIEU_CTIEU)
values ('04_NTNN13', '16', 'N', 5574, null);

insert into RCV_MAP_CTIEU (LOAI_DLIEU, KY_HIEU, KIEU_DLIEU, GDN_ID, KY_HIEU_CTIEU)
values ('04_NTNN13', '17', 'C', 5574, null);

insert into RCV_MAP_CTIEU (LOAI_DLIEU, KY_HIEU, KIEU_DLIEU, GDN_ID, KY_HIEU_CTIEU)
values ('04_NTNN13', '18', 'C', 5575, null);

insert into RCV_MAP_CTIEU (LOAI_DLIEU, KY_HIEU, KIEU_DLIEU, GDN_ID, KY_HIEU_CTIEU)
values ('04_NTNN13', '19', 'N', 5575, null);

insert into RCV_MAP_CTIEU (LOAI_DLIEU, KY_HIEU, KIEU_DLIEU, GDN_ID, KY_HIEU_CTIEU)
values ('04_NTNN13', '20', 'N', 5575, null);

insert into RCV_MAP_CTIEU (LOAI_DLIEU, KY_HIEU, KIEU_DLIEU, GDN_ID, KY_HIEU_CTIEU)
values ('04_NTNN13', '21', 'N', 5575, null);

insert into RCV_MAP_CTIEU (LOAI_DLIEU, KY_HIEU, KIEU_DLIEU, GDN_ID, KY_HIEU_CTIEU)
values ('04_NTNN13', '22', 'C', 5575, null);

insert into RCV_MAP_CTIEU (LOAI_DLIEU, KY_HIEU, KIEU_DLIEU, GDN_ID, KY_HIEU_CTIEU)
values ('04_NTNN13', '23', 'C', 5576, null);

insert into RCV_MAP_CTIEU (LOAI_DLIEU, KY_HIEU, KIEU_DLIEU, GDN_ID, KY_HIEU_CTIEU)
values ('04_NTNN13', '24', 'N', 5576, null);

insert into RCV_MAP_CTIEU (LOAI_DLIEU, KY_HIEU, KIEU_DLIEU, GDN_ID, KY_HIEU_CTIEU)
values ('04_NTNN13', '25', 'N', 5576, null);

insert into RCV_MAP_CTIEU (LOAI_DLIEU, KY_HIEU, KIEU_DLIEU, GDN_ID, KY_HIEU_CTIEU)
values ('04_NTNN13', '26', 'N', 5576, null);

insert into RCV_MAP_CTIEU (LOAI_DLIEU, KY_HIEU, KIEU_DLIEU, GDN_ID, KY_HIEU_CTIEU)
values ('04_NTNN13', '27', 'C', 5576, null);

insert into RCV_MAP_CTIEU (LOAI_DLIEU, KY_HIEU, KIEU_DLIEU, GDN_ID, KY_HIEU_CTIEU)
values ('04_NTNN13', '28', 'C', 5577, null);

insert into RCV_MAP_CTIEU (LOAI_DLIEU, KY_HIEU, KIEU_DLIEU, GDN_ID, KY_HIEU_CTIEU)
values ('04_NTNN13', '29', 'N', 5577, null);

insert into RCV_MAP_CTIEU (LOAI_DLIEU, KY_HIEU, KIEU_DLIEU, GDN_ID, KY_HIEU_CTIEU)
values ('04_NTNN13', '30', 'N', 5577, null);

insert into RCV_MAP_CTIEU (LOAI_DLIEU, KY_HIEU, KIEU_DLIEU, GDN_ID, KY_HIEU_CTIEU)
values ('04_NTNN13', '31', 'N', 5577, null);

insert into RCV_MAP_CTIEU (LOAI_DLIEU, KY_HIEU, KIEU_DLIEU, GDN_ID, KY_HIEU_CTIEU)
values ('04_NTNN13', '32', 'C', 5577, null);

insert into RCV_MAP_CTIEU (LOAI_DLIEU, KY_HIEU, KIEU_DLIEU, GDN_ID, KY_HIEU_CTIEU)
values ('04_NTNN13', '33', 'C', 5578, null);

insert into RCV_MAP_CTIEU (LOAI_DLIEU, KY_HIEU, KIEU_DLIEU, GDN_ID, KY_HIEU_CTIEU)
values ('04_NTNN13', '34', 'N', 5578, null);

insert into RCV_MAP_CTIEU (LOAI_DLIEU, KY_HIEU, KIEU_DLIEU, GDN_ID, KY_HIEU_CTIEU)
values ('04_NTNN13', '35', 'N', 5578, null);

insert into RCV_MAP_CTIEU (LOAI_DLIEU, KY_HIEU, KIEU_DLIEU, GDN_ID, KY_HIEU_CTIEU)
values ('04_NTNN13', '36', 'N', 5578, null);

insert into RCV_MAP_CTIEU (LOAI_DLIEU, KY_HIEU, KIEU_DLIEU, GDN_ID, KY_HIEU_CTIEU)
values ('04_NTNN13', '37', 'C', 5578, null);

-------------------------
--PL 04-1/NTNN-----------
-------------------------
insert into RCV_DM_TKHAI (MA, TEN, KIEU_KY, PHIEN_BAN, START_DATE, END_DATE)
values ('04_1_NTNN13', 'PHä LäC B¢NG KÊ CÁC NHÀ TH¦U PHä VIÆT NAM THAM GIA HâP ÒNG NHÀ TH¦U ', 'D', '320', to_date('01-07-2011', 'dd-mm-yyyy'), null);
	--RCV_GDIEN_TKHAI
insert into RCV_GDIEN_TKHAI (ID, TEN_CTIEU, COT_01, COT_02, COT_03, COT_04, COT_05, COT_06, COT_07, COT_08, COT_09, COT_10, COT_11, SO_TT, LOAI_DLIEU, MA_CTIEU, COT_12, COT_13, COT_14, COT_15, COT_16, COT_17, COT_18, COT_19, COT_20, COT_21, COT_22)
values (5580, 'BࠎG KߠCࠃ NHߠTHࠕ PHߠVIࠔ NAM THAM GIA Hࠐ ߿NG NHߠTHࠕ  ', '1', '2', '3', '4', '5', '6', '7', '8', '9', '10', '11', 1, '04_1_NTNN13', null, null, null, null, null, null, null, null, null, null, null, null);

insert into RCV_GDIEN_TKHAI (ID, TEN_CTIEU, COT_01, COT_02, COT_03, COT_04, COT_05, COT_06, COT_07, COT_08, COT_09, COT_10, COT_11, SO_TT, LOAI_DLIEU, MA_CTIEU, COT_12, COT_13, COT_14, COT_15, COT_16, COT_17, COT_18, COT_19, COT_20, COT_21, COT_22)
values (5581, 'T࠮g c࠮g ', null, null, null, null, null, null, null, null, '12', null, '13', 2, '04_1_NTNN13', null, null, null, null, null, null, null, null, null, null, null, null);
	--RCV_MAP_CTIEU
insert into RCV_MAP_CTIEU (LOAI_DLIEU, KY_HIEU, KIEU_DLIEU, GDN_ID, KY_HIEU_CTIEU)
values ('04_1_NTNN13', '1', 'C', 5580, null);

insert into RCV_MAP_CTIEU (LOAI_DLIEU, KY_HIEU, KIEU_DLIEU, GDN_ID, KY_HIEU_CTIEU)
values ('04_1_NTNN13', '2', 'C', 5580, null);

insert into RCV_MAP_CTIEU (LOAI_DLIEU, KY_HIEU, KIEU_DLIEU, GDN_ID, KY_HIEU_CTIEU)
values ('04_1_NTNN13', '3', 'C', 5580, null);

insert into RCV_MAP_CTIEU (LOAI_DLIEU, KY_HIEU, KIEU_DLIEU, GDN_ID, KY_HIEU_CTIEU)
values ('04_1_NTNN13', '4', 'C', 5580, null);

insert into RCV_MAP_CTIEU (LOAI_DLIEU, KY_HIEU, KIEU_DLIEU, GDN_ID, KY_HIEU_CTIEU)
values ('04_1_NTNN13', '5', 'C', 5580, null);

insert into RCV_MAP_CTIEU (LOAI_DLIEU, KY_HIEU, KIEU_DLIEU, GDN_ID, KY_HIEU_CTIEU)
values ('04_1_NTNN13', '6', 'C', 5580, null);

insert into RCV_MAP_CTIEU (LOAI_DLIEU, KY_HIEU, KIEU_DLIEU, GDN_ID, KY_HIEU_CTIEU)
values ('04_1_NTNN13', '7', 'C', 5580, null);

insert into RCV_MAP_CTIEU (LOAI_DLIEU, KY_HIEU, KIEU_DLIEU, GDN_ID, KY_HIEU_CTIEU)
values ('04_1_NTNN13', '8', 'N', 5580, null);

insert into RCV_MAP_CTIEU (LOAI_DLIEU, KY_HIEU, KIEU_DLIEU, GDN_ID, KY_HIEU_CTIEU)
values ('04_1_NTNN13', '9', 'N', 5580, null);

insert into RCV_MAP_CTIEU (LOAI_DLIEU, KY_HIEU, KIEU_DLIEU, GDN_ID, KY_HIEU_CTIEU)
values ('04_1_NTNN13', '10', 'N', 5580, null);

insert into RCV_MAP_CTIEU (LOAI_DLIEU, KY_HIEU, KIEU_DLIEU, GDN_ID, KY_HIEU_CTIEU)
values ('04_1_NTNN13', '11', 'N', 5580, null);

insert into RCV_MAP_CTIEU (LOAI_DLIEU, KY_HIEU, KIEU_DLIEU, GDN_ID, KY_HIEU_CTIEU)
values ('04_1_NTNN13', '12', 'N', 5581, null);

insert into RCV_MAP_CTIEU (LOAI_DLIEU, KY_HIEU, KIEU_DLIEU, GDN_ID, KY_HIEU_CTIEU)
values ('04_1_NTNN13', '13', 'N', 5581, null);	
	